{
  "type": "FeatureCollection",
  "name": "chengping_traffic_with_speeds",
  "metadata": {
    "generatedAt": "2026-08-09T10:18:14.564Z",
    "source": "public/data/cpgs84/RoadCenterLine.geojson",
    "roadName": "承平高速",
    "modelTileset": "public/3DTiles/WGS84/tileset.json",
    "modelBboxWgs84": {
      "minLon": 117.41293849378752,
      "minLat": 40.397006128099285,
      "maxLon": 117.41872913298535,
      "maxLat": 40.40143404286782
    },
    "mainlineSelectionBboxWgs84": {
      "minLon": 117.31857152529096,
      "maxLon": 117.5130961014819,
      "minLat": 40.324634136060205,
      "maxLat": 40.4738060349069
    },
    "timeRange": {
      "start": "2026-02-13T00:00:00",
      "intervalMinutes": 15,
      "count": 96
    },
    "speedLevelRule": [
      {
        "level": 1,
        "label": "畅通",
        "minSpeedInclusive": 90,
        "color": "green"
      },
      {
        "level": 2,
        "label": "基本畅通",
        "minSpeedInclusive": 70,
        "maxSpeedExclusive": 90,
        "color": "cyan"
      },
      {
        "level": 3,
        "label": "轻度拥堵",
        "minSpeedInclusive": 50,
        "maxSpeedExclusive": 70,
        "color": "yellow"
      },
      {
        "level": 4,
        "label": "中度拥堵",
        "minSpeedInclusive": 30,
        "maxSpeedExclusive": 50,
        "color": "orange"
      },
      {
        "level": 5,
        "label": "严重拥堵",
        "maxSpeedExclusive": 30,
        "color": "red"
      }
    ]
  },
  "features": [
    {
      "type": "Feature",
      "properties": {
        "Id": "CP-MAIN-001",
        "road_name": "承平高速主线",
        "roadRole": "mainline",
        "source": "RoadCenterLine.geojson",
        "sourceLayer": "RoadCenterLine",
        "sourceRecordNumber": 30,
        "segmentLengthMeters": 2201.7,
        "speedUnit": "km/h",
        "speeds": {
          "2026-02-13T00:00:00": 103.2,
          "2026-02-13T00:15:00": 103.9,
          "2026-02-13T00:30:00": 103.4,
          "2026-02-13T00:45:00": 102.6,
          "2026-02-13T01:00:00": 103.2,
          "2026-02-13T01:15:00": 102.3,
          "2026-02-13T01:30:00": 102.1,
          "2026-02-13T01:45:00": 102.2,
          "2026-02-13T02:00:00": 103.9,
          "2026-02-13T02:15:00": 104.4,
          "2026-02-13T02:30:00": 105.2,
          "2026-02-13T02:45:00": 103.9,
          "2026-02-13T03:00:00": 104.1,
          "2026-02-13T03:15:00": 102.2,
          "2026-02-13T03:30:00": 102.7,
          "2026-02-13T03:45:00": 106,
          "2026-02-13T04:00:00": 105.3,
          "2026-02-13T04:15:00": 103.8,
          "2026-02-13T04:30:00": 103.5,
          "2026-02-13T04:45:00": 104.8,
          "2026-02-13T05:00:00": 103.6,
          "2026-02-13T05:15:00": 105.1,
          "2026-02-13T05:30:00": 103.8,
          "2026-02-13T05:45:00": 105.6,
          "2026-02-13T06:00:00": 104.2,
          "2026-02-13T06:15:00": 106,
          "2026-02-13T06:30:00": 104.1,
          "2026-02-13T06:45:00": 103,
          "2026-02-13T07:00:00": 101,
          "2026-02-13T07:15:00": 101.9,
          "2026-02-13T07:30:00": 100.2,
          "2026-02-13T07:45:00": 101.3,
          "2026-02-13T08:00:00": 101.2,
          "2026-02-13T08:15:00": 99.3,
          "2026-02-13T08:30:00": 100.9,
          "2026-02-13T08:45:00": 98.8,
          "2026-02-13T09:00:00": 102.5,
          "2026-02-13T09:15:00": 100.4,
          "2026-02-13T09:30:00": 101.1,
          "2026-02-13T09:45:00": 101.7,
          "2026-02-13T10:00:00": 105.1,
          "2026-02-13T10:15:00": 103,
          "2026-02-13T10:30:00": 104.5,
          "2026-02-13T10:45:00": 103.4,
          "2026-02-13T11:00:00": 102.3,
          "2026-02-13T11:15:00": 102,
          "2026-02-13T11:30:00": 103.7,
          "2026-02-13T11:45:00": 103.1,
          "2026-02-13T12:00:00": 100.5,
          "2026-02-13T12:15:00": 103.4,
          "2026-02-13T12:30:00": 100.3,
          "2026-02-13T12:45:00": 102.6,
          "2026-02-13T13:00:00": 100.8,
          "2026-02-13T13:15:00": 101.2,
          "2026-02-13T13:30:00": 101.4,
          "2026-02-13T13:45:00": 102.8,
          "2026-02-13T14:00:00": 99.5,
          "2026-02-13T14:15:00": 100.6,
          "2026-02-13T14:30:00": 102,
          "2026-02-13T14:45:00": 99.1,
          "2026-02-13T15:00:00": 100.7,
          "2026-02-13T15:15:00": 100,
          "2026-02-13T15:30:00": 100.8,
          "2026-02-13T15:45:00": 101.9,
          "2026-02-13T16:00:00": 99.8,
          "2026-02-13T16:15:00": 101.6,
          "2026-02-13T16:30:00": 101.4,
          "2026-02-13T16:45:00": 101.9,
          "2026-02-13T17:00:00": 100.4,
          "2026-02-13T17:15:00": 101.9,
          "2026-02-13T17:30:00": 98.6,
          "2026-02-13T17:45:00": 98.2,
          "2026-02-13T18:00:00": 101.8,
          "2026-02-13T18:15:00": 98.7,
          "2026-02-13T18:30:00": 98.5,
          "2026-02-13T18:45:00": 98.3,
          "2026-02-13T19:00:00": 101.3,
          "2026-02-13T19:15:00": 100.8,
          "2026-02-13T19:30:00": 101.8,
          "2026-02-13T19:45:00": 101,
          "2026-02-13T20:00:00": 101.3,
          "2026-02-13T20:15:00": 102.1,
          "2026-02-13T20:30:00": 101.5,
          "2026-02-13T20:45:00": 100.8,
          "2026-02-13T21:00:00": 100.5,
          "2026-02-13T21:15:00": 102.2,
          "2026-02-13T21:30:00": 101,
          "2026-02-13T21:45:00": 102.1,
          "2026-02-13T22:00:00": 101.3,
          "2026-02-13T22:15:00": 100.3,
          "2026-02-13T22:30:00": 100.8,
          "2026-02-13T22:45:00": 100.5,
          "2026-02-13T23:00:00": 102,
          "2026-02-13T23:15:00": 101.8,
          "2026-02-13T23:30:00": 101.5,
          "2026-02-13T23:45:00": 101.6
        },
        "traffic_level": {
          "2026-02-13T00:00:00": 1,
          "2026-02-13T00:15:00": 1,
          "2026-02-13T00:30:00": 1,
          "2026-02-13T00:45:00": 1,
          "2026-02-13T01:00:00": 1,
          "2026-02-13T01:15:00": 1,
          "2026-02-13T01:30:00": 1,
          "2026-02-13T01:45:00": 1,
          "2026-02-13T02:00:00": 1,
          "2026-02-13T02:15:00": 1,
          "2026-02-13T02:30:00": 1,
          "2026-02-13T02:45:00": 1,
          "2026-02-13T03:00:00": 1,
          "2026-02-13T03:15:00": 1,
          "2026-02-13T03:30:00": 1,
          "2026-02-13T03:45:00": 1,
          "2026-02-13T04:00:00": 1,
          "2026-02-13T04:15:00": 1,
          "2026-02-13T04:30:00": 1,
          "2026-02-13T04:45:00": 1,
          "2026-02-13T05:00:00": 1,
          "2026-02-13T05:15:00": 1,
          "2026-02-13T05:30:00": 1,
          "2026-02-13T05:45:00": 1,
          "2026-02-13T06:00:00": 1,
          "2026-02-13T06:15:00": 1,
          "2026-02-13T06:30:00": 1,
          "2026-02-13T06:45:00": 1,
          "2026-02-13T07:00:00": 1,
          "2026-02-13T07:15:00": 1,
          "2026-02-13T07:30:00": 1,
          "2026-02-13T07:45:00": 1,
          "2026-02-13T08:00:00": 1,
          "2026-02-13T08:15:00": 1,
          "2026-02-13T08:30:00": 1,
          "2026-02-13T08:45:00": 1,
          "2026-02-13T09:00:00": 1,
          "2026-02-13T09:15:00": 1,
          "2026-02-13T09:30:00": 1,
          "2026-02-13T09:45:00": 1,
          "2026-02-13T10:00:00": 1,
          "2026-02-13T10:15:00": 1,
          "2026-02-13T10:30:00": 1,
          "2026-02-13T10:45:00": 1,
          "2026-02-13T11:00:00": 1,
          "2026-02-13T11:15:00": 1,
          "2026-02-13T11:30:00": 1,
          "2026-02-13T11:45:00": 1,
          "2026-02-13T12:00:00": 1,
          "2026-02-13T12:15:00": 1,
          "2026-02-13T12:30:00": 1,
          "2026-02-13T12:45:00": 1,
          "2026-02-13T13:00:00": 1,
          "2026-02-13T13:15:00": 1,
          "2026-02-13T13:30:00": 1,
          "2026-02-13T13:45:00": 1,
          "2026-02-13T14:00:00": 1,
          "2026-02-13T14:15:00": 1,
          "2026-02-13T14:30:00": 1,
          "2026-02-13T14:45:00": 1,
          "2026-02-13T15:00:00": 1,
          "2026-02-13T15:15:00": 1,
          "2026-02-13T15:30:00": 1,
          "2026-02-13T15:45:00": 1,
          "2026-02-13T16:00:00": 1,
          "2026-02-13T16:15:00": 1,
          "2026-02-13T16:30:00": 1,
          "2026-02-13T16:45:00": 1,
          "2026-02-13T17:00:00": 1,
          "2026-02-13T17:15:00": 1,
          "2026-02-13T17:30:00": 1,
          "2026-02-13T17:45:00": 1,
          "2026-02-13T18:00:00": 1,
          "2026-02-13T18:15:00": 1,
          "2026-02-13T18:30:00": 1,
          "2026-02-13T18:45:00": 1,
          "2026-02-13T19:00:00": 1,
          "2026-02-13T19:15:00": 1,
          "2026-02-13T19:30:00": 1,
          "2026-02-13T19:45:00": 1,
          "2026-02-13T20:00:00": 1,
          "2026-02-13T20:15:00": 1,
          "2026-02-13T20:30:00": 1,
          "2026-02-13T20:45:00": 1,
          "2026-02-13T21:00:00": 1,
          "2026-02-13T21:15:00": 1,
          "2026-02-13T21:30:00": 1,
          "2026-02-13T21:45:00": 1,
          "2026-02-13T22:00:00": 1,
          "2026-02-13T22:15:00": 1,
          "2026-02-13T22:30:00": 1,
          "2026-02-13T22:45:00": 1,
          "2026-02-13T23:00:00": 1,
          "2026-02-13T23:15:00": 1,
          "2026-02-13T23:30:00": 1,
          "2026-02-13T23:45:00": 1
        }
      },
      "geometry": {
        "type": "LineString",
        "coordinates": [
          [
            117.38676565978183,
            40.324652332467025
          ],
          [
            117.38678583332495,
            40.324694627635026
          ],
          [
            117.38680600694488,
            40.32473693180457
          ],
          [
            117.38682618053873,
            40.32477922696469
          ],
          [
            117.38684635415797,
            40.32482152212087
          ],
          [
            117.38686652780257,
            40.324863817273084
          ],
          [
            117.38688670152396,
            40.32490612142685
          ],
          [
            117.3869068752193,
            40.32494841657119
          ],
          [
            117.38692704894,
            40.32499071171158
          ],
          [
            117.38694722273746,
            40.32503301585352
          ],
          [
            117.38696739650891,
            40.325075310986016
          ],
          [
            117.3869875703057,
            40.32511760611458
          ],
          [
            117.38700774417929,
            40.32515991024467
          ],
          [
            117.38702791802683,
            40.32520220536534
          ],
          [
            117.38704809189971,
            40.32524450048206
          ],
          [
            117.38706826584942,
            40.325286804600324
          ],
          [
            117.38708842800685,
            40.32532909974852
          ],
          [
            117.38710860195584,
            40.32537139485341
          ],
          [
            117.3871287759302,
            40.32541368995436
          ],
          [
            117.38714894998138,
            40.325455994056824
          ],
          [
            117.38716912400645,
            40.325498289149884
          ],
          [
            117.38718929805691,
            40.325540584238965
          ],
          [
            117.3872094721842,
            40.325582888329635
          ],
          [
            117.38722964628539,
            40.32562518341086
          ],
          [
            117.38724982041194,
            40.32566747848812
          ],
          [
            117.38726999461531,
            40.32570978256692
          ],
          [
            117.38729016879262,
            40.32575207763631
          ],
          [
            117.38731034299526,
            40.325794372701736
          ],
          [
            117.38733051727478,
            40.325836676768716
          ],
          [
            117.38735069152817,
            40.32587897182625
          ],
          [
            117.38737086580694,
            40.325921266879845
          ],
          [
            117.38739104016253,
            40.325963570934995
          ],
          [
            117.38741121449205,
            40.3260058659807
          ],
          [
            117.3874313888469,
            40.32604816102245
          ],
          [
            117.38745156322715,
            40.32609045606028
          ],
          [
            117.38747173768424,
            40.326132760099625
          ],
          [
            117.3874919121152,
            40.32617505512955
          ],
          [
            117.38751207480519,
            40.32621735019495
          ],
          [
            117.38753224933838,
            40.326259654222476
          ],
          [
            117.38755242384543,
            40.32630194924055
          ],
          [
            117.38757259837787,
            40.326344244254706
          ],
          [
            117.38759277298719,
            40.326386548270364
          ],
          [
            117.38761294757036,
            40.32642884327663
          ],
          [
            117.3876331221789,
            40.32647113827894
          ],
          [
            117.38765329686433,
            40.32651344228278
          ],
          [
            117.3876734715236,
            40.32655573727719
          ],
          [
            117.38769364620825,
            40.32659803226766
          ],
          [
            117.38771382091828,
            40.32664032725421
          ],
          [
            117.38773399570518,
            40.32668263124225
          ],
          [
            117.38775417046593,
            40.32672492622089
          ],
          [
            117.38777434525207,
            40.32676722119558
          ],
          [
            117.38779452011507,
            40.32680952517181
          ],
          [
            117.38781469495194,
            40.326851820138586
          ],
          [
            117.38783486981416,
            40.32689411510145
          ],
          [
            117.38785504475332,
            40.32693641906584
          ],
          [
            117.38787521966627,
            40.32697871402079
          ],
          [
            117.38789539460463,
            40.32702100897182
          ],
          [
            117.38791555785339,
            40.32706331296381
          ],
          [
            117.38793573284245,
            40.32710560790694
          ],
          [
            117.38795590785689,
            40.327147902846114
          ],
          [
            117.3879760828967,
            40.327190197781356
          ],
          [
            117.38799625801346,
            40.327232501718115
          ],
          [
            117.38801643310401,
            40.32727479664544
          ],
          [
            117.3880366082199,
            40.32731709156885
          ],
          [
            117.38805678341278,
            40.32735939549377
          ],
          [
            117.38807695857943,
            40.327401690409275
          ],
          [
            117.38809713377147,
            40.327443985320826
          ],
          [
            117.38811730904047,
            40.327486289233924
          ],
          [
            117.38813748428323,
            40.32752858413758
          ],
          [
            117.38815765955138,
            40.327570879037296
          ],
          [
            117.38817783489648,
            40.32761318293855
          ],
          [
            117.38819801021536,
            40.32765547783036
          ],
          [
            117.38821818555962,
            40.32769777271825
          ],
          [
            117.38823836098085,
            40.32774007660767
          ],
          [
            117.38825853637584,
            40.32778237148766
          ],
          [
            117.38826237146668,
            40.327790427681165
          ],
          [
            117.38828818450546,
            40.3278308934968
          ],
          [
            117.38831399757522,
            40.32787135930627
          ],
          [
            117.38833981062436,
            40.32791181610406
          ],
          [
            117.38836562375609,
            40.32795228190115
          ],
          [
            117.38839142515212,
            40.32799274773156
          ],
          [
            117.38841723834581,
            40.328033213516264
          ],
          [
            117.38844305151883,
            40.328073670289314
          ],
          [
            117.38846886477445,
            40.32811413606166
          ],
          [
            117.38849467806105,
            40.328154601827805
          ],
          [
            117.38852047961194,
            40.328195067627306
          ],
          [
            117.38854629290888,
            40.32823552437559
          ],
          [
            117.38857210628842,
            40.32827599012317
          ],
          [
            117.38859791969894,
            40.328316455864574
          ],
          [
            117.38862373308878,
            40.32835691259432
          ],
          [
            117.38864953479452,
            40.32839737836288
          ],
          [
            117.38867534829797,
            40.32843784408571
          ],
          [
            117.3887011618324,
            40.32847830980237
          ],
          [
            117.38872697534615,
            40.328518766507386
          ],
          [
            117.38875278894253,
            40.32855923221163
          ],
          [
            117.38877859080313,
            40.32859969794928
          ],
          [
            117.38880440446147,
            40.32864016364118
          ],
          [
            117.38883021809912,
            40.328680620321414
          ],
          [
            117.38885603181942,
            40.328721086000954
          ],
          [
            117.3888818455707,
            40.32876155167428
          ],
          [
            117.38890764758615,
            40.32880201738101
          ],
          [
            117.38893346134768,
            40.32884247403647
          ],
          [
            117.38895927519191,
            40.32888293969127
          ],
          [
            117.38898508906709,
            40.32892340533985
          ],
          [
            117.38901090292157,
            40.328963861976774
          ],
          [
            117.38903670509188,
            40.329004327652555
          ],
          [
            117.38906251906002,
            40.3290447932826
          ],
          [
            117.38908833305912,
            40.32908525890642
          ],
          [
            117.38911414703749,
            40.3291257155186
          ],
          [
            117.38913996109856,
            40.329166181130056
          ],
          [
            117.38916576342373,
            40.32920664677493
          ],
          [
            117.38919157754678,
            40.32924711237399
          ],
          [
            117.38921739164905,
            40.32928756896143
          ],
          [
            117.38924320583403,
            40.329328034548155
          ],
          [
            117.38926902005,
            40.329368500128666
          ],
          [
            117.38929482253005,
            40.32940896574258
          ],
          [
            117.38932063675624,
            40.32944942230527
          ],
          [
            117.38934645106515,
            40.329489887867226
          ],
          [
            117.38937226540503,
            40.329530353423
          ],
          [
            117.38939807972415,
            40.32957080996711
          ],
          [
            117.38942388235905,
            40.32961127555011
          ],
          [
            117.38944969679189,
            40.329651741087325
          ],
          [
            117.38947551125571,
            40.32969220661834
          ],
          [
            117.3895013256987,
            40.32973266313768
          ],
          [
            117.38952714022449,
            40.32977312865634
          ],
          [
            117.38955294301427,
            40.32981359420841
          ],
          [
            117.38957875760201,
            40.32985405971466
          ],
          [
            117.38960457216895,
            40.32989451620928
          ],
          [
            117.38963038681864,
            40.329934981703154
          ],
          [
            117.38965620149932,
            40.329975447190876
          ],
          [
            117.38968200439218,
            40.33001590370654
          ],
          [
            117.3897078191348,
            40.330056369181854
          ],
          [
            117.38973363390843,
            40.33009683465099
          ],
          [
            117.38975944871302,
            40.33013730011394
          ],
          [
            117.3897852634968,
            40.33017775656523
          ],
          [
            117.38981106659632,
            40.33021822205544
          ],
          [
            117.38983688149388,
            40.33025868749982
          ],
          [
            117.38986269642241,
            40.330299152938004
          ],
          [
            117.38988851133011,
            40.330339609364536
          ],
          [
            117.3899143263206,
            40.33038007479036
          ],
          [
            117.389940129575,
            40.33042054024965
          ],
          [
            117.38996594462745,
            40.33046100566309
          ],
          [
            117.38999175965907,
            40.33050146206486
          ],
          [
            117.3900175747735,
            40.33054192746593
          ],
          [
            117.3900433899189,
            40.33058239286081
          ],
          [
            117.39006919327632,
            40.330622849283685
          ],
          [
            117.3900950084837,
            40.330663314666175
          ],
          [
            117.39012082372206,
            40.33070378004249
          ],
          [
            117.3901466389914,
            40.330744245412596
          ],
          [
            117.39017245423987,
            40.33078470177106
          ],
          [
            117.390198257804,
            40.3308251671685
          ],
          [
            117.3902240731663,
            40.33086563252003
          ],
          [
            117.39024988855957,
            40.330906097865395
          ],
          [
            117.39027570393196,
            40.330946554199095
          ],
          [
            117.3903015193872,
            40.33098701953208
          ],
          [
            117.39032732310623,
            40.33102748489858
          ],
          [
            117.39035313862342,
            40.331067950219186
          ],
          [
            117.39037895411974,
            40.331108406528124
          ],
          [
            117.3904047696989,
            40.331148871836355
          ],
          [
            117.39043058530905,
            40.331189337138376
          ],
          [
            117.39045638913109,
            40.331229793468474
          ],
          [
            117.39048220480319,
            40.33127025875814
          ],
          [
            117.3905080205063,
            40.331310724041614
          ],
          [
            117.39053383624041,
            40.33135118931888
          ],
          [
            117.39055965195358,
            40.33139164558451
          ],
          [
            117.39058545598239,
            40.33143211088914
          ],
          [
            117.39061127180942,
            40.33147257614787
          ],
          [
            117.39063708766746,
            40.331513041400385
          ],
          [
            117.39066290350455,
            40.33155349764125
          ],
          [
            117.39068871942455,
            40.33159396288139
          ],
          [
            117.39071452360822,
            40.33163442815509
          ],
          [
            117.3907403395902,
            40.33167489338286
          ],
          [
            117.3907661555512,
            40.33171534959896
          ],
          [
            117.39079197159515,
            40.33175581481436
          ],
          [
            117.39081778767009,
            40.331796280023525
          ],
          [
            117.39084359195672,
            40.33183673626085
          ],
          [
            117.39086940809361,
            40.33187720145765
          ],
          [
            117.39089522426147,
            40.331917666648295
          ],
          [
            117.39092104046036,
            40.33195813183273
          ],
          [
            117.39094685663824,
            40.33199858800551
          ],
          [
            117.39097266113173,
            40.33203905321734
          ],
          [
            117.39099847742352,
            40.33207951838321
          ],
          [
            117.39102429374634,
            40.33211998354289
          ],
          [
            117.39105011004817,
            40.33216043969091
          ],
          [
            117.39107592643293,
            40.33220090483821
          ],
          [
            117.3911017310813,
            40.33224137001912
          ],
          [
            117.39112754747609,
            40.33228182614857
          ],
          [
            117.3911533639538,
            40.3323222912773
          ],
          [
            117.39117918046254,
            40.33236275639984
          ],
          [
            117.39120499700225,
            40.33240322151619
          ],
          [
            117.39123080175352,
            40.3324436776607
          ],
          [
            117.3912566183552,
            40.33248414276466
          ],
          [
            117.39128243498789,
            40.332524607862446
          ],
          [
            117.39130825165152,
            40.33256507295404
          ],
          [
            117.39133406829416,
            40.332605529033984
          ],
          [
            117.39135987325234,
            40.332645994153
          ],
          [
            117.39138569000896,
            40.332686459226025
          ],
          [
            117.39141150679656,
            40.332726924292864
          ],
          [
            117.3914373235631,
            40.33276738034803
          ],
          [
            117.3914631404127,
            40.33280784540247
          ],
          [
            117.39148894552577,
            40.33284831049057
          ],
          [
            117.39151476238527,
            40.33288876652718
          ],
          [
            117.39154057932781,
            40.33292923156306
          ],
          [
            117.39156639630134,
            40.33296969659274
          ],
          [
            117.39159221330587,
            40.33301016161624
          ],
          [
            117.39161801852178,
            40.33305061766792
          ],
          [
            117.39164383558828,
            40.333091082679054
          ],
          [
            117.39166965268576,
            40.33313154768398
          ],
          [
            117.39169546981422,
            40.333172012682745
          ],
          [
            117.39172128692161,
            40.33321246866979
          ],
          [
            117.39174709234449,
            40.33325293369602
          ],
          [
            117.39177290956593,
            40.3332933986762
          ],
          [
            117.39179872681835,
            40.333333863650175
          ],
          [
            117.3918245440497,
            40.333374319612474
          ],
          [
            117.39185036136408,
            40.3334147845741
          ],
          [
            117.39187616694186,
            40.333455249569354
          ],
          [
            117.39190198426614,
            40.33349570551312
          ],
          [
            117.39192780167353,
            40.33353617045614
          ],
          [
            117.39195361911187,
            40.33357663539298
          ],
          [
            117.39197943658122,
            40.33361710032362
          ],
          [
            117.3920052422618,
            40.33365755628249
          ],
          [
            117.39203105979313,
            40.33369802120076
          ],
          [
            117.39205687735544,
            40.333738486112836
          ],
          [
            117.39208269494874,
            40.33377895101872
          ],
          [
            117.3921085125209,
            40.333819406912944
          ],
          [
            117.39213431840852,
            40.33385987184632
          ],
          [
            117.39216013609479,
            40.333900336733635
          ],
          [
            117.39218595375992,
            40.3339407926093
          ],
          [
            117.39221177150816,
            40.33398125748423
          ],
          [
            117.39223758928742,
            40.334021722352965
          ],
          [
            117.39226339532993,
            40.33406218725543
          ],
          [
            117.39228921311899,
            40.334102643106306
          ],
          [
            117.39231503099121,
            40.334143107956464
          ],
          [
            117.3923408488944,
            40.33418357280046
          ],
          [
            117.3923666668286,
            40.33422403763823
          ],
          [
            117.39239247297387,
            40.33426449350428
          ],
          [
            117.39241829097004,
            40.33430495832969
          ],
          [
            117.3924441089972,
            40.334345423148896
          ],
          [
            117.39246992705537,
            40.33438588796192
          ],
          [
            117.39249574509233,
            40.334426343763276
          ],
          [
            117.39252155144469,
            40.33446680860384
          ],
          [
            117.39254736959582,
            40.3345072733983
          ],
          [
            117.39257318772574,
            40.334547729181104
          ],
          [
            117.39259900593886,
            40.33458819396316
          ],
          [
            117.39262482418296,
            40.33462865873903
          ],
          [
            117.39265063069023,
            40.33466912354866
          ],
          [
            117.39267644894409,
            40.33470957930668
          ],
          [
            117.39270226728117,
            40.334750044063966
          ],
          [
            117.39272808564924,
            40.3347905088151
          ],
          [
            117.39275390404832,
            40.33483097356001
          ],
          [
            117.39277971065827,
            40.33487142933323
          ],
          [
            117.39280552911931,
            40.33491189406576
          ],
          [
            117.39283134761135,
            40.3349523587921
          ],
          [
            117.39285716613439,
            40.33499282351226
          ],
          [
            117.39288205833229,
            40.33503183245865
          ],
          [
            117.39290049984426,
            40.335074591645835
          ],
          [
            117.39291894137975,
            40.33511735082968
          ],
          [
            117.39293739465435,
            40.33516010096469
          ],
          [
            117.39295583623677,
            40.33520286014178
          ],
          [
            117.39297428961058,
            40.33524561927552
          ],
          [
            117.39299273123997,
            40.33528837844586
          ],
          [
            117.39301117289284,
            40.335331137612854
          ],
          [
            117.39302962633711,
            40.33537389673647
          ],
          [
            117.39304806803692,
            40.335416655896736
          ],
          [
            117.39306652147592,
            40.33545940600815
          ],
          [
            117.39308496322269,
            40.33550216516167
          ],
          [
            117.39310340499296,
            40.33554492431182
          ],
          [
            117.39312185855465,
            40.33558768341861
          ],
          [
            117.39314030037188,
            40.33563044256202
          ],
          [
            117.39315874221258,
            40.33567320170207
          ],
          [
            117.39317719584473,
            40.33571596079875
          ],
          [
            117.39319563768014,
            40.3357587109266
          ],
          [
            117.39321409135925,
            40.33580147001654
          ],
          [
            117.39323253329388,
            40.33584422914311
          ],
          [
            117.39325097525196,
            40.33588698826632
          ],
          [
            117.39326942900156,
            40.33592974734615
          ],
          [
            117.39328787100662,
            40.33597250646263
          ],
          [
            117.3933063248032,
            40.33601526553573
          ],
          [
            117.39332476680292,
            40.33605801563999
          ],
          [
            117.3933432088784,
            40.33610077474637
          ],
          [
            117.39336166274546,
            40.33614353380935
          ],
          [
            117.3933801048679,
            40.336186292908984
          ],
          [
            117.39339855878194,
            40.336229051965226
          ],
          [
            117.39341700095135,
            40.33627181105811
          ],
          [
            117.39343544314424,
            40.33631457014765
          ],
          [
            117.3934538970764,
            40.33635732018834
          ],
          [
            117.39347233931628,
            40.33640007927114
          ],
          [
            117.39349078157959,
            40.33644283835056
          ],
          [
            117.39350923563453,
            40.33648559738658
          ],
          [
            117.39352767794485,
            40.33652835645928
          ],
          [
            117.39354613204677,
            40.33657111548857
          ],
          [
            117.39356457440402,
            40.336613874554516
          ],
          [
            117.39358301673244,
            40.33665662461165
          ],
          [
            117.39360147090483,
            40.336699383630844
          ],
          [
            117.39361991333251,
            40.3367421426867
          ],
          [
            117.39363836755189,
            40.336784901699126
          ],
          [
            117.39365681002654,
            40.33682766074824
          ],
          [
            117.3936752525247,
            40.336870419794
          ],
          [
            117.39369370681453,
            40.33691317879634
          ],
          [
            117.39371214930729,
            40.33695592882988
          ],
          [
            117.3937306036441,
            40.33699868782547
          ],
          [
            117.39374904623617,
            40.337041446857754
          ],
          [
            117.39376748885172,
            40.33708420588666
          ],
          [
            117.39378594325902,
            40.33712696487214
          ],
          [
            117.39380438592151,
            40.33716972389431
          ],
          [
            117.39382282860753,
            40.33721248291313
          ],
          [
            117.39384128308527,
            40.337255241888506
          ],
          [
            117.39385972576588,
            40.33729799189512
          ],
          [
            117.3938781802906,
            40.33734075086374
          ],
          [
            117.39389662307052,
            40.33738350986908
          ],
          [
            117.39391506587393,
            40.337426268871035
          ],
          [
            117.39393352046913,
            40.337469027829556
          ],
          [
            117.39395196331951,
            40.337511786824805
          ],
          [
            117.39397041796168,
            40.337554545776584
          ],
          [
            117.39398886080663,
            40.33759729575962
          ],
          [
            117.39400730372745,
            40.33764005474474
          ],
          [
            117.3940257584401,
            40.33768281368641
          ],
          [
            117.3940442014079,
            40.3377255726648
          ],
          [
            117.39406265616752,
            40.337768331599726
          ],
          [
            117.39408109918227,
            40.33781109057139
          ],
          [
            117.3940995422205,
            40.337853849539684
          ],
          [
            117.39411799699822,
            40.33789659945905
          ],
          [
            117.39413644008341,
            40.33793935842059
          ],
          [
            117.39415488319209,
            40.33798211737878
          ],
          [
            117.39417333809267,
            40.338024876293474
          ],
          [
            117.39419178124831,
            40.33806763524492
          ],
          [
            117.39421023619586,
            40.338110394152885
          ],
          [
            117.3942286793985,
            40.338153153097615
          ],
          [
            117.39424712257217,
            40.338195903033494
          ],
          [
            117.3942655775902,
            40.338238661931356
          ],
          [
            117.39428402086327,
            40.33828142086597
          ],
          [
            117.39430247592827,
            40.338324179757066
          ],
          [
            117.39432091924833,
            40.33836693868493
          ],
          [
            117.39433936259184,
            40.33840969760944
          ],
          [
            117.39435781772733,
            40.33845245649046
          ],
          [
            117.39437626106537,
            40.33849520640275
          ],
          [
            117.39439471624783,
            40.33853796527703
          ],
          [
            117.39441315968529,
            40.338580724188056
          ],
          [
            117.39443160314626,
            40.338623483095716
          ],
          [
            117.3944500583992,
            40.33866624195985
          ],
          [
            117.39446850190711,
            40.338709000860796
          ],
          [
            117.3944869454385,
            40.33875175975837
          ],
          [
            117.39450540070946,
            40.33879450960693
          ],
          [
            117.39452384428783,
            40.338837268497755
          ],
          [
            117.39454229965823,
            40.338880027345034
          ],
          [
            117.39456074328356,
            40.33892278622912
          ],
          [
            117.39457918693239,
            40.33896554510983
          ],
          [
            117.39459764237326,
            40.339008303947026
          ],
          [
            117.39461608606905,
            40.339051062821014
          ],
          [
            117.39463454150444,
            40.33909381264602
          ],
          [
            117.39465298524722,
            40.33913657151324
          ],
          [
            117.39467142901344,
            40.3391793303771
          ],
          [
            117.39468988457179,
            40.33922208919744
          ],
          [
            117.39470832838501,
            40.33926484805458
          ],
          [
            117.39472678399032,
            40.339307606868175
          ],
          [
            117.39474522785052,
            40.33935036571857
          ],
          [
            117.3947636716817,
            40.33939311556013
          ],
          [
            117.39478212735753,
            40.33943587436362
          ],
          [
            117.39480057128817,
            40.33947863320391
          ],
          [
            117.3948190152423,
            40.33952139204083
          ],
          [
            117.39483747098859,
            40.339564150834214
          ],
          [
            117.39485591498969,
            40.33960690966438
          ],
          [
            117.39487437078294,
            40.339649668451024
          ],
          [
            117.39489281477853,
            40.33969241826901
          ],
          [
            117.39491125885009,
            40.33973517708908
          ],
          [
            117.39492971471384,
            40.33977793586562
          ],
          [
            117.39494815883236,
            40.33982069467894
          ],
          [
            117.39496661474313,
            40.339863453448736
          ],
          [
            117.39498505890862,
            40.339906212255336
          ],
          [
            117.39500350309763,
            40.33994897105857
          ],
          [
            117.39502195902632,
            40.339991720812776
          ],
          [
            117.39504040326229,
            40.34003447960926
          ],
          [
            117.39505885929051,
            40.3400772383622
          ],
          [
            117.39507730357343,
            40.34011999715195
          ],
          [
            117.39509574787988,
            40.340162755938344
          ],
          [
            117.39511420397855,
            40.34020551468115
          ],
          [
            117.39513264833197,
            40.3402482734608
          ],
          [
            117.3951510926563,
            40.340291023231636
          ],
          [
            117.3951695488255,
            40.34033378196435
          ],
          [
            117.39518799324937,
            40.34037654073388
          ],
          [
            117.39520644946553,
            40.34041929945983
          ],
          [
            117.39522489393636,
            40.340462058222656
          ],
          [
            117.3952433384307,
            40.340504816982076
          ],
          [
            117.39526179471736,
            40.340547575697926
          ],
          [
            117.3952802392061,
            40.34059032544517
          ],
          [
            117.39529869553974,
            40.34063308415427
          ],
          [
            117.39531714012801,
            40.34067584290024
          ],
          [
            117.39533558473978,
            40.34071860164282
          ],
          [
            117.3953540411439,
            40.34076136034183
          ],
          [
            117.39537248580265,
            40.340804119077674
          ],
          [
            117.39539094225377,
            40.34084687776992
          ],
          [
            117.3954093869069,
            40.34088962749359
          ],
          [
            117.39542783163613,
            40.34093238621933
          ],
          [
            117.39544628815773,
            40.34097514490146
          ],
          [
            117.39546473293392,
            40.341017903620475
          ],
          [
            117.39548317773357,
            40.34106066233611
          ],
          [
            117.39550163432567,
            40.341103421008135
          ],
          [
            117.39552007917233,
            40.34114617971704
          ],
          [
            117.3955385357588,
            40.34118892937687
          ],
          [
            117.39555698065244,
            40.34123168807901
          ],
          [
            117.39557542556955,
            40.34127444677782
          ],
          [
            117.39559388227913,
            40.341317205432986
          ],
          [
            117.39561232724323,
            40.34135996412504
          ],
          [
            117.39563078399978,
            40.34140272277347
          ],
          [
            117.39564922901087,
            40.34144548145878
          ],
          [
            117.39566767404543,
            40.34148824014073
          ],
          [
            117.39568613081987,
            40.34153098977359
          ],
          [
            117.39570457590142,
            40.3415737484488
          ],
          [
            117.39572303277548,
            40.34161650708036
          ],
          [
            117.395741477904,
            40.341659265748845
          ],
          [
            117.395759923056,
            40.34170202441395
          ],
          [
            117.39577838000054,
            40.341744783035395
          ],
          [
            117.39579682519954,
            40.341787541693755
          ],
          [
            117.39581528213843,
            40.34183029130301
          ],
          [
            117.3958337273844,
            40.34187304995465
          ],
          [
            117.39585217265385,
            40.34191580860287
          ],
          [
            117.39587062971589,
            40.34195856720749
          ],
          [
            117.39588907503231,
            40.34200132584901
          ],
          [
            117.39590752037226,
            40.342044084487156
          ],
          [
            117.39592597750477,
            40.34208684308163
          ],
          [
            117.39594442283904,
            40.34212959270759
          ],
          [
            117.39596288001856,
            40.342172351295325
          ],
          [
            117.39598132545244,
            40.34221510991999
          ],
          [
            117.39599977090982,
            40.34225786854128
          ],
          [
            117.39601822815982,
            40.34230062711893
          ],
          [
            117.39603667366418,
            40.342343385733486
          ],
          [
            117.3960551309612,
            40.34238614430437
          ],
          [
            117.39607357645986,
            40.342428893906735
          ],
          [
            117.3960920220347,
            40.342471652511186
          ],
          [
            117.3961104794022,
            40.342514411071946
          ],
          [
            117.396128925024,
            40.34255716966966
          ],
          [
            117.3961473824385,
            40.3425999282237
          ],
          [
            117.39616582810731,
            40.342642686814656
          ],
          [
            117.3961842737996,
            40.34268544540226
          ],
          [
            117.39620273123191,
            40.34272819494073
          ],
          [
            117.3962211769712,
            40.34277095352158
          ],
          [
            117.39623962273394,
            40.34281371209908
          ],
          [
            117.39625808028943,
            40.34285647063289
          ],
          [
            117.39627652609917,
            40.342899229203645
          ],
          [
            117.39629498370168,
            40.34294198773069
          ],
          [
            117.39631342955842,
            40.3429847462947
          ],
          [
            117.39633187538593,
            40.34302749584989
          ],
          [
            117.3963503330589,
            40.34307025436682
          ],
          [
            117.3963687789861,
            40.343113012920746
          ]
        ]
      }
    },
    {
      "type": "Feature",
      "properties": {
        "Id": "CP-MAIN-002",
        "road_name": "??????",
        "roadRole": "mainline",
        "source": "RoadCenterLine.geojson",
        "sourceLayer": "RoadCenterLine",
        "sourceRecordNumber": 30,
        "segmentLengthMeters": 2203.4,
        "speedUnit": "km/h",
        "speeds": {
          "2026-02-13T00:00:00": 98.9,
          "2026-02-13T00:15:00": 101.3,
          "2026-02-13T00:30:00": 99.5,
          "2026-02-13T00:45:00": 98.8,
          "2026-02-13T01:00:00": 100.5,
          "2026-02-13T01:15:00": 102.3,
          "2026-02-13T01:30:00": 99.9,
          "2026-02-13T01:45:00": 102.5,
          "2026-02-13T02:00:00": 102.8,
          "2026-02-13T02:15:00": 102,
          "2026-02-13T02:30:00": 102.4,
          "2026-02-13T02:45:00": 100.8,
          "2026-02-13T03:00:00": 101.7,
          "2026-02-13T03:15:00": 103,
          "2026-02-13T03:30:00": 100.7,
          "2026-02-13T03:45:00": 101.4,
          "2026-02-13T04:00:00": 101.7,
          "2026-02-13T04:15:00": 101.8,
          "2026-02-13T04:30:00": 102.3,
          "2026-02-13T04:45:00": 101.9,
          "2026-02-13T05:00:00": 99.9,
          "2026-02-13T05:15:00": 103.1,
          "2026-02-13T05:30:00": 101.6,
          "2026-02-13T05:45:00": 99.7,
          "2026-02-13T06:00:00": 100.8,
          "2026-02-13T06:15:00": 99.8,
          "2026-02-13T06:30:00": 101.2,
          "2026-02-13T06:45:00": 99.4,
          "2026-02-13T07:00:00": 98.5,
          "2026-02-13T07:15:00": 98.1,
          "2026-02-13T07:30:00": 99.4,
          "2026-02-13T07:45:00": 98.3,
          "2026-02-13T08:00:00": 97.2,
          "2026-02-13T08:15:00": 98.5,
          "2026-02-13T08:30:00": 97.4,
          "2026-02-13T08:45:00": 94.9,
          "2026-02-13T09:00:00": 94.4,
          "2026-02-13T09:15:00": 95.9,
          "2026-02-13T09:30:00": 93.9,
          "2026-02-13T09:45:00": 91,
          "2026-02-13T10:00:00": 91.1,
          "2026-02-13T10:15:00": 85.9,
          "2026-02-13T10:30:00": 80.9,
          "2026-02-13T10:45:00": 85.1,
          "2026-02-13T11:00:00": 79.3,
          "2026-02-13T11:15:00": 67.4,
          "2026-02-13T11:30:00": 73.4,
          "2026-02-13T11:45:00": 66.4,
          "2026-02-13T12:00:00": 80.3,
          "2026-02-13T12:15:00": 75.9,
          "2026-02-13T12:30:00": 84.5,
          "2026-02-13T12:45:00": 90.6,
          "2026-02-13T13:00:00": 92.5,
          "2026-02-13T13:15:00": 89,
          "2026-02-13T13:30:00": 91.8,
          "2026-02-13T13:45:00": 97.2,
          "2026-02-13T14:00:00": 96.9,
          "2026-02-13T14:15:00": 98.4,
          "2026-02-13T14:30:00": 96.2,
          "2026-02-13T14:45:00": 99.1,
          "2026-02-13T15:00:00": 96,
          "2026-02-13T15:15:00": 98.3,
          "2026-02-13T15:30:00": 98.6,
          "2026-02-13T15:45:00": 95.9,
          "2026-02-13T16:00:00": 99,
          "2026-02-13T16:15:00": 98.1,
          "2026-02-13T16:30:00": 98.5,
          "2026-02-13T16:45:00": 97.3,
          "2026-02-13T17:00:00": 98.8,
          "2026-02-13T17:15:00": 97.8,
          "2026-02-13T17:30:00": 96.4,
          "2026-02-13T17:45:00": 98.9,
          "2026-02-13T18:00:00": 97.7,
          "2026-02-13T18:15:00": 95.7,
          "2026-02-13T18:30:00": 96.6,
          "2026-02-13T18:45:00": 98.9,
          "2026-02-13T19:00:00": 96.1,
          "2026-02-13T19:15:00": 96.3,
          "2026-02-13T19:30:00": 99.1,
          "2026-02-13T19:45:00": 97.3,
          "2026-02-13T20:00:00": 99.1,
          "2026-02-13T20:15:00": 97.6,
          "2026-02-13T20:30:00": 99.1,
          "2026-02-13T20:45:00": 98.9,
          "2026-02-13T21:00:00": 97.2,
          "2026-02-13T21:15:00": 98.6,
          "2026-02-13T21:30:00": 97.2,
          "2026-02-13T21:45:00": 97.3,
          "2026-02-13T22:00:00": 99.6,
          "2026-02-13T22:15:00": 98.1,
          "2026-02-13T22:30:00": 99.4,
          "2026-02-13T22:45:00": 101.1,
          "2026-02-13T23:00:00": 99.1,
          "2026-02-13T23:15:00": 97.9,
          "2026-02-13T23:30:00": 100.7,
          "2026-02-13T23:45:00": 98.8
        },
        "traffic_level": {
          "2026-02-13T00:00:00": 1,
          "2026-02-13T00:15:00": 1,
          "2026-02-13T00:30:00": 1,
          "2026-02-13T00:45:00": 1,
          "2026-02-13T01:00:00": 1,
          "2026-02-13T01:15:00": 1,
          "2026-02-13T01:30:00": 1,
          "2026-02-13T01:45:00": 1,
          "2026-02-13T02:00:00": 1,
          "2026-02-13T02:15:00": 1,
          "2026-02-13T02:30:00": 1,
          "2026-02-13T02:45:00": 1,
          "2026-02-13T03:00:00": 1,
          "2026-02-13T03:15:00": 1,
          "2026-02-13T03:30:00": 1,
          "2026-02-13T03:45:00": 1,
          "2026-02-13T04:00:00": 1,
          "2026-02-13T04:15:00": 1,
          "2026-02-13T04:30:00": 1,
          "2026-02-13T04:45:00": 1,
          "2026-02-13T05:00:00": 1,
          "2026-02-13T05:15:00": 1,
          "2026-02-13T05:30:00": 1,
          "2026-02-13T05:45:00": 1,
          "2026-02-13T06:00:00": 1,
          "2026-02-13T06:15:00": 1,
          "2026-02-13T06:30:00": 1,
          "2026-02-13T06:45:00": 1,
          "2026-02-13T07:00:00": 1,
          "2026-02-13T07:15:00": 1,
          "2026-02-13T07:30:00": 1,
          "2026-02-13T07:45:00": 1,
          "2026-02-13T08:00:00": 1,
          "2026-02-13T08:15:00": 1,
          "2026-02-13T08:30:00": 1,
          "2026-02-13T08:45:00": 1,
          "2026-02-13T09:00:00": 1,
          "2026-02-13T09:15:00": 1,
          "2026-02-13T09:30:00": 1,
          "2026-02-13T09:45:00": 1,
          "2026-02-13T10:00:00": 1,
          "2026-02-13T10:15:00": 2,
          "2026-02-13T10:30:00": 2,
          "2026-02-13T10:45:00": 2,
          "2026-02-13T11:00:00": 2,
          "2026-02-13T11:15:00": 3,
          "2026-02-13T11:30:00": 2,
          "2026-02-13T11:45:00": 3,
          "2026-02-13T12:00:00": 2,
          "2026-02-13T12:15:00": 2,
          "2026-02-13T12:30:00": 2,
          "2026-02-13T12:45:00": 1,
          "2026-02-13T13:00:00": 1,
          "2026-02-13T13:15:00": 2,
          "2026-02-13T13:30:00": 1,
          "2026-02-13T13:45:00": 1,
          "2026-02-13T14:00:00": 1,
          "2026-02-13T14:15:00": 1,
          "2026-02-13T14:30:00": 1,
          "2026-02-13T14:45:00": 1,
          "2026-02-13T15:00:00": 1,
          "2026-02-13T15:15:00": 1,
          "2026-02-13T15:30:00": 1,
          "2026-02-13T15:45:00": 1,
          "2026-02-13T16:00:00": 1,
          "2026-02-13T16:15:00": 1,
          "2026-02-13T16:30:00": 1,
          "2026-02-13T16:45:00": 1,
          "2026-02-13T17:00:00": 1,
          "2026-02-13T17:15:00": 1,
          "2026-02-13T17:30:00": 1,
          "2026-02-13T17:45:00": 1,
          "2026-02-13T18:00:00": 1,
          "2026-02-13T18:15:00": 1,
          "2026-02-13T18:30:00": 1,
          "2026-02-13T18:45:00": 1,
          "2026-02-13T19:00:00": 1,
          "2026-02-13T19:15:00": 1,
          "2026-02-13T19:30:00": 1,
          "2026-02-13T19:45:00": 1,
          "2026-02-13T20:00:00": 1,
          "2026-02-13T20:15:00": 1,
          "2026-02-13T20:30:00": 1,
          "2026-02-13T20:45:00": 1,
          "2026-02-13T21:00:00": 1,
          "2026-02-13T21:15:00": 1,
          "2026-02-13T21:30:00": 1,
          "2026-02-13T21:45:00": 1,
          "2026-02-13T22:00:00": 1,
          "2026-02-13T22:15:00": 1,
          "2026-02-13T22:30:00": 1,
          "2026-02-13T22:45:00": 1,
          "2026-02-13T23:00:00": 1,
          "2026-02-13T23:15:00": 1,
          "2026-02-13T23:30:00": 1,
          "2026-02-13T23:45:00": 1
        }
      },
      "geometry": {
        "type": "LineString",
        "coordinates": [
          [
            117.3963687789861,
            40.343113012920746
          ],
          [
            117.3963872367061,
            40.34315577143093
          ],
          [
            117.3963910190173,
            40.34316454796223
          ],
          [
            117.39640134142542,
            40.343208874311465
          ],
          [
            117.39641167561659,
            40.34325320061903
          ],
          [
            117.39642200987423,
            40.34329753593072
          ],
          [
            117.39643233232358,
            40.343341862275985
          ],
          [
            117.396442666556,
            40.34338618857957
          ],
          [
            117.39645298908555,
            40.343430523927616
          ],
          [
            117.3964633233455,
            40.343474850228546
          ],
          [
            117.39647364584984,
            40.34351917656847
          ],
          [
            117.39648398013728,
            40.343563502866765
          ],
          [
            117.39649430272183,
            40.34360783820951
          ],
          [
            117.39650463703677,
            40.34365216450513
          ],
          [
            117.3965149595961,
            40.34369649083976
          ],
          [
            117.39652529393857,
            40.343740817132726
          ],
          [
            117.39653561657812,
            40.34378515247018
          ],
          [
            117.3965459509481,
            40.34382947876048
          ],
          [
            117.39655627356241,
            40.34387380508983
          ],
          [
            117.39656660795988,
            40.343918131377485
          ],
          [
            117.39657693065442,
            40.343962466709606
          ],
          [
            117.3965872650794,
            40.34400679299463
          ],
          [
            117.3965975877487,
            40.344051119318664
          ],
          [
            117.39660792220121,
            40.344095445601
          ],
          [
            117.39661824495073,
            40.344139780927826
          ],
          [
            117.39662857943075,
            40.34418410720752
          ],
          [
            117.39663890215503,
            40.344228433526254
          ],
          [
            117.3966492367153,
            40.34427276880873
          ],
          [
            117.3966595594671,
            40.34431709512482
          ],
          [
            117.3966698940021,
            40.34436142139921
          ],
          [
            117.39668021678139,
            40.344405747712614
          ],
          [
            117.39669055139667,
            40.344450082989795
          ],
          [
            117.39670087420345,
            40.34449440930057
          ],
          [
            117.39671120879349,
            40.34453873556966
          ],
          [
            117.39672154339729,
            40.3445830618374
          ],
          [
            117.39673186629808,
            40.34462739714964
          ],
          [
            117.3967422009294,
            40.34467172341472
          ],
          [
            117.39675252380492,
            40.34471604971887
          ],
          [
            117.39676285846375,
            40.3447603759813
          ],
          [
            117.39677318141952,
            40.344804711288226
          ],
          [
            117.39678351610586,
            40.344849037548016
          ],
          [
            117.39679383903638,
            40.34489336384684
          ],
          [
            117.39680417380298,
            40.34493769910943
          ],
          [
            117.39681449676098,
            40.3449820254056
          ],
          [
            117.39682483150234,
            40.345026351660074
          ],
          [
            117.39683515448785,
            40.3450706779536
          ],
          [
            117.3968454893095,
            40.34511501321087
          ],
          [
            117.39685581232247,
            40.34515933950175
          ],
          [
            117.39686614711887,
            40.34520366575091
          ],
          [
            117.39687647015936,
            40.34524799203912
          ],
          [
            117.39688680503602,
            40.34529232729108
          ],
          [
            117.39689712810403,
            40.34533665357665
          ],
          [
            117.39690746295544,
            40.345380979820504
          ],
          [
            117.3969177860509,
            40.34542530610343
          ],
          [
            117.39692812098262,
            40.34546964135008
          ],
          [
            117.39693844410561,
            40.345513967630325
          ],
          [
            117.39694877901204,
            40.34555829386887
          ],
          [
            117.3969591022153,
            40.34560262915193
          ],
          [
            117.39696943714925,
            40.34564695538782
          ],
          [
            117.39697976032723,
            40.34569128166277
          ],
          [
            117.39699009528869,
            40.34573560789602
          ],
          [
            117.39700041854695,
            40.345779943173746
          ],
          [
            117.39701075353592,
            40.34582426940433
          ],
          [
            117.39702108853865,
            40.3458685956336
          ],
          [
            117.39703141178539,
            40.34591292190192
          ],
          [
            117.39704174686844,
            40.345957257133946
          ],
          [
            117.39705207014265,
            40.34600158339963
          ],
          [
            117.39706240520042,
            40.346045909623555
          ],
          [
            117.39707272850214,
            40.346090235886585
          ],
          [
            117.39708306364022,
            40.34613457111332
          ],
          [
            117.39709338696942,
            40.34617889737368
          ],
          [
            117.39710372208222,
            40.34622322359231
          ],
          [
            117.39711404543894,
            40.346267549850026
          ],
          [
            117.39712438063205,
            40.34631188507145
          ],
          [
            117.39713470401625,
            40.3463562113265
          ],
          [
            117.39714503918407,
            40.346400537539836
          ],
          [
            117.3971553626486,
            40.3464448727977
          ],
          [
            117.39716569784393,
            40.34648919900835
          ],
          [
            117.39717602128316,
            40.34653352525811
          ],
          [
            117.397186356506,
            40.346577851466115
          ],
          [
            117.39719668002553,
            40.34662218671866
          ],
          [
            117.3972070152759,
            40.34666651292401
          ],
          [
            117.3972173387701,
            40.34671083916848
          ],
          [
            117.39722767404795,
            40.34675516537117
          ],
          [
            117.39723799762251,
            40.346799500618395
          ],
          [
            117.3972483329279,
            40.34684382681845
          ],
          [
            117.39725865647712,
            40.34688815305759
          ],
          [
            117.39726899181001,
            40.346932479254974
          ],
          [
            117.39727931543956,
            40.34697681449692
          ],
          [
            117.39728965079998,
            40.34702114069165
          ],
          [
            117.39729998617416,
            40.34706546688506
          ],
          [
            117.39731030984495,
            40.347109802123015
          ],
          [
            117.39732064524665,
            40.347154128313754
          ],
          [
            117.39733096889212,
            40.347198454543616
          ],
          [
            117.39734130432134,
            40.3472427807317
          ],
          [
            117.39735162804715,
            40.34728711596435
          ],
          [
            117.39736196350387,
            40.34733144214979
          ],
          [
            117.39737228720433,
            40.34737576837435
          ],
          [
            117.3973826226886,
            40.34742009455712
          ],
          [
            117.39739294646941,
            40.34746442978446
          ],
          [
            117.39740328198117,
            40.3475087559646
          ],
          [
            117.39741360573665,
            40.347553082183836
          ],
          [
            117.3974239412759,
            40.34759740836132
          ],
          [
            117.39743426511173,
            40.34764174358335
          ],
          [
            117.39744460067854,
            40.34768606975817
          ],
          [
            117.39745492448898,
            40.347730395972114
          ],
          [
            117.39746526013617,
            40.34777473114973
          ],
          [
            117.39747558397416,
            40.34781905736099
          ],
          [
            117.39748591959597,
            40.34786338353048
          ],
          [
            117.39749624346146,
            40.34790770973914
          ],
          [
            117.39750657916365,
            40.34795204491142
          ],
          [
            117.39751690305664,
            40.3479963711174
          ],
          [
            117.3975272387335,
            40.34804069728159
          ],
          [
            117.39753756265397,
            40.34808502348492
          ],
          [
            117.39754789841122,
            40.3481293586519
          ],
          [
            117.39755822235921,
            40.348173684852576
          ],
          [
            117.39756855809112,
            40.34821801101145
          ],
          [
            117.39757888206661,
            40.34826233720947
          ],
          [
            117.39758921787889,
            40.348306672371145
          ],
          [
            117.39759955365207,
            40.348350998526044
          ],
          [
            117.39760987766881,
            40.34839532472009
          ],
          [
            117.3976202134695,
            40.34843965087234
          ],
          [
            117.39763053756663,
            40.34848398606916
          ],
          [
            117.39764087339485,
            40.34852831221877
          ],
          [
            117.3976511974666,
            40.3485726384075
          ],
          [
            117.39766153337521,
            40.34861697355987
          ],
          [
            117.39767185747446,
            40.348661299745935
          ],
          [
            117.39768219335772,
            40.34870562589021
          ],
          [
            117.39769251748447,
            40.348749952073646
          ],
          [
            117.39770285344815,
            40.3487942872207
          ],
          [
            117.39771317760241,
            40.34883861340147
          ],
          [
            117.39772351354071,
            40.34888293954045
          ],
          [
            117.39773383772244,
            40.34892726571855
          ],
          [
            117.39774417374117,
            40.34897160086032
          ],
          [
            117.39775449795044,
            40.34901592703578
          ],
          [
            117.39776483394377,
            40.34906025316944
          ],
          [
            117.39777515818054,
            40.349104579342246
          ],
          [
            117.3977854942543,
            40.34914891447869
          ],
          [
            117.39779581851857,
            40.349193240648844
          ],
          [
            117.39780615456695,
            40.34923756677719
          ],
          [
            117.39781647891164,
            40.34928190195013
          ],
          [
            117.39782681498752,
            40.349326228075824
          ],
          [
            117.39783713930682,
            40.34937055424067
          ],
          [
            117.39784747541022,
            40.34941488036371
          ],
          [
            117.39785779980991,
            40.34945921553134
          ],
          [
            117.39786813594084,
            40.349503541651714
          ],
          [
            117.39787846031514,
            40.34954786781126
          ],
          [
            117.39788879647361,
            40.34959219392899
          ],
          [
            117.39789913269874,
            40.349636529050834
          ],
          [
            117.39790945711428,
            40.34968085520637
          ],
          [
            117.39791979331402,
            40.349725181320125
          ],
          [
            117.3979301177571,
            40.349769507473034
          ],
          [
            117.39794045403728,
            40.34981384258953
          ],
          [
            117.39795077850783,
            40.34985816873979
          ],
          [
            117.39796111476261,
            40.349902494848216
          ],
          [
            117.39797143931362,
            40.34994683000126
          ],
          [
            117.39798177559592,
            40.349991156107045
          ],
          [
            117.39799210012151,
            40.35003548225199
          ],
          [
            117.39800243643133,
            40.35007980835509
          ],
          [
            117.39801276103735,
            40.35012414350281
          ],
          [
            117.39802309737469,
            40.35016846960328
          ],
          [
            117.39803342195529,
            40.35021279574293
          ],
          [
            117.39804267149503,
            40.35025245166577
          ],
          [
            117.39804586676208,
            40.350297414720174
          ],
          [
            117.39804907380413,
            40.35034237773358
          ],
          [
            117.39805228085069,
            40.350387340746536
          ],
          [
            117.39805548784881,
            40.35043229475363
          ],
          [
            117.3980586949044,
            40.35047725776566
          ],
          [
            117.39806190196448,
            40.35052222077725
          ],
          [
            117.39806510902906,
            40.350567183788385
          ],
          [
            117.39806830427463,
            40.35061213783413
          ],
          [
            117.39807151134819,
            40.35065710084434
          ],
          [
            117.39807471842627,
            40.3507020638541
          ],
          [
            117.39807792550887,
            40.35074702686338
          ],
          [
            117.398081132543,
            40.350791980866795
          ],
          [
            117.3980843396346,
            40.350836943875166
          ],
          [
            117.39808753496006,
            40.3508819069236
          ],
          [
            117.39809074206066,
            40.35092686993105
          ],
          [
            117.3980939491128,
            40.35097182393262
          ],
          [
            117.39809715622239,
            40.35101678693915
          ],
          [
            117.39810036333651,
            40.351061749945224
          ],
          [
            117.3981035704551,
            40.351106712950845
          ],
          [
            117.39810676575459,
            40.35115166699108
          ],
          [
            117.3981099728822,
            40.3511966299958
          ],
          [
            117.3981131800143,
            40.35124159300004
          ],
          [
            117.3981163871509,
            40.35128655600383
          ],
          [
            117.39811959423905,
            40.351331510001714
          ],
          [
            117.39812280138467,
            40.351376473004585
          ],
          [
            117.39812599676408,
            40.35142143604749
          ],
          [
            117.3981292039187,
            40.35146639904945
          ],
          [
            117.39813241102486,
            40.35151135304551
          ],
          [
            117.39813561818846,
            40.35155631604654
          ],
          [
            117.3981388253566,
            40.35160127904711
          ],
          [
            117.39814203252922,
            40.351646242047224
          ],
          [
            117.39814523965342,
            40.351691196041436
          ],
          [
            117.39814843506426,
            40.35173615908115
          ],
          [
            117.3981516422504,
            40.351781122079885
          ],
          [
            117.39815484944103,
            40.35182608507816
          ],
          [
            117.39815805663618,
            40.35187104807599
          ],
          [
            117.39816126378284,
            40.35191600206792
          ],
          [
            117.39816447098698,
            40.351960965064805
          ],
          [
            117.39816766642483,
            40.352005928101754
          ],
          [
            117.39817087363798,
            40.35205089109774
          ],
          [
            117.39817408080266,
            40.35209584508784
          ],
          [
            117.39817728802481,
            40.3521408080829
          ],
          [
            117.39818049525148,
            40.352185771077494
          ],
          [
            117.39818370248261,
            40.352230734071654
          ],
          [
            117.39818689789446,
            40.352275688100434
          ],
          [
            117.3981901051346,
            40.35232065109364
          ],
          [
            117.39819331237928,
            40.352365614086416
          ],
          [
            117.39819651962846,
            40.35241057707873
          ],
          [
            117.39819972682913,
            40.35245553106515
          ],
          [
            117.39820293408732,
            40.35250049405655
          ],
          [
            117.39820612957908,
            40.352545457088006
          ],
          [
            117.39820933684625,
            40.352590420078464
          ],
          [
            117.39821254406498,
            40.352635374063034
          ],
          [
            117.39821575134116,
            40.3526803370526
          ],
          [
            117.39821895862183,
            40.352725300041676
          ],
          [
            117.39822216590704,
            40.35277026303034
          ],
          [
            117.3982253613728,
            40.3528152170536
          ],
          [
            117.39822856866698,
            40.35286018004131
          ],
          [
            117.39823177596568,
            40.352905143028586
          ],
          [
            117.39823498326888,
            40.352950106015385
          ],
          [
            117.3982381905236,
            40.352995059996296
          ],
          [
            117.3982413978358,
            40.35304002298218
          ],
          [
            117.39824460515251,
            40.353084985967584
          ],
          [
            117.39824780070269,
            40.35312994899309
          ],
          [
            117.39825100797543,
            40.353174902972164
          ],
          [
            117.39825421530566,
            40.35321986595621
          ],
          [
            117.39825742264038,
            40.353264828939786
          ],
          [
            117.3982606299796,
            40.35330979192291
          ],
          [
            117.39826383727033,
            40.35335474590018
          ],
          [
            117.39826703284751,
            40.3533997089229
          ],
          [
            117.39827024020023,
            40.353444671904654
          ],
          [
            117.39827344755747,
            40.35348963488594
          ],
          [
            117.39827665486621,
            40.35353458886134
          ],
          [
            117.39827986223246,
            40.35357955184173
          ],
          [
            117.39828306960318,
            40.35362451482163
          ],
          [
            117.39828626520733,
            40.35366947784162
          ],
          [
            117.3982894725341,
            40.35371443181519
          ],
          [
            117.39829267991833,
            40.35375939479372
          ],
          [
            117.3982958873071,
            40.35380435777179
          ],
          [
            117.39829909470035,
            40.35384932074941
          ],
          [
            117.39830230204512,
            40.35389427472114
          ],
          [
            117.39830549767625,
            40.35393923773837
          ],
          [
            117.398308705083,
            40.35398420071462
          ],
          [
            117.39831191249425,
            40.3540291636904
          ],
          [
            117.39831511985705,
            40.35407411766028
          ],
          [
            117.39831832727731,
            40.354119080635165
          ],
          [
            117.39832153470208,
            40.35416404360956
          ],
          [
            117.39832474213138,
            40.35420900658352
          ],
          [
            117.39832793774096,
            40.354253960592104
          ],
          [
            117.39833114517923,
            40.354298923565146
          ],
          [
            117.39833435262202,
            40.35434388653771
          ],
          [
            117.39833756006931,
            40.354388849509824
          ],
          [
            117.39834076746813,
            40.35443380347604
          ],
          [
            117.39834397492442,
            40.35447876644724
          ],
          [
            117.39834717061396,
            40.3545237294585
          ],
          [
            117.39835037807927,
            40.354568692428764
          ],
          [
            117.39835358554907,
            40.35461365539858
          ],
          [
            117.39835679297039,
            40.35465860936252
          ],
          [
            117.3983600004492,
            40.3547035723314
          ],
          [
            117.39836320793252,
            40.35474853529984
          ],
          [
            117.39836640364905,
            40.354793498308375
          ],
          [
            117.39836961108838,
            40.354838452270464
          ],
          [
            117.39837281858519,
            40.35488341523751
          ],
          [
            117.39837602608652,
            40.35492837820411
          ],
          [
            117.39837923359235,
            40.354973341170265
          ],
          [
            117.39838244104969,
            40.35501829513052
          ],
          [
            117.39838563679321,
            40.35506325813629
          ],
          [
            117.39838884431252,
            40.35510822110104
          ],
          [
            117.39839205183638,
            40.35515318406536
          ],
          [
            117.39839525931173,
            40.35519813802377
          ],
          [
            117.3983984668446,
            40.35524310098716
          ],
          [
            117.39840167438196,
            40.35528806395008
          ],
          [
            117.39840488192382,
            40.35533302691256
          ],
          [
            117.39840807764575,
            40.35537798090969
          ],
          [
            117.39841128519663,
            40.35542294387124
          ],
          [
            117.398414492752,
            40.35546790683231
          ],
          [
            117.39841770031188,
            40.35551286979295
          ],
          [
            117.39842090782324,
            40.35555782374771
          ],
          [
            117.39842411539213,
            40.35560278670742
          ],
          [
            117.39842731119406,
            40.355647749707224
          ],
          [
            117.39843051877196,
            40.35569271266602
          ],
          [
            117.39843372630135,
            40.35573766661894
          ],
          [
            117.39843693388823,
            40.35578262957681
          ],
          [
            117.39844014147964,
            40.35582759253423
          ],
          [
            117.39844334907555,
            40.355872555491175
          ],
          [
            117.39844654485145,
            40.35591750948281
          ],
          [
            117.39844975245634,
            40.35596247243885
          ],
          [
            117.39845296006575,
            40.356007435394424
          ],
          [
            117.39845616767968,
            40.35605239834957
          ],
          [
            117.39845937524508,
            40.356097352298804
          ],
          [
            117.39846258286802,
            40.35614231525301
          ],
          [
            117.39846577872389,
            40.3561872782473
          ],
          [
            117.39846898635582,
            40.356232241200594
          ],
          [
            117.39847219393924,
            40.35627719514798
          ],
          [
            117.3984754015802,
            40.35632215810037
          ],
          [
            117.39847860922565,
            40.35636712105226
          ],
          [
            117.3984818168756,
            40.35641208400371
          ],
          [
            117.39848501270544,
            40.35645703798983
          ],
          [
            117.39848822036437,
            40.356502000940374
          ],
          [
            117.39849142802784,
            40.356546963890445
          ],
          [
            117.39849463569581,
            40.356591926840075
          ],
          [
            117.39849784331525,
            40.356636880783796
          ],
          [
            117.39850105099224,
            40.35668184373248
          ],
          [
            117.39850425867371,
            40.35672680668072
          ],
          [
            117.39850745458803,
            40.356771769669045
          ],
          [
            117.39851066222549,
            40.35681672361094
          ],
          [
            117.39851386992048,
            40.356861686557814
          ],
          [
            117.39851707761997,
            40.35690664950422
          ],
          [
            117.39852028532397,
            40.356951612450146
          ],
          [
            117.39852349297945,
            40.35699656639022
          ],
          [
            117.39852668892077,
            40.357041529375806
          ],
          [
            117.39852989663827,
            40.35708649232036
          ],
          [
            117.39853310436028,
            40.357131455264465
          ],
          [
            117.39853631203377,
            40.357176409202694
          ],
          [
            117.3985395197648,
            40.35722137214588
          ],
          [
            117.39854272750031,
            40.357266335088596
          ],
          [
            117.3985459234686,
            40.35731129807142
          ],
          [
            117.39854913121312,
            40.35735626101324
          ],
          [
            117.39855233890911,
            40.35740121494917
          ],
          [
            117.39855554666268,
            40.35744617789004
          ],
          [
            117.39855875442072,
            40.35749114083048
          ],
          [
            117.39856196218327,
            40.35753610377047
          ],
          [
            117.3985651581255,
            40.357581057745115
          ],
          [
            117.39856836589705,
            40.35762602068418
          ],
          [
            117.39857157367311,
            40.35767098362276
          ],
          [
            117.39857331887828,
            40.35769547285488
          ],
          [
            117.39856033393745,
            40.35773939291049
          ],
          [
            117.39854736075185,
            40.35778331292383
          ],
          [
            117.39853437572475,
            40.357827223970595
          ],
          [
            117.39852139073407,
            40.3578711440211
          ],
          [
            117.39850840572674,
            40.35791506406986
          ],
          [
            117.39849542070282,
            40.35795898411693
          ],
          [
            117.39848243566223,
            40.35800290416228
          ],
          [
            117.398469450605,
            40.358046824205914
          ],
          [
            117.39845647725004,
            40.35809073520186
          ],
          [
            117.39844349215957,
            40.3581346552421
          ],
          [
            117.39843050705248,
            40.3581785752806
          ],
          [
            117.39841752192876,
            40.35822249531739
          ],
          [
            117.39840453678839,
            40.35826641535249
          ],
          [
            117.39839155157841,
            40.35831032638045
          ],
          [
            117.39837857817672,
            40.35835424637156
          ],
          [
            117.39836559298648,
            40.358398166401514
          ],
          [
            117.39835260777963,
            40.35844208642977
          ],
          [
            117.39833962255612,
            40.35848600645629
          ],
          [
            117.39832663731598,
            40.35852992648115
          ],
          [
            117.39831365200622,
            40.35857383749882
          ],
          [
            117.39830066673282,
            40.358617757520214
          ],
          [
            117.39828769321478,
            40.35866167749936
          ],
          [
            117.39827470790813,
            40.35870559751736
          ],
          [
            117.39826172258485,
            40.35874951753363
          ],
          [
            117.39824873724494,
            40.35879343754818
          ],
          [
            117.39823575183541,
            40.3588373485556
          ],
          [
            117.39822276646225,
            40.35888126856673
          ],
          [
            117.39820979284447,
            40.358925188535636
          ],
          [
            117.39819680743804,
            40.358969108543334
          ],
          [
            117.39818382201499,
            40.359013028549356
          ],
          [
            117.39817083657529,
            40.359056948553636
          ],
          [
            117.39815785106599,
            40.35910085955081
          ],
          [
            117.39814486559304,
            40.359144779551684
          ],
          [
            117.39813188010343,
            40.35918869955084
          ],
          [
            117.39811890636929,
            40.35923261950778
          ],
          [
            117.39810592084648,
            40.359276539503504
          ],
          [
            117.398092935307,
            40.359320459497546
          ],
          [
            117.39807994969792,
            40.35936437048443
          ],
          [
            117.39806696412516,
            40.359408290475045
          ],
          [
            117.3980539785358,
            40.359452210463935
          ],
          [
            117.39804100470192,
            40.359496130410605
          ],
          [
            117.39802801907929,
            40.359540050396085
          ],
          [
            117.39801503344003,
            40.35958397037985
          ],
          [
            117.39800204773118,
            40.359627881356474
          ],
          [
            117.39798906205867,
            40.35967180133682
          ],
          [
            117.3979760763695,
            40.359715721315446
          ],
          [
            117.39796309066374,
            40.35975964129237
          ],
          [
            117.39795011671349,
            40.35980356122706
          ],
          [
            117.39793713092149,
            40.359847472195135
          ],
          [
            117.39792414516582,
            40.35989139216692
          ],
          [
            117.3979111593935,
            40.359935312137
          ],
          [
            117.39789817360456,
            40.35997923210536
          ],
          [
            117.39788518779899,
            40.360023152072
          ],
          [
            117.39787221374901,
            40.36006707199644
          ],
          [
            117.39785922785724,
            40.36011098295427
          ],
          [
            117.39784624200175,
            40.360154902915795
          ],
          [
            117.39783325612967,
            40.36019882287559
          ],
          [
            117.39782027024093,
            40.360242742833684
          ],
          [
            117.39780728433557,
            40.360286662790074
          ],
          [
            117.39779429841356,
            40.36033058274477
          ],
          [
            117.39778132419427,
            40.360374493651804
          ],
          [
            117.39776833823902,
            40.36041841360307
          ],
          [
            117.39775535226713,
            40.360462333552604
          ],
          [
            117.3977423662786,
            40.36050625350044
          ],
          [
            117.39772938027346,
            40.36055017344655
          ],
          [
            117.39771639425166,
            40.36059409339097
          ],
          [
            117.39770341993263,
            40.36063800428777
          ],
          [
            117.39769043387759,
            40.36068192422876
          ],
          [
            117.39767744780589,
            40.36072584416804
          ],
          [
            117.39766446171758,
            40.360769764105584
          ],
          [
            117.39765147561262,
            40.36081368404144
          ],
          [
            117.39763848949103,
            40.36085760397559
          ],
          [
            117.3976255032999,
            40.360901514902594
          ],
          [
            117.39761252891743,
            40.36094543479284
          ],
          [
            117.39759954274595,
            40.360989354721845
          ],
          [
            117.39758655655783,
            40.36103327464915
          ],
          [
            117.39757357035309,
            40.36107719457474
          ],
          [
            117.39756058413171,
            40.36112111449861
          ],
          [
            117.3975475978408,
            40.36116502541534
          ],
          [
            117.39753461158615,
            40.36120894533579
          ],
          [
            117.39752163708728,
            40.361252865214055
          ],
          [
            117.3975086507994,
            40.3612967851311
          ],
          [
            117.39749566449484,
            40.36134070504643
          ],
          [
            117.39748267817366,
            40.36138462496003
          ],
          [
            117.39746969178294,
            40.361428535866516
          ],
          [
            117.3974567054285,
            40.36147245577669
          ],
          [
            117.3974437308299,
            40.36151637564472
          ],
          [
            117.3974307444422,
            40.36156029555148
          ],
          [
            117.39741775803785,
            40.36160421545652
          ],
          [
            117.39740477156398,
            40.36164812635446
          ],
          [
            117.39739178512637,
            40.36169204625609
          ],
          [
            117.39737879867211,
            40.36173596615602
          ],
          [
            117.39736581220124,
            40.36177988605421
          ],
          [
            117.39735283748624,
            40.361823805910255
          ],
          [
            117.39733985098209,
            40.36186772580503
          ],
          [
            117.39732686440844,
            40.361911636692696
          ],
          [
            117.39731387787101,
            40.36195555658405
          ],
          [
            117.39730089131697,
            40.361999476473706
          ],
          [
            117.39728790474629,
            40.36204339636165
          ],
          [
            117.39727492993153,
            40.36208731620743
          ],
          [
            117.39726194332759,
            40.36213123609196
          ],
          [
            117.39724895665414,
            40.36217514696933
          ],
          [
            117.39723597001692,
            40.362219066850436
          ],
          [
            117.39722298336306,
            40.362262986729796
          ],
          [
            117.39720999669257,
            40.36230690660746
          ],
          [
            117.39719701000546,
            40.36235082648343
          ],
          [
            117.3971840350743,
            40.36239474631725
          ],
          [
            117.39717104830106,
            40.36243865718437
          ],
          [
            117.39715806156404,
            40.36248257705519
          ],
          [
            117.39714507481037,
            40.36252649692431
          ],
          [
            117.39713208804008,
            40.362570416791705
          ],
          [
            117.39711910125314,
            40.36261433665739
          ],
          [
            117.39710612622225,
            40.36265825648094
          ],
          [
            117.3970931393492,
            40.3627021673378
          ],
          [
            117.39708015251236,
            40.362746087198346
          ],
          [
            117.3970671656589,
            40.3627900070572
          ]
        ]
      }
    },
    {
      "type": "Feature",
      "properties": {
        "Id": "CP-MAIN-003",
        "road_name": "??????",
        "roadRole": "mainline",
        "source": "RoadCenterLine.geojson",
        "sourceLayer": "RoadCenterLine",
        "sourceRecordNumber": 30,
        "segmentLengthMeters": 2202.2,
        "speedUnit": "km/h",
        "speeds": {
          "2026-02-13T00:00:00": 101.8,
          "2026-02-13T00:15:00": 100.4,
          "2026-02-13T00:30:00": 101,
          "2026-02-13T00:45:00": 103.8,
          "2026-02-13T01:00:00": 101.1,
          "2026-02-13T01:15:00": 101.5,
          "2026-02-13T01:30:00": 102.3,
          "2026-02-13T01:45:00": 103.7,
          "2026-02-13T02:00:00": 102.9,
          "2026-02-13T02:15:00": 103.9,
          "2026-02-13T02:30:00": 104.4,
          "2026-02-13T02:45:00": 104.2,
          "2026-02-13T03:00:00": 101.6,
          "2026-02-13T03:15:00": 102.5,
          "2026-02-13T03:30:00": 102.4,
          "2026-02-13T03:45:00": 102.3,
          "2026-02-13T04:00:00": 104.1,
          "2026-02-13T04:15:00": 101.1,
          "2026-02-13T04:30:00": 101.8,
          "2026-02-13T04:45:00": 104.1,
          "2026-02-13T05:00:00": 103.1,
          "2026-02-13T05:15:00": 101.4,
          "2026-02-13T05:30:00": 103.3,
          "2026-02-13T05:45:00": 101.8,
          "2026-02-13T06:00:00": 103.5,
          "2026-02-13T06:15:00": 102.5,
          "2026-02-13T06:30:00": 103.1,
          "2026-02-13T06:45:00": 100.4,
          "2026-02-13T07:00:00": 99.2,
          "2026-02-13T07:15:00": 102.1,
          "2026-02-13T07:30:00": 98.9,
          "2026-02-13T07:45:00": 96.4,
          "2026-02-13T08:00:00": 96.9,
          "2026-02-13T08:15:00": 96.7,
          "2026-02-13T08:30:00": 95.1,
          "2026-02-13T08:45:00": 97.1,
          "2026-02-13T09:00:00": 98.5,
          "2026-02-13T09:15:00": 97.6,
          "2026-02-13T09:30:00": 93,
          "2026-02-13T09:45:00": 94.7,
          "2026-02-13T10:00:00": 83,
          "2026-02-13T10:15:00": 85.7,
          "2026-02-13T10:30:00": 81.3,
          "2026-02-13T10:45:00": 73.1,
          "2026-02-13T11:00:00": 73.4,
          "2026-02-13T11:15:00": 79.6,
          "2026-02-13T11:30:00": 70.9,
          "2026-02-13T11:45:00": 66.5,
          "2026-02-13T12:00:00": 79.4,
          "2026-02-13T12:15:00": 75,
          "2026-02-13T12:30:00": 83.6,
          "2026-02-13T12:45:00": 89.2,
          "2026-02-13T13:00:00": 93.7,
          "2026-02-13T13:15:00": 91.3,
          "2026-02-13T13:30:00": 96.3,
          "2026-02-13T13:45:00": 97.9,
          "2026-02-13T14:00:00": 95.5,
          "2026-02-13T14:15:00": 95.7,
          "2026-02-13T14:30:00": 97.9,
          "2026-02-13T14:45:00": 99.3,
          "2026-02-13T15:00:00": 96.3,
          "2026-02-13T15:15:00": 98.6,
          "2026-02-13T15:30:00": 98.5,
          "2026-02-13T15:45:00": 96.9,
          "2026-02-13T16:00:00": 97.3,
          "2026-02-13T16:15:00": 96.7,
          "2026-02-13T16:30:00": 97.3,
          "2026-02-13T16:45:00": 98.8,
          "2026-02-13T17:00:00": 100.2,
          "2026-02-13T17:15:00": 99.1,
          "2026-02-13T17:30:00": 97.4,
          "2026-02-13T17:45:00": 98.3,
          "2026-02-13T18:00:00": 98.2,
          "2026-02-13T18:15:00": 99.8,
          "2026-02-13T18:30:00": 99.8,
          "2026-02-13T18:45:00": 100.6,
          "2026-02-13T19:00:00": 100.4,
          "2026-02-13T19:15:00": 97.5,
          "2026-02-13T19:30:00": 100.5,
          "2026-02-13T19:45:00": 100.9,
          "2026-02-13T20:00:00": 101.2,
          "2026-02-13T20:15:00": 99.9,
          "2026-02-13T20:30:00": 98.3,
          "2026-02-13T20:45:00": 99.5,
          "2026-02-13T21:00:00": 100,
          "2026-02-13T21:15:00": 101.1,
          "2026-02-13T21:30:00": 98.8,
          "2026-02-13T21:45:00": 102.4,
          "2026-02-13T22:00:00": 101.1,
          "2026-02-13T22:15:00": 100.8,
          "2026-02-13T22:30:00": 99.5,
          "2026-02-13T22:45:00": 101.9,
          "2026-02-13T23:00:00": 102.8,
          "2026-02-13T23:15:00": 100.5,
          "2026-02-13T23:30:00": 101.4,
          "2026-02-13T23:45:00": 100.4
        },
        "traffic_level": {
          "2026-02-13T00:00:00": 1,
          "2026-02-13T00:15:00": 1,
          "2026-02-13T00:30:00": 1,
          "2026-02-13T00:45:00": 1,
          "2026-02-13T01:00:00": 1,
          "2026-02-13T01:15:00": 1,
          "2026-02-13T01:30:00": 1,
          "2026-02-13T01:45:00": 1,
          "2026-02-13T02:00:00": 1,
          "2026-02-13T02:15:00": 1,
          "2026-02-13T02:30:00": 1,
          "2026-02-13T02:45:00": 1,
          "2026-02-13T03:00:00": 1,
          "2026-02-13T03:15:00": 1,
          "2026-02-13T03:30:00": 1,
          "2026-02-13T03:45:00": 1,
          "2026-02-13T04:00:00": 1,
          "2026-02-13T04:15:00": 1,
          "2026-02-13T04:30:00": 1,
          "2026-02-13T04:45:00": 1,
          "2026-02-13T05:00:00": 1,
          "2026-02-13T05:15:00": 1,
          "2026-02-13T05:30:00": 1,
          "2026-02-13T05:45:00": 1,
          "2026-02-13T06:00:00": 1,
          "2026-02-13T06:15:00": 1,
          "2026-02-13T06:30:00": 1,
          "2026-02-13T06:45:00": 1,
          "2026-02-13T07:00:00": 1,
          "2026-02-13T07:15:00": 1,
          "2026-02-13T07:30:00": 1,
          "2026-02-13T07:45:00": 1,
          "2026-02-13T08:00:00": 1,
          "2026-02-13T08:15:00": 1,
          "2026-02-13T08:30:00": 1,
          "2026-02-13T08:45:00": 1,
          "2026-02-13T09:00:00": 1,
          "2026-02-13T09:15:00": 1,
          "2026-02-13T09:30:00": 1,
          "2026-02-13T09:45:00": 1,
          "2026-02-13T10:00:00": 2,
          "2026-02-13T10:15:00": 2,
          "2026-02-13T10:30:00": 2,
          "2026-02-13T10:45:00": 2,
          "2026-02-13T11:00:00": 2,
          "2026-02-13T11:15:00": 2,
          "2026-02-13T11:30:00": 2,
          "2026-02-13T11:45:00": 3,
          "2026-02-13T12:00:00": 2,
          "2026-02-13T12:15:00": 2,
          "2026-02-13T12:30:00": 2,
          "2026-02-13T12:45:00": 2,
          "2026-02-13T13:00:00": 1,
          "2026-02-13T13:15:00": 1,
          "2026-02-13T13:30:00": 1,
          "2026-02-13T13:45:00": 1,
          "2026-02-13T14:00:00": 1,
          "2026-02-13T14:15:00": 1,
          "2026-02-13T14:30:00": 1,
          "2026-02-13T14:45:00": 1,
          "2026-02-13T15:00:00": 1,
          "2026-02-13T15:15:00": 1,
          "2026-02-13T15:30:00": 1,
          "2026-02-13T15:45:00": 1,
          "2026-02-13T16:00:00": 1,
          "2026-02-13T16:15:00": 1,
          "2026-02-13T16:30:00": 1,
          "2026-02-13T16:45:00": 1,
          "2026-02-13T17:00:00": 1,
          "2026-02-13T17:15:00": 1,
          "2026-02-13T17:30:00": 1,
          "2026-02-13T17:45:00": 1,
          "2026-02-13T18:00:00": 1,
          "2026-02-13T18:15:00": 1,
          "2026-02-13T18:30:00": 1,
          "2026-02-13T18:45:00": 1,
          "2026-02-13T19:00:00": 1,
          "2026-02-13T19:15:00": 1,
          "2026-02-13T19:30:00": 1,
          "2026-02-13T19:45:00": 1,
          "2026-02-13T20:00:00": 1,
          "2026-02-13T20:15:00": 1,
          "2026-02-13T20:30:00": 1,
          "2026-02-13T20:45:00": 1,
          "2026-02-13T21:00:00": 1,
          "2026-02-13T21:15:00": 1,
          "2026-02-13T21:30:00": 1,
          "2026-02-13T21:45:00": 1,
          "2026-02-13T22:00:00": 1,
          "2026-02-13T22:15:00": 1,
          "2026-02-13T22:30:00": 1,
          "2026-02-13T22:45:00": 1,
          "2026-02-13T23:00:00": 1,
          "2026-02-13T23:15:00": 1,
          "2026-02-13T23:30:00": 1,
          "2026-02-13T23:45:00": 1
        }
      },
      "geometry": {
        "type": "LineString",
        "coordinates": [
          [
            117.3970671656589,
            40.3627900070572
          ],
          [
            117.39705417878878,
            40.36283392691434
          ],
          [
            117.39704119190203,
            40.362877846769756
          ],
          [
            117.39702820499866,
            40.362921766623465
          ],
          [
            117.39701522979854,
            40.362965677429635
          ],
          [
            117.39700224286189,
            40.36300959727993
          ],
          [
            117.39698925590861,
            40.363053517128485
          ],
          [
            117.3969762689387,
            40.36309743697535
          ],
          [
            117.39696328195213,
            40.363141356820506
          ],
          [
            117.39695029494894,
            40.36318527666396
          ],
          [
            117.39693731964906,
            40.363229187459865
          ],
          [
            117.39692433261261,
            40.363273107299875
          ],
          [
            117.3969113455595,
            40.3633170271382
          ],
          [
            117.39689835848978,
            40.36336094697478
          ],
          [
            117.39688537140341,
            40.36340486680968
          ],
          [
            117.39687238424759,
            40.363448777637416
          ],
          [
            117.39685939712795,
            40.36349269746888
          ],
          [
            117.3968464217645,
            40.36353661725822
          ],
          [
            117.3968334346116,
            40.363580537086264
          ],
          [
            117.39682044744202,
            40.363624456912596
          ],
          [
            117.39680746025584,
            40.363668376737216
          ],
          [
            117.39679447300023,
            40.36371228755469
          ],
          [
            117.39678148578076,
            40.363756207375886
          ],
          [
            117.39676851031756,
            40.36380012715497
          ],
          [
            117.39675552306483,
            40.36384404697273
          ],
          [
            117.39674253579547,
            40.3638879667888
          ],
          [
            117.39672954850947,
            40.36393188660314
          ],
          [
            117.39671656115404,
            40.36397579741036
          ],
          [
            117.39670357383476,
            40.36401971722129
          ],
          [
            117.39669058649883,
            40.36406363703049
          ],
          [
            117.3966776109192,
            40.364107556797606
          ],
          [
            117.39666462355002,
            40.36415147660338
          ],
          [
            117.39665163616421,
            40.36419539640746
          ],
          [
            117.39663864870897,
            40.3642393072044
          ],
          [
            117.39662566128987,
            40.36428322700507
          ],
          [
            117.39661267385414,
            40.364327146804
          ],
          [
            117.39659969817474,
            40.36437106656086
          ],
          [
            117.39658671070575,
            40.36441498635636
          ],
          [
            117.3965737232201,
            40.364458906150155
          ],
          [
            117.39656073566503,
            40.36450281693685
          ],
          [
            117.39654774814612,
            40.36454673672723
          ],
          [
            117.39653476061058,
            40.36459065651591
          ],
          [
            117.39652177305838,
            40.364634576302855
          ],
          [
            117.39650879726258,
            40.364678496047745
          ],
          [
            117.39649580967709,
            40.364722415831274
          ],
          [
            117.39648282202222,
            40.36476632660768
          ],
          [
            117.39646983440349,
            40.3648102463878
          ],
          [
            117.39645684676812,
            40.36485416616618
          ],
          [
            117.39644385911609,
            40.36489808594289
          ],
          [
            117.39643088322053,
            40.364942005677484
          ],
          [
            117.39641789553522,
            40.36498592545076
          ],
          [
            117.39640988348995,
            40.36501300571801
          ],
          [
            117.39638869036038,
            40.36505501740914
          ],
          [
            117.39636749715193,
            40.3650970200908
          ],
          [
            117.39634630397006,
            40.36513903177381
          ],
          [
            117.39632512253522,
            40.3651810434124
          ],
          [
            117.39630392924835,
            40.36522304608188
          ],
          [
            117.39628273598812,
            40.36526505775269
          ],
          [
            117.39626154270174,
            40.365307069419444
          ],
          [
            117.3962403493365,
            40.36534907207673
          ],
          [
            117.39621915599784,
            40.36539108373535
          ],
          [
            117.39619797440623,
            40.365433095349566
          ],
          [
            117.3961767809626,
            40.365475097994675
          ],
          [
            117.39615558754556,
            40.3655171096411
          ],
          [
            117.39613439410239,
            40.365559121283475
          ],
          [
            117.39611320058033,
            40.365601123916385
          ],
          [
            117.39609200708489,
            40.36564313555061
          ],
          [
            117.3960708135633,
            40.36568514718081
          ],
          [
            117.39604963173609,
            40.365727149761184
          ],
          [
            117.39602843816223,
            40.36576916138324
          ],
          [
            117.39600724456227,
            40.365811173001234
          ],
          [
            117.39598605088344,
            40.36585317560976
          ],
          [
            117.39596485723118,
            40.3658951872196
          ],
          [
            117.3959436635528,
            40.3659371988254
          ],
          [
            117.39592248156883,
            40.36597920138143
          ],
          [
            117.39590128783819,
            40.36602121297909
          ],
          [
            117.39588009408139,
            40.366063224572706
          ],
          [
            117.39585890024578,
            40.36610522715682
          ],
          [
            117.39583770643672,
            40.36614723874232
          ],
          [
            117.39581651260153,
            40.366189250323735
          ],
          [
            117.39579533046081,
            40.3662312528554
          ],
          [
            117.39577413657335,
            40.36627326442867
          ],
          [
            117.39575294265974,
            40.3663152759979
          ],
          [
            117.39573174866734,
            40.36635727855765
          ],
          [
            117.39571055470147,
            40.36639929011875
          ],
          [
            117.39568936070945,
            40.366441301675785
          ],
          [
            117.395668178412,
            40.36648330418306
          ],
          [
            117.39564698436772,
            40.36652531573196
          ],
          [
            117.39562579029732,
            40.36656732727681
          ],
          [
            117.3956045961481,
            40.36660932981217
          ],
          [
            117.39558340202541,
            40.36665134134889
          ],
          [
            117.39556220787658,
            40.36669335288154
          ],
          [
            117.39554101364898,
            40.366735355404714
          ],
          [
            117.39551983122129,
            40.36677736688897
          ],
          [
            117.39549863699405,
            40.36681937840943
          ],
          [
            117.39547744268805,
            40.36686138092042
          ],
          [
            117.39545624840855,
            40.366903392432725
          ],
          [
            117.3954350541029,
            40.366945403941
          ],
          [
            117.39541385971849,
            40.3669874064398
          ],
          [
            117.39539267713401,
            40.36702941789969
          ],
          [
            117.39537148274998,
            40.36707142939574
          ],
          [
            117.39535028828716,
            40.367113431882345
          ],
          [
            117.39532909385085,
            40.3671554433703
          ],
          [
            117.39530789938838,
            40.367197454854185
          ],
          [
            117.39528670484717,
            40.36723945732859
          ],
          [
            117.39526552210592,
            40.36728146876409
          ],
          [
            117.39524432756504,
            40.36732348023578
          ],
          [
            117.39522313294542,
            40.36736548269801
          ],
          [
            117.39520193835229,
            40.36740749416157
          ],
          [
            117.395180743733,
            40.36744950562105
          ],
          [
            117.39515954903497,
            40.367491508071055
          ],
          [
            117.39513836613695,
            40.36753351948222
          ],
          [
            117.39511717143925,
            40.3675755309295
          ],
          [
            117.39509597666284,
            40.36761753336734
          ],
          [
            117.39507478191287,
            40.3676595448065
          ],
          [
            117.39505358713676,
            40.36770155624162
          ],
          [
            117.39503239228193,
            40.36774355866723
          ],
          [
            117.39501119745354,
            40.36778557009421
          ],
          [
            117.39499001437258,
            40.36782758147693
          ],
          [
            117.39496881943936,
            40.36786958389037
          ],
          [
            117.39494762453253,
            40.36791159530516
          ],
          [
            117.39492642959962,
            40.36795360671587
          ],
          [
            117.39490523458798,
            40.36799560911711
          ],
          [
            117.39488403960274,
            40.36803762051971
          ],
          [
            117.39486285636502,
            40.36807963187804
          ],
          [
            117.39484166127498,
            40.36812163426709
          ],
          [
            117.39482046621133,
            40.368163645657496
          ],
          [
            117.39479927112157,
            40.368205657043816
          ],
          [
            117.39477807595311,
            40.36824765942068
          ],
          [
            117.39475688081106,
            40.36828967079889
          ],
          [
            117.39473569741654,
            40.36833168213283
          ],
          [
            117.39471450216968,
            40.3683736844975
          ],
          [
            117.39469330694921,
            40.36841569586352
          ],
          [
            117.3946721117026,
            40.36845770722546
          ],
          [
            117.39465091637733,
            40.36849970957793
          ],
          [
            117.39462972107845,
            40.368541720931745
          ],
          [
            117.39460853752713,
            40.368583732241326
          ],
          [
            117.39458734212343,
            40.36862573458161
          ],
          [
            117.39456614674616,
            40.36866774592322
          ],
          [
            117.39454495134268,
            40.36870975726078
          ],
          [
            117.3945237558606,
            40.36875175958886
          ],
          [
            117.39450256040487,
            40.36879377091829
          ],
          [
            117.39448136492301,
            40.36883578224364
          ],
          [
            117.39446018113625,
            40.36887778451938
          ],
          [
            117.39443898560211,
            40.368919795836625
          ],
          [
            117.39441779004183,
            40.36896180714979
          ],
          [
            117.39439659440292,
            40.369003809453474
          ],
          [
            117.39437539879036,
            40.3690458207585
          ],
          [
            117.39435420315164,
            40.36908783205945
          ],
          [
            117.39433301920812,
            40.36912983431083
          ],
          [
            117.39431182351713,
            40.36917184560367
          ],
          [
            117.39429062780002,
            40.36921385689245
          ],
          [
            117.39426943200425,
            40.36925585917174
          ],
          [
            117.39424823623484,
            40.369297870452385
          ],
          [
            117.3942270404393,
            40.36933988172899
          ],
          [
            117.39420585633898,
            40.36938188395595
          ],
          [
            117.39418466049113,
            40.36942389522441
          ],
          [
            117.39416346461718,
            40.369465906488784
          ],
          [
            117.3941422686646,
            40.3695079087437
          ],
          [
            117.39412107273836,
            40.36954991999994
          ],
          [
            117.39409987678596,
            40.36959193125213
          ],
          [
            117.39407869252885,
            40.369633933454736
          ],
          [
            117.39405749652417,
            40.36967594469879
          ],
          [
            117.39403630049334,
            40.3697179559388
          ],
          [
            117.39401510438394,
            40.36975995816931
          ],
          [
            117.39399390830083,
            40.36980196940119
          ],
          [
            117.3939727121916,
            40.369843980628985
          ],
          [
            117.39395151600375,
            40.369885982847315
          ],
          [
            117.39393033161615,
            40.36992799402686
          ],
          [
            117.39390913542849,
            40.369970005242465
          ],
          [
            117.39388793916225,
            40.37001200744859
          ],
          [
            117.39386674292228,
            40.37005401865607
          ],
          [
            117.3938455466562,
            40.370096029859475
          ],
          [
            117.39382435031152,
            40.3701380320534
          ],
          [
            117.39380316576712,
            40.37018004320858
          ],
          [
            117.3937819694226,
            40.370222054399804
          ],
          [
            117.3937607729995,
            40.370264056581526
          ],
          [
            117.39373957660271,
            40.370306067764616
          ],
          [
            117.39371838017973,
            40.370348078943636
          ],
          [
            117.39369718367824,
            40.370390081113165
          ],
          [
            117.39367599897702,
            40.37043209224397
          ],
          [
            117.39365480247565,
            40.370474103410785
          ],
          [
            117.3936336058957,
            40.37051610556813
          ],
          [
            117.39361240934205,
            40.37055811672681
          ],
          [
            117.39359121276222,
            40.37060012788143
          ],
          [
            117.39357001610388,
            40.37064213002659
          ],
          [
            117.39354883124584,
            40.370684141133005
          ],
          [
            117.3935276345876,
            40.37072615227542
          ],
          [
            117.39350643785083,
            40.370768154408374
          ],
          [
            117.39348524114031,
            40.37081016554267
          ],
          [
            117.39346404440363,
            40.37085217667289
          ],
          [
            117.39344284758843,
            40.370894178793655
          ],
          [
            117.39342165079947,
            40.370936189915724
          ],
          [
            117.39340046575848,
            40.37097820099372
          ],
          [
            117.39337926886486,
            40.37102020310226
          ],
          [
            117.39335807199747,
            40.37106221421218
          ],
          [
            117.39333687510393,
            40.371104225318
          ],
          [
            117.3933156781319,
            40.37114622741436
          ],
          [
            117.39329448118606,
            40.371188238512055
          ],
          [
            117.39327329598827,
            40.371230249565635
          ],
          [
            117.39325209893778,
            40.37127225164982
          ],
          [
            117.39323090191353,
            40.371314262735325
          ],
          [
            117.39320970486312,
            40.37135627381674
          ],
          [
            117.39318850773422,
            40.3713982758887
          ],
          [
            117.39316731063153,
            40.37144028696201
          ],
          [
            117.39314612527689,
            40.37148229799123
          ],
          [
            117.39312492806958,
            40.37152430005097
          ],
          [
            117.39310373088844,
            40.37156631111208
          ],
          [
            117.39308253368117,
            40.37160832216912
          ],
          [
            117.3930613363954,
            40.371650324216695
          ],
          [
            117.39304013913585,
            40.37169233526561
          ],
          [
            117.39301895362439,
            40.371734346270436
          ],
          [
            117.39299775626023,
            40.3717763483058
          ],
          [
            117.39297655892221,
            40.37181835934251
          ],
          [
            117.39295536155805,
            40.37186037037515
          ],
          [
            117.39293416411545,
            40.37190237239831
          ],
          [
            117.392912966699,
            40.37194438342283
          ],
          [
            117.39289176925642,
            40.37198639444329
          ],
          [
            117.3928705835097,
            40.372028396414244
          ],
          [
            117.3928493860148,
            40.37207040742657
          ],
          [
            117.39282818849378,
            40.37211241843481
          ],
          [
            117.39280699089433,
            40.37215442043358
          ],
          [
            117.392785793321,
            40.37219643143369
          ],
          [
            117.39276459572154,
            40.37223844242973
          ],
          [
            117.392743409818,
            40.37228044437632
          ],
          [
            117.39272221216623,
            40.37232245536423
          ],
          [
            117.39270101448834,
            40.372364466348095
          ],
          [
            117.392679816732,
            40.37240646832245
          ],
          [
            117.39265861900179,
            40.37244847929818
          ],
          [
            117.39263742124545,
            40.37249049026983
          ],
          [
            117.39261623518509,
            40.37253249219203
          ],
          [
            117.39259503737647,
            40.37257450315555
          ],
          [
            117.39257383954168,
            40.37261651411498
          ],
          [
            117.39255264162847,
            40.37265851606497
          ],
          [
            117.3925314437414,
            40.37270052701628
          ],
          [
            117.39251024582815,
            40.37274253796353
          ],
          [
            117.39248905961097,
            40.37278453986135
          ],
          [
            117.39246786164546,
            40.372826550800454
          ],
          [
            117.39244666365379,
            40.37286856173551
          ],
          [
            117.39242546558374,
            40.372910563661094
          ],
          [
            117.39240426753975,
            40.37295257458803
          ],
          [
            117.39238306946963,
            40.37299458551085
          ],
          [
            117.39236187132114,
            40.373036587424245
          ],
          [
            117.39234068497323,
            40.37307859829901
          ],
          [
            117.39231948682466,
            40.37312060920966
          ],
          [
            117.39229828859773,
            40.37316261111084
          ],
          [
            117.39227709039689,
            40.37320462201334
          ],
          [
            117.39225589216987,
            40.37324663291181
          ],
          [
            117.3922346938645,
            40.37328863480079
          ],
          [
            117.39221350735974,
            40.37333064565118
          ],
          [
            117.39219230905428,
            40.3733726565374
          ],
          [
            117.3921871520284,
            40.373382868344905
          ],
          [
            117.39217560968865,
            40.37342702583276
          ],
          [
            117.39216406728181,
            40.373471174313806
          ],
          [
            117.39215252491238,
            40.37351533179882
          ],
          [
            117.39214097070128,
            40.373559480316956
          ],
          [
            117.39212942830214,
            40.373603637799135
          ],
          [
            117.39211788583596,
            40.37364778627451
          ],
          [
            117.39210634340712,
            40.37369194375387
          ],
          [
            117.39209480091124,
            40.373736092226395
          ],
          [
            117.39208325845269,
            40.37378024970291
          ],
          [
            117.39207171592713,
            40.37382439817261
          ],
          [
            117.39206016166426,
            40.3738685556862
          ],
          [
            117.39204861916119,
            40.37391271315847
          ],
          [
            117.39203707659108,
            40.373956861623896
          ],
          [
            117.3920255340583,
            40.37400101909331
          ],
          [
            117.39201399145851,
            40.37404516755593
          ],
          [
            117.39200244889604,
            40.3740893250225
          ],
          [
            117.39199090626654,
            40.37413347348226
          ],
          [
            117.3919793518997,
            40.37417763098592
          ],
          [
            117.39196780924053,
            40.374221779442834
          ],
          [
            117.39195626661868,
            40.37426593690376
          ],
          [
            117.3919447239298,
            40.37431008535785
          ],
          [
            117.39193318127825,
            40.374354242815926
          ],
          [
            117.39192163855967,
            40.37439839126717
          ],
          [
            117.39191009587846,
            40.374442548722406
          ],
          [
            117.3918985414076,
            40.37448670621612
          ],
          [
            117.39188699864451,
            40.37453085466311
          ],
          [
            117.39187545591871,
            40.37457501211409
          ],
          [
            117.39186391312592,
            40.374619160558254
          ],
          [
            117.39185237037044,
            40.3746633180064
          ],
          [
            117.39184082754794,
            40.37470746644771
          ],
          [
            117.39182928476278,
            40.37475162389302
          ],
          [
            117.3918177301358,
            40.37479577237139
          ],
          [
            117.39180618732092,
            40.37483992981386
          ],
          [
            117.39179464443905,
            40.374884078249494
          ],
          [
            117.39178310159447,
            40.37492823568913
          ],
          [
            117.39177155873507,
            40.37497239312734
          ],
          [
            117.39176001580864,
            40.37501654155873
          ],
          [
            117.39174847291955,
            40.3750606989941
          ],
          [
            117.39173691818857,
            40.37510484746254
          ],
          [
            117.39172537526976,
            40.37514900489507
          ],
          [
            117.39171383228397,
            40.37519315332077
          ],
          [
            117.39170228933546,
            40.375237310750485
          ],
          [
            117.39169074631995,
            40.375281459173365
          ],
          [
            117.39167920334177,
            40.3753256166002
          ],
          [
            117.39166766029656,
            40.375369765020245
          ],
          [
            117.39165610551376,
            40.37541392248415
          ],
          [
            117.39164456243887,
            40.375458070901345
          ],
          [
            117.39163301940128,
            40.375502228322524
          ],
          [
            117.39162147634882,
            40.3755463857423
          ],
          [
            117.3916099332294,
            40.37559053415525
          ],
          [
            117.39159839014725,
            40.37563469157216
          ],
          [
            117.39158684699814,
            40.37567883998227
          ],
          [
            117.39157529211134,
            40.375722997436235
          ],
          [
            117.39156374893251,
            40.3757671458435
          ],
          [
            117.39155220579097,
            40.37581130325474
          ],
          [
            117.39154066258247,
            40.37585545165919
          ],
          [
            117.39152911941122,
            40.375899609067595
          ],
          [
            117.39151757617302,
            40.375943757469166
          ],
          [
            117.39150603297207,
            40.375987914874756
          ],
          [
            117.3914944779813,
            40.376032072318786
          ],
          [
            117.39148293469854,
            40.37607622071612
          ],
          [
            117.39147139145304,
            40.37612037811744
          ],
          [
            117.3914598481406,
            40.376164526511936
          ],
          [
            117.39144830486543,
            40.376208683910406
          ],
          [
            117.39143676152327,
            40.376252832302065
          ],
          [
            117.3914252182184,
            40.376296989697714
          ],
          [
            117.39141366307149,
            40.376341138126385
          ],
          [
            117.39140211973691,
            40.376385295519185
          ],
          [
            117.39139057633537,
            40.37642944390518
          ],
          [
            117.39137903297109,
            40.376473601295146
          ],
          [
            117.39136748953985,
            40.37651774967829
          ],
          [
            117.39135594614588,
            40.37656190706541
          ],
          [
            117.39134440273705,
            40.37660606445114
          ],
          [
            117.39133284748615,
            40.37665021286986
          ],
          [
            117.39132130404762,
            40.376694370252736
          ],
          [
            117.39130976054213,
            40.37673851862879
          ],
          [
            117.3912982170739,
            40.37678267600882
          ],
          [
            117.39128667353873,
            40.37682682438204
          ],
          [
            117.3912751300408,
            40.37687098175922
          ],
          [
            117.39126358647592,
            40.3769151301296
          ],
          [
            117.39125203117314,
            40.376959287543805
          ],
          [
            117.39124048757857,
            40.377003435911334
          ],
          [
            117.39122894402122,
            40.37704759328286
          ],
          [
            117.39121740044904,
            40.37709175065298
          ],
          [
            117.39120585680992,
            40.37713589901625
          ],
          [
            117.39119431320803,
            40.37718005638349
          ],
          [
            117.39118276953921,
            40.37722420474393
          ],
          [
            117.39117121413243,
            40.37726836214819
          ],
          [
            117.39115967043391,
            40.3773125105058
          ],
          [
            117.39114812677262,
            40.3773566678674
          ],
          [
            117.39113658304439,
            40.37740081622215
          ],
          [
            117.39112503935341,
            40.37744497358089
          ],
          [
            117.3911134955955,
            40.37748912193284
          ],
          [
            117.3911019518748,
            40.377533279288734
          ],
          [
            117.39109039631194,
            40.37757742767765
          ],
          [
            117.39107885256153,
            40.37762158503073
          ],
          [
            117.39106730879628,
            40.377665742382376
          ],
          [
            117.39105576496414,
            40.37770989072721
          ],
          [
            117.3910442211692,
            40.37775404807603
          ],
          [
            117.39103267730732,
            40.37779819641802
          ],
          [
            117.39102113348268,
            40.37784235376399
          ],
          [
            117.3910095778158,
            40.37788650214294
          ],
          [
            117.39099803396144,
            40.37793065948609
          ],
          [
            117.39098649004018,
            40.37797480782242
          ],
          [
            117.39097494615612,
            40.37801896516272
          ],
          [
            117.39096340220514,
            40.37806311349619
          ],
          [
            117.3909518582914,
            40.37810727083365
          ],
          [
            117.3909403143628,
            40.37815142816969
          ],
          [
            117.39092875859188,
            40.37819557653873
          ],
          [
            117.39091721463359,
            40.37823973387193
          ],
          [
            117.39090567060836,
            40.3782838821983
          ],
          [
            117.39089412662035,
            40.37832803952866
          ],
          [
            117.39088258256544,
            40.37837218785222
          ],
          [
            117.39087103854771,
            40.37841634517974
          ],
          [
            117.39085949446311,
            40.378460493500455
          ],
          [
            117.39084793864025,
            40.378504650864926
          ],
          [
            117.39083639452595,
            40.3785487991828
          ],
          [
            117.3908248504488,
            40.378592956504654
          ],
          [
            117.3908133063048,
            40.378637104819674
          ],
          [
            117.39080176219795,
            40.378681262138706
          ],
          [
            117.39079021807628,
            40.37872541945627
          ],
          [
            117.39077867388771,
            40.37876956776706
          ],
          [
            117.39076711796082,
            40.378813725121596
          ],
          [
            117.39075557374255,
            40.37885787342953
          ],
          [
            117.39074402956146,
            40.378902030741436
          ],
          [
            117.39073248531348,
            40.37894617904654
          ],
          [
            117.3907209411027,
            40.37899033635561
          ],
          [
            117.39070939682502,
            40.37903448465787
          ],
          [
            117.39069785258451,
            40.3790786419641
          ],
          [
            117.3906862965016,
            40.37912279030329
          ],
          [
            117.39067475223138,
            40.379166947606706
          ],
          [
            117.39066320794632,
            40.37921110490868
          ],
          [
            117.3906516635944,
            40.37925525320386
          ],
          [
            117.39064011927961,
            40.37929941050298
          ],
          [
            117.390628574898,
            40.3793435587953
          ],
          [
            117.39061703055353,
            40.37938771609161
          ],
          [
            117.39060547436658,
            40.37943186442085
          ],
          [
            117.39059392999239,
            40.37947602171432
          ],
          [
            117.39058238555135,
            40.37952017000097
          ],
          [
            117.39057691288686,
            40.37954109942428
          ],
          [
            117.39056948124048,
            40.3795857741529
          ],
          [
            117.39056203775685,
            40.37963043991511
          ],
          [
            117.3905546060393,
            40.37967510563678
          ],
          [
            117.39054716253648,
            40.37971977139743
          ],
          [
            117.39053973079973,
            40.379764437117544
          ],
          [
            117.3905322990534,
            40.37980910283687
          ],
          [
            117.39052485552182,
            40.379853768595176
          ],
          [
            117.39051742375631,
            40.379898434312956
          ],
          [
            117.39050998020554,
            40.37994310006972
          ],
          [
            117.39050254847284,
            40.37998777479132
          ],
          [
            117.39049511667857,
            40.380032440506774
          ],
          [
            117.390487673099,
            40.38007710626121
          ],
          [
            117.39048024128557,
            40.380121771975105
          ],
          [
            117.39047279768681,
            40.38016643772797
          ],
          [
            117.3904653658542,
            40.380211103440296
          ],
          [
            117.39045792223624,
            40.38025576919161
          ],
          [
            117.39045049038445,
            40.38030043490241
          ],
          [
            117.39044305857507,
            40.380345109617814
          ],
          [
            117.39043561492834,
            40.380389775366794
          ],
          [
            117.39042818304777,
            40.380434441075245
          ],
          [
            117.39042073938185,
            40.38047910682267
          ],
          [
            117.39041330748213,
            40.38052377252956
          ],
          [
            117.39040587557281,
            40.3805684382357
          ],
          [
            117.3903984318781,
            40.38061310398078
          ],
          [
            117.39039099994962,
            40.38065776968535
          ],
          [
            117.3903835562877,
            40.38070244443428
          ],
          [
            117.39037612434004,
            40.38074711013729
          ],
          [
            117.39036868060695,
            40.380791775879274
          ],
          [
            117.39036124864009,
            40.380836441580726
          ],
          [
            117.39035381666366,
            40.380881107281404
          ],
          [
            117.39034637290179,
            40.38092577302106
          ],
          [
            117.3903389409062,
            40.380970438720176
          ],
          [
            117.39033149712513,
            40.38101510445827
          ],
          [
            117.39032406516232,
            40.381059779161234
          ],
          [
            117.39031663313796,
            40.381104444858025
          ],
          [
            117.3903091893281,
            40.38114911059378
          ],
          [
            117.39030175728458,
            40.38119377628902
          ],
          [
            117.39029431345551,
            40.38123844202321
          ],
          [
            117.39028688139278,
            40.381283107716904
          ],
          [
            117.39027944932049,
            40.38132777340981
          ],
          [
            117.39027200546265,
            40.38137243914168
          ],
          [
            117.39026457337117,
            40.38141710483303
          ],
          [
            117.3902571295461,
            40.38146177956873
          ],
          [
            117.39024969743546,
            40.38150644525854
          ],
          [
            117.39024225353923,
            40.3815511109873
          ],
          [
            117.3902348214094,
            40.38159577667553
          ],
          [
            117.39022738926998,
            40.38164044236299
          ],
          [
            117.39021994534497,
            40.38168510808942
          ],
          [
            117.39021251318637,
            40.381729773775334
          ],
          [
            117.39020506924217,
            40.381774439500205
          ],
          [
            117.39019763711636,
            40.38181911418995
          ],
          [
            117.390190204929,
            40.38186377987351
          ],
          [
            117.39018276095601,
            40.38190844559605
          ]
        ]
      }
    },
    {
      "type": "Feature",
      "properties": {
        "Id": "CP-MAIN-004",
        "road_name": "??????",
        "roadRole": "mainline",
        "source": "RoadCenterLine.geojson",
        "sourceLayer": "RoadCenterLine",
        "sourceRecordNumber": 30,
        "segmentLengthMeters": 2201.7,
        "speedUnit": "km/h",
        "speeds": {
          "2026-02-13T00:00:00": 103.3,
          "2026-02-13T00:15:00": 105.8,
          "2026-02-13T00:30:00": 103.2,
          "2026-02-13T00:45:00": 106.4,
          "2026-02-13T01:00:00": 104.5,
          "2026-02-13T01:15:00": 104.1,
          "2026-02-13T01:30:00": 105.4,
          "2026-02-13T01:45:00": 106.9,
          "2026-02-13T02:00:00": 106.1,
          "2026-02-13T02:15:00": 105.3,
          "2026-02-13T02:30:00": 106.1,
          "2026-02-13T02:45:00": 105.1,
          "2026-02-13T03:00:00": 105.2,
          "2026-02-13T03:15:00": 106.5,
          "2026-02-13T03:30:00": 104.7,
          "2026-02-13T03:45:00": 105.8,
          "2026-02-13T04:00:00": 104.2,
          "2026-02-13T04:15:00": 105,
          "2026-02-13T04:30:00": 104.1,
          "2026-02-13T04:45:00": 103.8,
          "2026-02-13T05:00:00": 106.6,
          "2026-02-13T05:15:00": 104.1,
          "2026-02-13T05:30:00": 106.5,
          "2026-02-13T05:45:00": 105.4,
          "2026-02-13T06:00:00": 103.6,
          "2026-02-13T06:15:00": 102.3,
          "2026-02-13T06:30:00": 104.7,
          "2026-02-13T06:45:00": 104.6,
          "2026-02-13T07:00:00": 100.1,
          "2026-02-13T07:15:00": 100,
          "2026-02-13T07:30:00": 91.7,
          "2026-02-13T07:45:00": 91.2,
          "2026-02-13T08:00:00": 89.5,
          "2026-02-13T08:15:00": 87.9,
          "2026-02-13T08:30:00": 95,
          "2026-02-13T08:45:00": 96,
          "2026-02-13T09:00:00": 99.6,
          "2026-02-13T09:15:00": 102,
          "2026-02-13T09:30:00": 102.1,
          "2026-02-13T09:45:00": 102.4,
          "2026-02-13T10:00:00": 103.3,
          "2026-02-13T10:15:00": 103,
          "2026-02-13T10:30:00": 101.3,
          "2026-02-13T10:45:00": 99.9,
          "2026-02-13T11:00:00": 102.1,
          "2026-02-13T11:15:00": 101.4,
          "2026-02-13T11:30:00": 100.2,
          "2026-02-13T11:45:00": 102.9,
          "2026-02-13T12:00:00": 101.7,
          "2026-02-13T12:15:00": 101.5,
          "2026-02-13T12:30:00": 100.1,
          "2026-02-13T12:45:00": 100.2,
          "2026-02-13T13:00:00": 100,
          "2026-02-13T13:15:00": 99,
          "2026-02-13T13:30:00": 99.3,
          "2026-02-13T13:45:00": 100.9,
          "2026-02-13T14:00:00": 102.2,
          "2026-02-13T14:15:00": 101.6,
          "2026-02-13T14:30:00": 101.7,
          "2026-02-13T14:45:00": 100.7,
          "2026-02-13T15:00:00": 102.6,
          "2026-02-13T15:15:00": 99.2,
          "2026-02-13T15:30:00": 100.3,
          "2026-02-13T15:45:00": 99.7,
          "2026-02-13T16:00:00": 100.4,
          "2026-02-13T16:15:00": 101.1,
          "2026-02-13T16:30:00": 98.5,
          "2026-02-13T16:45:00": 97.6,
          "2026-02-13T17:00:00": 96.6,
          "2026-02-13T17:15:00": 94.3,
          "2026-02-13T17:30:00": 95.2,
          "2026-02-13T17:45:00": 83.6,
          "2026-02-13T18:00:00": 83,
          "2026-02-13T18:15:00": 81.3,
          "2026-02-13T18:30:00": 67.6,
          "2026-02-13T18:45:00": 62.9,
          "2026-02-13T19:00:00": 77.8,
          "2026-02-13T19:15:00": 63.5,
          "2026-02-13T19:30:00": 73,
          "2026-02-13T19:45:00": 75.9,
          "2026-02-13T20:00:00": 84.9,
          "2026-02-13T20:15:00": 88,
          "2026-02-13T20:30:00": 91.8,
          "2026-02-13T20:45:00": 96,
          "2026-02-13T21:00:00": 97.2,
          "2026-02-13T21:15:00": 101.2,
          "2026-02-13T21:30:00": 101.3,
          "2026-02-13T21:45:00": 104.2,
          "2026-02-13T22:00:00": 100.9,
          "2026-02-13T22:15:00": 103.2,
          "2026-02-13T22:30:00": 102.3,
          "2026-02-13T22:45:00": 105.4,
          "2026-02-13T23:00:00": 105.4,
          "2026-02-13T23:15:00": 103.4,
          "2026-02-13T23:30:00": 103.5,
          "2026-02-13T23:45:00": 104.2
        },
        "traffic_level": {
          "2026-02-13T00:00:00": 1,
          "2026-02-13T00:15:00": 1,
          "2026-02-13T00:30:00": 1,
          "2026-02-13T00:45:00": 1,
          "2026-02-13T01:00:00": 1,
          "2026-02-13T01:15:00": 1,
          "2026-02-13T01:30:00": 1,
          "2026-02-13T01:45:00": 1,
          "2026-02-13T02:00:00": 1,
          "2026-02-13T02:15:00": 1,
          "2026-02-13T02:30:00": 1,
          "2026-02-13T02:45:00": 1,
          "2026-02-13T03:00:00": 1,
          "2026-02-13T03:15:00": 1,
          "2026-02-13T03:30:00": 1,
          "2026-02-13T03:45:00": 1,
          "2026-02-13T04:00:00": 1,
          "2026-02-13T04:15:00": 1,
          "2026-02-13T04:30:00": 1,
          "2026-02-13T04:45:00": 1,
          "2026-02-13T05:00:00": 1,
          "2026-02-13T05:15:00": 1,
          "2026-02-13T05:30:00": 1,
          "2026-02-13T05:45:00": 1,
          "2026-02-13T06:00:00": 1,
          "2026-02-13T06:15:00": 1,
          "2026-02-13T06:30:00": 1,
          "2026-02-13T06:45:00": 1,
          "2026-02-13T07:00:00": 1,
          "2026-02-13T07:15:00": 1,
          "2026-02-13T07:30:00": 1,
          "2026-02-13T07:45:00": 1,
          "2026-02-13T08:00:00": 2,
          "2026-02-13T08:15:00": 2,
          "2026-02-13T08:30:00": 1,
          "2026-02-13T08:45:00": 1,
          "2026-02-13T09:00:00": 1,
          "2026-02-13T09:15:00": 1,
          "2026-02-13T09:30:00": 1,
          "2026-02-13T09:45:00": 1,
          "2026-02-13T10:00:00": 1,
          "2026-02-13T10:15:00": 1,
          "2026-02-13T10:30:00": 1,
          "2026-02-13T10:45:00": 1,
          "2026-02-13T11:00:00": 1,
          "2026-02-13T11:15:00": 1,
          "2026-02-13T11:30:00": 1,
          "2026-02-13T11:45:00": 1,
          "2026-02-13T12:00:00": 1,
          "2026-02-13T12:15:00": 1,
          "2026-02-13T12:30:00": 1,
          "2026-02-13T12:45:00": 1,
          "2026-02-13T13:00:00": 1,
          "2026-02-13T13:15:00": 1,
          "2026-02-13T13:30:00": 1,
          "2026-02-13T13:45:00": 1,
          "2026-02-13T14:00:00": 1,
          "2026-02-13T14:15:00": 1,
          "2026-02-13T14:30:00": 1,
          "2026-02-13T14:45:00": 1,
          "2026-02-13T15:00:00": 1,
          "2026-02-13T15:15:00": 1,
          "2026-02-13T15:30:00": 1,
          "2026-02-13T15:45:00": 1,
          "2026-02-13T16:00:00": 1,
          "2026-02-13T16:15:00": 1,
          "2026-02-13T16:30:00": 1,
          "2026-02-13T16:45:00": 1,
          "2026-02-13T17:00:00": 1,
          "2026-02-13T17:15:00": 1,
          "2026-02-13T17:30:00": 1,
          "2026-02-13T17:45:00": 2,
          "2026-02-13T18:00:00": 2,
          "2026-02-13T18:15:00": 2,
          "2026-02-13T18:30:00": 3,
          "2026-02-13T18:45:00": 3,
          "2026-02-13T19:00:00": 2,
          "2026-02-13T19:15:00": 3,
          "2026-02-13T19:30:00": 2,
          "2026-02-13T19:45:00": 2,
          "2026-02-13T20:00:00": 2,
          "2026-02-13T20:15:00": 2,
          "2026-02-13T20:30:00": 1,
          "2026-02-13T20:45:00": 1,
          "2026-02-13T21:00:00": 1,
          "2026-02-13T21:15:00": 1,
          "2026-02-13T21:30:00": 1,
          "2026-02-13T21:45:00": 1,
          "2026-02-13T22:00:00": 1,
          "2026-02-13T22:15:00": 1,
          "2026-02-13T22:30:00": 1,
          "2026-02-13T22:45:00": 1,
          "2026-02-13T23:00:00": 1,
          "2026-02-13T23:15:00": 1,
          "2026-02-13T23:30:00": 1,
          "2026-02-13T23:45:00": 1
        }
      },
      "geometry": {
        "type": "LineString",
        "coordinates": [
          [
            117.39018276095601,
            40.38190844559605
          ],
          [
            117.39017532874946,
            40.38195311127809
          ],
          [
            117.39016788475729,
            40.38199777699906
          ],
          [
            117.39016045253156,
            40.382042442679534
          ],
          [
            117.39015302029625,
            40.38208710835921
          ],
          [
            117.3901455762753,
            40.38213177407786
          ],
          [
            117.39013814407275,
            40.382176448761385
          ],
          [
            117.39013070003261,
            40.38222111447847
          ],
          [
            117.39012326775894,
            40.38226578015505
          ],
          [
            117.39011582369959,
            40.38231044587059
          ],
          [
            117.39010839140674,
            40.38235511154563
          ],
          [
            117.39010095910432,
            40.38239977721987
          ],
          [
            117.39009351501616,
            40.38244444293307
          ],
          [
            117.39008608269455,
            40.38248910860577
          ],
          [
            117.39007863863918,
            40.382533783322806
          ],
          [
            117.39007120629839,
            40.38257844899393
          ],
          [
            117.39006377394803,
            40.382623114664305
          ],
          [
            117.39005632981188,
            40.3826677803736
          ],
          [
            117.39004889744234,
            40.382712446042405
          ],
          [
            117.39004145328701,
            40.382757111750166
          ],
          [
            117.39003402089828,
            40.38280177741741
          ],
          [
            117.39002657672377,
            40.38284644312362
          ],
          [
            117.3900191443678,
            40.382891117794706
          ],
          [
            117.39001171195031,
            40.38293578345965
          ],
          [
            117.390004267747,
            40.3829804491635
          ],
          [
            117.38999683531033,
            40.38302511482686
          ],
          [
            117.38998939108784,
            40.38306978052916
          ],
          [
            117.38998195863198,
            40.38311444619097
          ],
          [
            117.38997452616654,
            40.38315911185202
          ],
          [
            117.38996708191523,
            40.383203777551984
          ],
          [
            117.38995964943064,
            40.38324844321146
          ],
          [
            117.38995220521207,
            40.383293117915265
          ],
          [
            117.38994477270826,
            40.38333778357321
          ],
          [
            117.38993734019488,
            40.38338244923035
          ],
          [
            117.38992989589559,
            40.383427114926434
          ],
          [
            117.38992246336302,
            40.38347178058202
          ],
          [
            117.38991501904457,
            40.38351644627656
          ],
          [
            117.38990758649282,
            40.38356111193058
          ],
          [
            117.38990014215513,
            40.38360577762355
          ],
          [
            117.38989270963613,
            40.38365045228143
          ],
          [
            117.38988527705563,
            40.38369511793314
          ],
          [
            117.38987783268917,
            40.383739783623774
          ],
          [
            117.38987040008948,
            40.383784449273925
          ],
          [
            117.38986295570379,
            40.38382911496301
          ],
          [
            117.38985552308493,
            40.3838737806116
          ],
          [
            117.38984809045647,
            40.383918446259415
          ],
          [
            117.38984064604203,
            40.38396311194615
          ],
          [
            117.3898332134463,
            40.38400778659783
          ],
          [
            117.38982576901265,
            40.384052452282994
          ],
          [
            117.38981833634581,
            40.38409711792771
          ],
          [
            117.38981089189296,
            40.384141783611355
          ],
          [
            117.38980345920697,
            40.3841864492545
          ],
          [
            117.38979602651138,
            40.384231114896885
          ],
          [
            117.38978858202972,
            40.38427578057817
          ],
          [
            117.38978114931496,
            40.38432044621901
          ],
          [
            117.38977370486604,
            40.38436512090413
          ],
          [
            117.38976627213209,
            40.3844097865434
          ],
          [
            117.38975883938855,
            40.384454452181885
          ],
          [
            117.3897513948589,
            40.3844991178593
          ],
          [
            117.38974396209619,
            40.38454378349623
          ],
          [
            117.38973651754736,
            40.384588449172085
          ],
          [
            117.38972908476545,
            40.38463311480746
          ],
          [
            117.38972165197396,
            40.384677780442075
          ],
          [
            117.38971420739635,
            40.384722446115596
          ],
          [
            117.38970677463756,
            40.384767120754006
          ],
          [
            117.38969933004074,
            40.38481178642599
          ],
          [
            117.3896918972109,
            40.38485645205748
          ],
          [
            117.38968445259489,
            40.38490111772788
          ],
          [
            117.38967701974585,
            40.384945783357814
          ],
          [
            117.38966958688721,
            40.384990448986976
          ],
          [
            117.38966214224241,
            40.38503511465505
          ],
          [
            117.38965470936459,
            40.38507978028266
          ],
          [
            117.38964726475248,
            40.38512445495454
          ],
          [
            117.38963983185548,
            40.385169120580606
          ],
          [
            117.3896323989489,
            40.38521378620588
          ],
          [
            117.38962495425609,
            40.385258451870065
          ],
          [
            117.38961752133032,
            40.3853031174938
          ],
          [
            117.38961007661833,
            40.3853477831564
          ],
          [
            117.38960264367338,
            40.38539244877857
          ],
          [
            117.38959521071885,
            40.38543711439995
          ],
          [
            117.38958776602995,
            40.38548178906563
          ],
          [
            117.38958033305623,
            40.38552645468547
          ],
          [
            117.38957288829624,
            40.3855711203442
          ],
          [
            117.38956545530334,
            40.38561578596246
          ],
          [
            117.38955801052413,
            40.385660451619636
          ],
          [
            117.38955057751204,
            40.38570511723638
          ],
          [
            117.38954314449036,
            40.38574978285232
          ],
          [
            117.38953569968238,
            40.385794448507156
          ],
          [
            117.38952826669339,
            40.38583912312693
          ],
          [
            117.38952082186623,
            40.38588378878023
          ],
          [
            117.38951338880618,
            40.38592845439304
          ],
          [
            117.38950595573654,
            40.385973120005104
          ],
          [
            117.38949851088057,
            40.38601778565605
          ],
          [
            117.38949793039295,
            40.38602128176962
          ],
          [
            117.38951224369525,
            40.38606495556598
          ],
          [
            117.38952654523949,
            40.38610862939982
          ],
          [
            117.38954085863108,
            40.386152312197176
          ],
          [
            117.38955516021268,
            40.38619598602665
          ],
          [
            117.38956947364167,
            40.386239668819634
          ],
          [
            117.38958378703747,
            40.38628334260507
          ],
          [
            117.38959808872706,
            40.38632702543335
          ],
          [
            117.38961240216024,
            40.38637069921441
          ],
          [
            117.3896267038872,
            40.38641438203832
          ],
          [
            117.38964101735782,
            40.38645805581501
          ],
          [
            117.3896553308471,
            40.386501729589476
          ],
          [
            117.38966963263015,
            40.38654541240684
          ],
          [
            117.38968394615685,
            40.386589086176954
          ],
          [
            117.38969825975414,
            40.38663276895026
          ],
          [
            117.38971256154139,
            40.386676442755686
          ],
          [
            117.3897268751761,
            40.386720125524604
          ],
          [
            117.38974117700072,
            40.386763799325664
          ],
          [
            117.38975549067283,
            40.38680748209021
          ],
          [
            117.3897698043117,
            40.386851155847204
          ],
          [
            117.3897841061924,
            40.38689482964166
          ],
          [
            117.38979841992061,
            40.38693851239966
          ],
          [
            117.38981272183868,
            40.386982186189776
          ],
          [
            117.3898270356043,
            40.387025868943404
          ],
          [
            117.38984134933672,
            40.387069542689424
          ],
          [
            117.38985565136278,
            40.387113225478366
          ],
          [
            117.38986996513259,
            40.38715689922004
          ],
          [
            117.38988426719605,
            40.38720058200461
          ],
          [
            117.38989858100325,
            40.38724425574189
          ],
          [
            117.38991289482915,
            40.387287929477
          ],
          [
            117.38992719694872,
            40.38733161225501
          ],
          [
            117.38994151081201,
            40.38737528598573
          ],
          [
            117.38995581296896,
            40.387418968759384
          ],
          [
            117.38997012686967,
            40.38746264248573
          ],
          [
            117.389984440841,
            40.38750632521527
          ],
          [
            117.3899987430021,
            40.38754999897696
          ],
          [
            117.3900130569589,
            40.38759367269675
          ],
          [
            117.39002735920931,
            40.38763735545945
          ],
          [
            117.39004167320351,
            40.38768102917487
          ],
          [
            117.39005598726838,
            40.38772471189348
          ],
          [
            117.39007028952294,
            40.387768385644236
          ],
          [
            117.39008460362521,
            40.38781206835846
          ],
          [
            117.39009890591717,
            40.38785574210487
          ],
          [
            117.39011322005682,
            40.387899424814705
          ],
          [
            117.39012753416324,
            40.387943098517
          ],
          [
            117.39014183651128,
            40.387986772256816
          ],
          [
            117.39015615070706,
            40.38803045496011
          ],
          [
            117.39017045309247,
            40.388074128695564
          ],
          [
            117.39018476732565,
            40.38811781139448
          ],
          [
            117.39019908152558,
            40.38816148508584
          ],
          [
            117.39021338401906,
            40.388205167820104
          ],
          [
            117.39022769825638,
            40.38824884150707
          ],
          [
            117.39024200078724,
            40.38829252423698
          ],
          [
            117.39025631506198,
            40.38833619791957
          ],
          [
            117.39027062935541,
            40.388379871599966
          ],
          [
            117.39028493194238,
            40.388423554323325
          ],
          [
            117.39029924627322,
            40.38846722799935
          ],
          [
            117.39031356067474,
            40.38851091067856
          ],
          [
            117.3903278632658,
            40.38855458438998
          ],
          [
            117.39034217770474,
            40.388598267064815
          ],
          [
            117.39035648033318,
            40.388641940771855
          ],
          [
            117.39037079480953,
            40.38868562344231
          ],
          [
            117.39038510925258,
            40.38872929710523
          ],
          [
            117.39039941193712,
            40.38877297080568
          ],
          [
            117.39041372646959,
            40.388816653469576
          ],
          [
            117.3904280291915,
            40.38886032716569
          ],
          [
            117.39044234376136,
            40.388904009825225
          ],
          [
            117.39045665829795,
            40.38894768347717
          ],
          [
            117.39047096112796,
            40.38899136617208
          ],
          [
            117.39048527570193,
            40.389035039819674
          ],
          [
            117.39049957851734,
            40.38907871350484
          ],
          [
            117.39051389318074,
            40.38912239615344
          ],
          [
            117.3905282078108,
            40.38916606979444
          ],
          [
            117.39054251073432,
            40.38920975247842
          ],
          [
            117.39055682540182,
            40.38925342611506
          ],
          [
            117.39057112836271,
            40.38929710879468
          ],
          [
            117.39058544306761,
            40.38934078242693
          ],
          [
            117.39059975784323,
            40.389384465062406
          ],
          [
            117.39061406080819,
            40.389428138730075
          ],
          [
            117.3906283755692,
            40.38947181235576
          ],
          [
            117.39064267862359,
            40.389515495024455
          ],
          [
            117.390656993422,
            40.38955916864576
          ],
          [
            117.39067130829118,
            40.389602851270276
          ],
          [
            117.39068561134962,
            40.38964652492702
          ],
          [
            117.39069992625619,
            40.38969020754715
          ],
          [
            117.39071422935201,
            40.38973388119953
          ],
          [
            117.39072854429601,
            40.38977756381528
          ],
          [
            117.39074285920665,
            40.389821237423476
          ],
          [
            117.39075716235858,
            40.38986491106927
          ],
          [
            117.39077147735865,
            40.38990859367846
          ],
          [
            117.39078578054799,
            40.38995226731989
          ],
          [
            117.3908000955855,
            40.38999594992472
          ],
          [
            117.39081089784918,
            40.39002891878172
          ],
          [
            117.39083881637842,
            40.390068565944254
          ],
          [
            117.39086673494056,
            40.3901082130996
          ],
          [
            117.39089465353557,
            40.39014786024778
          ],
          [
            117.39092257211136,
            40.39018749838344
          ],
          [
            117.39095049077213,
            40.39022714551728
          ],
          [
            117.39097840946576,
            40.39026679264396
          ],
          [
            117.39100632819226,
            40.390306439763485
          ],
          [
            117.39103424695165,
            40.39034608687584
          ],
          [
            117.3910621656918,
            40.39038572497563
          ],
          [
            117.39109008451696,
            40.390425372073665
          ],
          [
            117.39111800337497,
            40.390465019164516
          ],
          [
            117.39114592226588,
            40.390504666248205
          ],
          [
            117.39117384118963,
            40.39054431332474
          ],
          [
            117.39120176014627,
            40.390583960394096
          ],
          [
            117.3912296790837,
            40.390623598450915
          ],
          [
            117.3912575981061,
            40.390663245505934
          ],
          [
            117.39128551716139,
            40.39070289255378
          ],
          [
            117.39131343624953,
            40.39074253959447
          ],
          [
            117.39132788866739,
            40.39076306838031
          ],
          [
            117.39132832793028,
            40.390763670266
          ],
          [
            117.39140801609798,
            40.39087140418619
          ],
          [
            117.39148932571207,
            40.39097842112089
          ],
          [
            117.39157226850307,
            40.391084712021446
          ],
          [
            117.39165680898651,
            40.3911902499879
          ],
          [
            117.39174297072233,
            40.391295034936945
          ],
          [
            117.39183070644776,
            40.39139904000851
          ],
          [
            117.39192002789254,
            40.391502256153714
          ],
          [
            117.39201091145299,
            40.391604674443414
          ],
          [
            117.39210335702856,
            40.391706276863175
          ],
          [
            117.39219732918502,
            40.39180704551834
          ],
          [
            117.3922928396513,
            40.39190697135994
          ],
          [
            117.39238986482262,
            40.39200604545868
          ],
          [
            117.39248839276732,
            40.39210424083468
          ],
          [
            117.39258839993236,
            40.39220155756409
          ],
          [
            117.39268989799344,
            40.39229797759234
          ],
          [
            117.39279283978897,
            40.392393492070205
          ],
          [
            117.39289723694183,
            40.39248807393774
          ],
          [
            117.3930030776758,
            40.39258172323103
          ],
          [
            117.39311032660636,
            40.39267443106092
          ],
          [
            117.39321898357763,
            40.39276617040741
          ],
          [
            117.39332902503469,
            40.392856941346714
          ],
          [
            117.3934404508211,
            40.39294671685876
          ],
          [
            117.39355322565591,
            40.39303550606524
          ],
          [
            117.39366734938213,
            40.39312328194613
          ],
          [
            117.3937827983913,
            40.39321003557233
          ],
          [
            117.39389957257833,
            40.39329574892917
          ],
          [
            117.39401763660868,
            40.39338042213309
          ],
          [
            117.39413697859865,
            40.393464037209576
          ],
          [
            117.39425758671673,
            40.39354658518951
          ],
          [
            117.39437944913115,
            40.39362805710376
          ],
          [
            117.3945025421793,
            40.39370843501809
          ],
          [
            117.39462684225072,
            40.39378771000359
          ],
          [
            117.39475234934356,
            40.39386588205646
          ],
          [
            117.3948790397417,
            40.39394292423712
          ],
          [
            117.39500690166463,
            40.394018836582006
          ],
          [
            117.3951358996701,
            40.39409360119725
          ],
          [
            117.39526603370257,
            40.39416720907376
          ],
          [
            117.3953170245405,
            40.394189728747925
          ],
          [
            117.39536802719047,
            40.394212248359096
          ],
          [
            117.3954190180961,
            40.39423476798779
          ],
          [
            117.39547002081378,
            40.39425728755347
          ],
          [
            117.39552101178714,
            40.3942798071367
          ],
          [
            117.39557201457251,
            40.39430232665689
          ],
          [
            117.39562300561357,
            40.39432484619463
          ],
          [
            117.39567400846668,
            40.39434736566935
          ],
          [
            117.39572499957545,
            40.3943698851616
          ],
          [
            117.39577600249629,
            40.394392404590846
          ],
          [
            117.39582700545097,
            40.39441492399731
          ],
          [
            117.3958779966613,
            40.39443744342138
          ],
          [
            117.3959289996837,
            40.394459962782385
          ],
          [
            117.39597999096176,
            40.394482482160946
          ],
          [
            117.39603099405188,
            40.39450500147647
          ],
          [
            117.39608198539764,
            40.39452752080956
          ],
          [
            117.39613298855548,
            40.3945500400796
          ],
          [
            117.39618397996894,
            40.39457255936724
          ],
          [
            117.3962349831945,
            40.39459507859177
          ],
          [
            117.39628597467568,
            40.39461759783392
          ],
          [
            117.39633697796896,
            40.39464011701296
          ],
          [
            117.39638796951783,
            40.394662636209674
          ],
          [
            117.39643897287884,
            40.39468515534322
          ],
          [
            117.39648997627368,
            40.394707674454025
          ],
          [
            117.39654096787132,
            40.39473018457714
          ],
          [
            117.39659197133388,
            40.39475270364247
          ],
          [
            117.39664296305205,
            40.394775222725464
          ],
          [
            117.39669396658232,
            40.394797741745315
          ],
          [
            117.39674495836817,
            40.39482026078283
          ],
          [
            117.39679596196619,
            40.394842779757184
          ],
          [
            117.39684695381975,
            40.394865298749224
          ],
          [
            117.39689795748548,
            40.39488781767808
          ],
          [
            117.39694894940676,
            40.39491033662466
          ],
          [
            117.3969999531402,
            40.39493285550803
          ],
          [
            117.3970509451292,
            40.39495537440911
          ],
          [
            117.39710194893033,
            40.394977893247
          ],
          [
            117.39715295276537,
            40.39500041206215
          ],
          [
            117.39720394485592,
            40.39502293089502
          ],
          [
            117.39725494875866,
            40.39504544966469
          ],
          [
            117.39730594091694,
            40.39506796845206
          ],
          [
            117.39735694488738,
            40.39509048717623
          ],
          [
            117.39740793711337,
            40.39511300591816
          ],
          [
            117.39745894115153,
            40.39513552459684
          ],
          [
            117.39750993344522,
            40.39515804329325
          ],
          [
            117.3975609375511,
            40.395180561926466
          ],
          [
            117.3976119299125,
            40.39520308057741
          ],
          [
            117.3976629340861,
            40.39522559916512
          ],
          [
            117.39771392651521,
            40.39524811777058
          ],
          [
            117.39776493075654,
            40.395270636312794
          ],
          [
            117.39781593503172,
            40.395293154832295
          ],
          [
            117.3978669275624,
            40.395315673369524
          ],
          [
            117.39791793185228,
            40.39533818283815
          ],
          [
            117.39796892445067,
            40.39536070132992
          ],
          [
            117.39801992886127,
            40.39538321975842
          ],
          [
            117.39807092152738,
            40.39540573820471
          ],
          [
            117.3981219260057,
            40.39542825658772
          ],
          [
            117.3981729187395,
            40.39545077498851
          ],
          [
            117.39822392328553,
            40.395473293326035
          ],
          [
            117.39827491608705,
            40.39549581168138
          ],
          [
            117.3983259207008,
            40.39551832997339
          ],
          [
            117.39837691357002,
            40.39554084828325
          ],
          [
            117.39842791825151,
            40.39556336652977
          ],
          [
            117.39844113295054,
            40.395569201618244
          ],
          [
            117.39849646573639,
            40.39558462656149
          ],
          [
            117.39855178676892,
            40.39560005151865
          ],
          [
            117.39860711960492,
            40.39561547640858
          ],
          [
            117.39866245246597,
            40.39563090127188
          ],
          [
            117.39871777362679,
            40.395646335154524
          ],
          [
            117.398773106538,
            40.39566175996455
          ],
          [
            117.39882843947426,
            40.39567718474793
          ],
          [
            117.39888376065717,
            40.39569260954531
          ],
          [
            117.39893909364355,
            40.39570803427542
          ],
          [
            117.39899441487658,
            40.39572345901952
          ],
          [
            117.39904974791308,
            40.395738883696374
          ],
          [
            117.39910508097468,
            40.395754308346575
          ],
          [
            117.39916040228287,
            40.39576973301078
          ],
          [
            117.39921573539459,
            40.39578515760771
          ],
          [
            117.39927106858458,
            40.39580059118336
          ],
          [
            117.399326389968,
            40.39581601576768
          ],
          [
            117.3993817231549,
            40.39583144028468
          ],
          [
            117.39943705636688,
            40.395846864775024
          ],
          [
            117.39949237782547,
            40.39586228927945
          ],
          [
            117.39954771108759,
            40.39587771371654
          ],
          [
            117.39960304437476,
            40.395893138127
          ],
          [
            117.39965836590854,
            40.39590856255151
          ],
          [
            117.39971369924585,
            40.39592398690868
          ],
          [
            117.39976903260819,
            40.39593941123922
          ],
          [
            117.39982435427042,
            40.395954844589205
          ],
          [
            117.39987968768295,
            40.39597026886646
          ],
          [
            117.39993502112051,
            40.39598569311707
          ],
          [
            117.39998009014677,
            40.39599825306087
          ],
          [
            117.40003410753077,
            40.39601619436337
          ],
          [
            117.40008812489002,
            40.39603412663507
          ],
          [
            117.40014214227774,
            40.396052058881345
          ],
          [
            117.40019617147244,
            40.39606999106143
          ],
          [
            117.40025018891716,
            40.39608792325685
          ],
          [
            117.40030420644368,
            40.39610586443221
          ],
          [
            117.40035822394539,
            40.39612379657676
          ],
          [
            117.40041224147558,
            40.39614172869591
          ],
          [
            117.40046627081279,
            40.39615966074882
          ],
          [
            117.40052028839997,
            40.396177592817075
          ],
          [
            117.40057430606903,
            40.39619553386531
          ],
          [
            117.4006283237132,
            40.39621346588272
          ],
          [
            117.40068235316438,
            40.39623139783388
          ],
          [
            117.40073637086556,
            40.39624932980045
          ],
          [
            117.40079038859523,
            40.39626726174157
          ],
          [
            117.40084440640678,
            40.39628520266263
          ],
          [
            117.40089843597198,
            40.39630313451206
          ],
          [
            117.40095245378711,
            40.39632106637692
          ],
          [
            117.40100647163078,
            40.39633899821634
          ],
          [
            117.40106048950291,
            40.396356930030315
          ],
          [
            117.40111450745697,
            40.396374870824225
          ],
          [
            117.40116853716465,
            40.39639280254649
          ],
          [
            117.40122255512229,
            40.39641073428418
          ],
          [
            117.4012765731084,
            40.39642866599645
          ],
          [
            117.40133059117649,
            40.39644660668864
          ],
          [
            117.40138462099814,
            40.396464538309175
          ],
          [
            117.40143863906975,
            40.39648246994514
          ],
          [
            117.40149265716984,
            40.3965004015557
          ],
          [
            117.40154667529843,
            40.396518333140826
          ],
          [
            117.40160069350902,
            40.39653627370586
          ],
          [
            117.40165472347319,
            40.3965542051992
          ],
          [
            117.40170874168727,
            40.39657213670803
          ],
          [
            117.40176275992985,
            40.39659006819144
          ],
          [
            117.4018167782009,
            40.396607999649405
          ],
          [
            117.40187080833259,
            40.39662594004636
          ],
          [
            117.40192482666063,
            40.39664387145346
          ],
          [
            117.40196182633429,
            40.396656152481505
          ],
          [
            117.40201627596566,
            40.3966733168752
          ],
          [
            117.40207072557095,
            40.39669047223772
          ],
          [
            117.40212517520371,
            40.39670762757441
          ],
          [
            117.40217962491751,
            40.39672479189062
          ],
          [
            117.4022340746052,
            40.39674194717568
          ],
          [
            117.40228852437397,
            40.396759111440254
          ],
          [
            117.40234297411659,
            40.396776266673626
          ],
          [
            117.40239742388668,
            40.396793421881206
          ],
          [
            117.40245187373786,
            40.39681058606829
          ],
          [
            117.40250632356287,
            40.39682774122421
          ],
          [
            117.402560773469,
            40.39684490535966
          ]
        ]
      }
    },
    {
      "type": "Feature",
      "properties": {
        "Id": "CP-MAIN-005",
        "road_name": "??????",
        "roadRole": "mainline",
        "source": "RoadCenterLine.geojson",
        "sourceLayer": "RoadCenterLine",
        "sourceRecordNumber": 30,
        "segmentLengthMeters": 2201.8,
        "speedUnit": "km/h",
        "speeds": {
          "2026-02-13T00:00:00": 103.8,
          "2026-02-13T00:15:00": 101.7,
          "2026-02-13T00:30:00": 102.6,
          "2026-02-13T00:45:00": 104,
          "2026-02-13T01:00:00": 104.2,
          "2026-02-13T01:15:00": 103.6,
          "2026-02-13T01:30:00": 101.4,
          "2026-02-13T01:45:00": 102.5,
          "2026-02-13T02:00:00": 103.7,
          "2026-02-13T02:15:00": 102.7,
          "2026-02-13T02:30:00": 102.7,
          "2026-02-13T02:45:00": 103.9,
          "2026-02-13T03:00:00": 100.8,
          "2026-02-13T03:15:00": 100.8,
          "2026-02-13T03:30:00": 103.4,
          "2026-02-13T03:45:00": 101.1,
          "2026-02-13T04:00:00": 100.9,
          "2026-02-13T04:15:00": 101.9,
          "2026-02-13T04:30:00": 100.3,
          "2026-02-13T04:45:00": 100.5,
          "2026-02-13T05:00:00": 103.2,
          "2026-02-13T05:15:00": 101.1,
          "2026-02-13T05:30:00": 100.6,
          "2026-02-13T05:45:00": 102.1,
          "2026-02-13T06:00:00": 101.4,
          "2026-02-13T06:15:00": 99,
          "2026-02-13T06:30:00": 98.9,
          "2026-02-13T06:45:00": 98.7,
          "2026-02-13T07:00:00": 100.6,
          "2026-02-13T07:15:00": 98,
          "2026-02-13T07:30:00": 99.3,
          "2026-02-13T07:45:00": 95.2,
          "2026-02-13T08:00:00": 92.8,
          "2026-02-13T08:15:00": 97.3,
          "2026-02-13T08:30:00": 96.7,
          "2026-02-13T08:45:00": 96.3,
          "2026-02-13T09:00:00": 97.4,
          "2026-02-13T09:15:00": 96.8,
          "2026-02-13T09:30:00": 99.8,
          "2026-02-13T09:45:00": 98.9,
          "2026-02-13T10:00:00": 97.4,
          "2026-02-13T10:15:00": 97.2,
          "2026-02-13T10:30:00": 98.6,
          "2026-02-13T10:45:00": 96.5,
          "2026-02-13T11:00:00": 96.5,
          "2026-02-13T11:15:00": 99.1,
          "2026-02-13T11:30:00": 96.9,
          "2026-02-13T11:45:00": 98,
          "2026-02-13T12:00:00": 98.2,
          "2026-02-13T12:15:00": 99.7,
          "2026-02-13T12:30:00": 96.7,
          "2026-02-13T12:45:00": 98.3,
          "2026-02-13T13:00:00": 99.5,
          "2026-02-13T13:15:00": 96.5,
          "2026-02-13T13:30:00": 99.3,
          "2026-02-13T13:45:00": 96,
          "2026-02-13T14:00:00": 97.2,
          "2026-02-13T14:15:00": 97.1,
          "2026-02-13T14:30:00": 97,
          "2026-02-13T14:45:00": 99.5,
          "2026-02-13T15:00:00": 96.9,
          "2026-02-13T15:15:00": 98.7,
          "2026-02-13T15:30:00": 96.5,
          "2026-02-13T15:45:00": 97.1,
          "2026-02-13T16:00:00": 96.1,
          "2026-02-13T16:15:00": 96.9,
          "2026-02-13T16:30:00": 94.7,
          "2026-02-13T16:45:00": 96.6,
          "2026-02-13T17:00:00": 95,
          "2026-02-13T17:15:00": 88.8,
          "2026-02-13T17:30:00": 91.7,
          "2026-02-13T17:45:00": 77.3,
          "2026-02-13T18:00:00": 79.6,
          "2026-02-13T18:15:00": 66.4,
          "2026-02-13T18:30:00": 69.4,
          "2026-02-13T18:45:00": 47.4,
          "2026-02-13T19:00:00": 49.9,
          "2026-02-13T19:15:00": 53.9,
          "2026-02-13T19:30:00": 64.4,
          "2026-02-13T19:45:00": 73.8,
          "2026-02-13T20:00:00": 70.8,
          "2026-02-13T20:15:00": 77.2,
          "2026-02-13T20:30:00": 81.5,
          "2026-02-13T20:45:00": 89,
          "2026-02-13T21:00:00": 95.3,
          "2026-02-13T21:15:00": 97.3,
          "2026-02-13T21:30:00": 101,
          "2026-02-13T21:45:00": 101,
          "2026-02-13T22:00:00": 102.5,
          "2026-02-13T22:15:00": 101.4,
          "2026-02-13T22:30:00": 99.9,
          "2026-02-13T22:45:00": 100.6,
          "2026-02-13T23:00:00": 101.2,
          "2026-02-13T23:15:00": 101.2,
          "2026-02-13T23:30:00": 101.9,
          "2026-02-13T23:45:00": 103.2
        },
        "traffic_level": {
          "2026-02-13T00:00:00": 1,
          "2026-02-13T00:15:00": 1,
          "2026-02-13T00:30:00": 1,
          "2026-02-13T00:45:00": 1,
          "2026-02-13T01:00:00": 1,
          "2026-02-13T01:15:00": 1,
          "2026-02-13T01:30:00": 1,
          "2026-02-13T01:45:00": 1,
          "2026-02-13T02:00:00": 1,
          "2026-02-13T02:15:00": 1,
          "2026-02-13T02:30:00": 1,
          "2026-02-13T02:45:00": 1,
          "2026-02-13T03:00:00": 1,
          "2026-02-13T03:15:00": 1,
          "2026-02-13T03:30:00": 1,
          "2026-02-13T03:45:00": 1,
          "2026-02-13T04:00:00": 1,
          "2026-02-13T04:15:00": 1,
          "2026-02-13T04:30:00": 1,
          "2026-02-13T04:45:00": 1,
          "2026-02-13T05:00:00": 1,
          "2026-02-13T05:15:00": 1,
          "2026-02-13T05:30:00": 1,
          "2026-02-13T05:45:00": 1,
          "2026-02-13T06:00:00": 1,
          "2026-02-13T06:15:00": 1,
          "2026-02-13T06:30:00": 1,
          "2026-02-13T06:45:00": 1,
          "2026-02-13T07:00:00": 1,
          "2026-02-13T07:15:00": 1,
          "2026-02-13T07:30:00": 1,
          "2026-02-13T07:45:00": 1,
          "2026-02-13T08:00:00": 1,
          "2026-02-13T08:15:00": 1,
          "2026-02-13T08:30:00": 1,
          "2026-02-13T08:45:00": 1,
          "2026-02-13T09:00:00": 1,
          "2026-02-13T09:15:00": 1,
          "2026-02-13T09:30:00": 1,
          "2026-02-13T09:45:00": 1,
          "2026-02-13T10:00:00": 1,
          "2026-02-13T10:15:00": 1,
          "2026-02-13T10:30:00": 1,
          "2026-02-13T10:45:00": 1,
          "2026-02-13T11:00:00": 1,
          "2026-02-13T11:15:00": 1,
          "2026-02-13T11:30:00": 1,
          "2026-02-13T11:45:00": 1,
          "2026-02-13T12:00:00": 1,
          "2026-02-13T12:15:00": 1,
          "2026-02-13T12:30:00": 1,
          "2026-02-13T12:45:00": 1,
          "2026-02-13T13:00:00": 1,
          "2026-02-13T13:15:00": 1,
          "2026-02-13T13:30:00": 1,
          "2026-02-13T13:45:00": 1,
          "2026-02-13T14:00:00": 1,
          "2026-02-13T14:15:00": 1,
          "2026-02-13T14:30:00": 1,
          "2026-02-13T14:45:00": 1,
          "2026-02-13T15:00:00": 1,
          "2026-02-13T15:15:00": 1,
          "2026-02-13T15:30:00": 1,
          "2026-02-13T15:45:00": 1,
          "2026-02-13T16:00:00": 1,
          "2026-02-13T16:15:00": 1,
          "2026-02-13T16:30:00": 1,
          "2026-02-13T16:45:00": 1,
          "2026-02-13T17:00:00": 1,
          "2026-02-13T17:15:00": 2,
          "2026-02-13T17:30:00": 1,
          "2026-02-13T17:45:00": 2,
          "2026-02-13T18:00:00": 2,
          "2026-02-13T18:15:00": 3,
          "2026-02-13T18:30:00": 3,
          "2026-02-13T18:45:00": 4,
          "2026-02-13T19:00:00": 4,
          "2026-02-13T19:15:00": 3,
          "2026-02-13T19:30:00": 3,
          "2026-02-13T19:45:00": 2,
          "2026-02-13T20:00:00": 2,
          "2026-02-13T20:15:00": 2,
          "2026-02-13T20:30:00": 2,
          "2026-02-13T20:45:00": 2,
          "2026-02-13T21:00:00": 1,
          "2026-02-13T21:15:00": 1,
          "2026-02-13T21:30:00": 1,
          "2026-02-13T21:45:00": 1,
          "2026-02-13T22:00:00": 1,
          "2026-02-13T22:15:00": 1,
          "2026-02-13T22:30:00": 1,
          "2026-02-13T22:45:00": 1,
          "2026-02-13T23:00:00": 1,
          "2026-02-13T23:15:00": 1,
          "2026-02-13T23:30:00": 1,
          "2026-02-13T23:45:00": 1
        }
      },
      "geometry": {
        "type": "LineString",
        "coordinates": [
          [
            117.402560773469,
            40.39684490535966
          ],
          [
            117.40261522334896,
            40.39686206046394
          ],
          [
            117.4026696732564,
            40.39687921554238
          ],
          [
            117.40272412324495,
            40.39689637960037
          ],
          [
            117.40277857320731,
            40.39691353462716
          ],
          [
            117.4028330232508,
            40.3969306986335
          ],
          [
            117.40288747326811,
            40.39694785360864
          ],
          [
            117.40294192331287,
            40.39696500855797
          ],
          [
            117.40299637343878,
            40.39698217248681
          ],
          [
            117.40305082353848,
            40.3969993273845
          ],
          [
            117.40310527366563,
            40.39701648225634
          ],
          [
            117.40315972387397,
            40.39703364610772
          ],
          [
            117.40321417405607,
            40.397050800927914
          ],
          [
            117.40326862431934,
            40.39706796472766
          ],
          [
            117.40332307455635,
            40.3970851194962
          ],
          [
            117.40337752482085,
            40.39710227423893
          ],
          [
            117.40343197516657,
            40.39711943796119
          ],
          [
            117.403486425486,
            40.39713659265227
          ],
          [
            117.40354087588665,
            40.397153756322865
          ],
          [
            117.40359532626098,
            40.397170910962295
          ],
          [
            117.4036497766628,
            40.397188065575904
          ],
          [
            117.4037042271459,
            40.39720522916901
          ],
          [
            117.40375867760264,
            40.39722238373097
          ],
          [
            117.40381312814067,
            40.39723954727244
          ],
          [
            117.40386757865232,
            40.39725670178274
          ],
          [
            117.4039220291915,
            40.39727385626721
          ],
          [
            117.40397647981193,
            40.3972910197312
          ],
          [
            117.40403093040601,
            40.39730817416404
          ],
          [
            117.40408539280625,
            40.39732532852988
          ],
          [
            117.40413984350911,
            40.39734249191641
          ],
          [
            117.40417994397136,
            40.39735513062198
          ],
          [
            117.40423421987241,
            40.39737260076335
          ],
          [
            117.40428850758002,
            40.39739007083788
          ],
          [
            117.40434278353683,
            40.3974075409279
          ],
          [
            117.40439705957542,
            40.39742501999763
          ],
          [
            117.404451335588,
            40.397442490036326
          ],
          [
            117.40450562340719,
            40.39745996000816
          ],
          [
            117.40455989947556,
            40.39747742999552
          ],
          [
            117.4046141756257,
            40.39749490896257
          ],
          [
            117.40466846352855,
            40.39751237885739
          ],
          [
            117.40472273968058,
            40.39752984876776
          ],
          [
            117.40477701586049,
            40.39754731865244
          ],
          [
            117.40483130390095,
            40.397564797475596
          ],
          [
            117.40488558013664,
            40.39758226730895
          ],
          [
            117.40493985640019,
            40.39759973711666
          ],
          [
            117.40499413269163,
            40.39761720689869
          ],
          [
            117.40504842078971,
            40.39763467661379
          ],
          [
            117.40510269719091,
            40.39765215534982
          ],
          [
            117.40515697356601,
            40.39766962505484
          ],
          [
            117.40521126174777,
            40.397687094692934
          ],
          [
            117.40526553817864,
            40.39770456434663
          ],
          [
            117.40531981469141,
            40.39772204297999
          ],
          [
            117.40537410295683,
            40.39773951254105
          ],
          [
            117.40542837947136,
            40.39775698211772
          ],
          [
            117.40548265601377,
            40.39777445166876
          ],
          [
            117.4055369326381,
            40.39779193019946
          ],
          [
            117.40559122101509,
            40.39780939965783
          ],
          [
            117.40564549764117,
            40.39782686913184
          ],
          [
            117.40569977429514,
            40.39784433858017
          ],
          [
            117.40575406275576,
            40.397861807961526
          ],
          [
            117.40580833951957,
            40.39787928636388
          ],
          [
            117.40586261625718,
            40.39789675573523
          ],
          [
            117.4059169048015,
            40.397914225039564
          ],
          [
            117.4059711815949,
            40.397931694359556
          ],
          [
            117.40602545847025,
            40.397949172659224
          ],
          [
            117.40607973531942,
            40.397966641927916
          ],
          [
            117.40613402397528,
            40.39798411112953
          ],
          [
            117.4061883008802,
            40.39800158034687
          ],
          [
            117.40624257786715,
            40.39801905854388
          ],
          [
            117.40629686660668,
            40.398036527668474
          ],
          [
            117.40633823232801,
            40.398049845598315
          ],
          [
            117.40639411521538,
            40.398064049069305
          ],
          [
            117.40645000995902,
            40.39807826147706
          ],
          [
            117.40650589294711,
            40.39809247389907
          ],
          [
            117.40656177595851,
            40.398106686293936
          ],
          [
            117.40661765899323,
            40.398120898661624
          ],
          [
            117.40667354199705,
            40.398135101996814
          ],
          [
            117.40672942507835,
            40.398149314310196
          ],
          [
            117.40678530818293,
            40.39816352659642
          ],
          [
            117.40684120308968,
            40.39817773881405
          ],
          [
            117.40689708624092,
            40.39819195104595
          ],
          [
            117.4069529693612,
            40.39820615424535
          ],
          [
            117.407008852559,
            40.39822036642293
          ],
          [
            117.4070647357801,
            40.398234578573366
          ],
          [
            117.4071206190245,
            40.398248790696634
          ],
          [
            117.40717651407107,
            40.398263002751285
          ],
          [
            117.40723239730784,
            40.39827720581489
          ],
          [
            117.40728828062214,
            40.398291417856676
          ],
          [
            117.40734416395973,
            40.39830562987132
          ],
          [
            117.40740004732065,
            40.398319841858815
          ],
          [
            117.40745593065057,
            40.39833404481378
          ],
          [
            117.40751182583696,
            40.398348256705425
          ],
          [
            117.40756770926777,
            40.39836246861144
          ],
          [
            117.40762359272188,
            40.398376680490266
          ],
          [
            117.40767947619926,
            40.39839089234197
          ],
          [
            117.40773535964564,
            40.398405095161145
          ],
          [
            117.40779124316965,
            40.39841930695852
          ],
          [
            117.40784713849587,
            40.39843351868717
          ],
          [
            117.40790302206646,
            40.398447730430235
          ],
          [
            117.40795890566037,
            40.39846194214612
          ],
          [
            117.4080147892232,
            40.39847614482951
          ],
          [
            117.4080706728637,
            40.39849035649106
          ],
          [
            117.40812655652749,
            40.39850456812549
          ],
          [
            117.4081824402146,
            40.39851877973275
          ],
          [
            117.40823833570391,
            40.39853299127127
          ],
          [
            117.40829421938324,
            40.39854719381884
          ],
          [
            117.40835010314021,
            40.39856140534463
          ],
          [
            117.40840598692053,
            40.39857561684325
          ],
          [
            117.40846187072411,
            40.39858982831472
          ],
          [
            117.40851775449659,
            40.39860403075365
          ],
          [
            117.40857365012569,
            40.398618242129174
          ],
          [
            117.40862953399918,
            40.39863245351916
          ],
          [
            117.40868541789597,
            40.39864666488199
          ],
          [
            117.40874130181608,
            40.39866087621765
          ],
          [
            117.40879718570501,
            40.39867507852081
          ],
          [
            117.40885306967168,
            40.39868928980216
          ],
          [
            117.40890896544062,
            40.39870350101466
          ],
          [
            117.40893709029032,
            40.398710651012635
          ],
          [
            117.4089954232777,
            40.39871689266693
          ],
          [
            117.40905374449667,
            40.39872313433339
          ],
          [
            117.4091120775051,
            40.398729375928696
          ],
          [
            117.40917039874515,
            40.398735617536204
          ],
          [
            117.40922873177465,
            40.39874185907255
          ],
          [
            117.40928705303573,
            40.39874810062109
          ],
          [
            117.40934538608631,
            40.39875434209847
          ],
          [
            117.40940370736847,
            40.39876058358804
          ],
          [
            117.40946204044008,
            40.398766825006454
          ],
          [
            117.4095203617433,
            40.3987730664371
          ],
          [
            117.40957869478142,
            40.39877929879119
          ],
          [
            117.40963701610568,
            40.39878554016288
          ],
          [
            117.40969533744048,
            40.398791781505075
          ],
          [
            117.40975367056475,
            40.398798022776056
          ],
          [
            117.40981199192059,
            40.3988042640593
          ],
          [
            117.40987032506594,
            40.39881050527131
          ],
          [
            117.40992864644285,
            40.398816746495605
          ],
          [
            117.40998697960926,
            40.39882298764866
          ],
          [
            117.41004530100722,
            40.39882922881398
          ],
          [
            117.41010363419467,
            40.39883546990806
          ],
          [
            117.4101619556137,
            40.39884171101444
          ],
          [
            117.41022028882223,
            40.39884795204954
          ],
          [
            117.41027861020764,
            40.39885418409161
          ],
          [
            117.4103369434372,
            40.39886042506774
          ],
          [
            117.41039526489836,
            40.3988666660562
          ],
          [
            117.41045359814899,
            40.39887290697338
          ],
          [
            117.41051191963116,
            40.39887914790287
          ],
          [
            117.41057025290286,
            40.39888538876108
          ],
          [
            117.4106285744061,
            40.39889162963161
          ],
          [
            117.41068690769885,
            40.398897870430844
          ],
          [
            117.41074522922315,
            40.39890411124243
          ],
          [
            117.41080356253697,
            40.39891035198269
          ],
          [
            117.41086188408234,
            40.39891659273532
          ],
          [
            117.4109202174172,
            40.39892283341661
          ],
          [
            117.41097853892886,
            40.39892906510494
          ],
          [
            117.41103687228478,
            40.398935305727264
          ],
          [
            117.41109519387224,
            40.39894154636197
          ],
          [
            117.41115351547023,
            40.39894778696719
          ],
          [
            117.41121184885773,
            40.39895402750106
          ],
          [
            117.4112701704768,
            40.39896026804733
          ],
          [
            117.41132850388534,
            40.39896650852223
          ],
          [
            117.41138682552544,
            40.39897274900955
          ],
          [
            117.41139757519184,
            40.39897389949565
          ],
          [
            117.41145645185014,
            40.39897262735388
          ],
          [
            117.4115153167818,
            40.39897136422937
          ],
          [
            117.41157419343517,
            40.39897009202765
          ],
          [
            117.41163307014092,
            40.398968828801294
          ],
          [
            117.41169193501038,
            40.398967556581546
          ],
          [
            117.41175081171119,
            40.398966293295274
          ],
          [
            117.41180968835468,
            40.398965020973684
          ],
          [
            117.41186855327162,
            40.39896375766942
          ],
          [
            117.4119274299102,
            40.39896248528791
          ],
          [
            117.4119862948222,
            40.398961221923706
          ],
          [
            117.41204517151074,
            40.3989599584876
          ],
          [
            117.41210404814191,
            40.39895868601618
          ],
          [
            117.41216291304656,
            40.39895742256213
          ],
          [
            117.4122217896728,
            40.398956150030756
          ],
          [
            117.4122806663515,
            40.39895488647479
          ],
          [
            117.41233953119384,
            40.3989536139255
          ],
          [
            117.41239840786763,
            40.39895235030961
          ],
          [
            117.41245727270503,
            40.398951077700374
          ],
          [
            117.41251614937389,
            40.39894981402454
          ],
          [
            117.41257502598533,
            40.398948541313395
          ],
          [
            117.41263389087031,
            40.39894727761964
          ],
          [
            117.41269276747684,
            40.398946004848554
          ],
          [
            117.41275163235687,
            40.39894474109491
          ],
          [
            117.41281050895846,
            40.398943468263894
          ],
          [
            117.41286938561258,
            40.39894220440824
          ],
          [
            117.41292825043024,
            40.39894093155935
          ],
          [
            117.41298712707945,
            40.3989396676438
          ],
          [
            117.41304600367113,
            40.39893839469292
          ],
          [
            117.41310486853644,
            40.398937130759506
          ],
          [
            117.41316374512321,
            40.39893585774869
          ],
          [
            117.4132226099836,
            40.39893459375535
          ],
          [
            117.4132814866205,
            40.398933329689946
          ],
          [
            117.41334036319988,
            40.39893205658926
          ],
          [
            117.41339922805287,
            40.39893079250603
          ],
          [
            117.41345810462731,
            40.39892951934539
          ],
          [
            117.41351698125439,
            40.39892825516013
          ],
          [
            117.4135758460449,
            40.398926981981674
          ],
          [
            117.41363472266706,
            40.39892571773648
          ],
          [
            117.41369358745264,
            40.398924444498135
          ],
          [
            117.41375246406984,
            40.398923180193
          ],
          [
            117.41381134062948,
            40.39892190685257
          ],
          [
            117.4138702054628,
            40.39892064252966
          ],
          [
            117.41392908201749,
            40.39891936912931
          ],
          [
            117.41398795862487,
            40.3989181047043
          ],
          [
            117.41404682339565,
            40.39891683128619
          ],
          [
            117.4141056999981,
            40.398915566801264
          ],
          [
            117.41416456476395,
            40.398914293323216
          ],
          [
            117.41422344136149,
            40.39891302877837
          ],
          [
            117.41428231790137,
            40.3989117551982
          ],
          [
            117.41434118271499,
            40.39891049063562
          ],
          [
            117.41440005924991,
            40.39890921699555
          ],
          [
            117.41445892405864,
            40.398907952373044
          ],
          [
            117.41451780064385,
            40.398906687678355
          ],
          [
            117.4145766771714,
            40.39890541394837
          ],
          [
            117.41463554197273,
            40.398904149236
          ],
          [
            117.41469441849532,
            40.39890287544606
          ],
          [
            117.41472387442413,
            40.398902238476495
          ],
          [
            117.41478273717446,
            40.39890064049164
          ],
          [
            117.41484158808751,
            40.398899033513736
          ],
          [
            117.41490045083178,
            40.39889743546896
          ],
          [
            117.4149593135177,
            40.398895828388916
          ],
          [
            117.4150181644769,
            40.39889423032653
          ],
          [
            117.41507702715674,
            40.398892623186576
          ],
          [
            117.41513587810985,
            40.398891025064295
          ],
          [
            117.4151947408389,
            40.39888942686979
          ],
          [
            117.41525360350957,
            40.39888781963998
          ],
          [
            117.4153124544536,
            40.398886221427865
          ],
          [
            117.41537131711816,
            40.3988846141382
          ],
          [
            117.41543016805608,
            40.398883015866204
          ],
          [
            117.41548903071454,
            40.398881408516594
          ],
          [
            117.41554789342534,
            40.39887981014239
          ],
          [
            117.41560674429876,
            40.398878202775236
          ],
          [
            117.41566560700345,
            40.39887660434115
          ],
          [
            117.41572445787078,
            40.398874996914095
          ],
          [
            117.41578332056939,
            40.39887339842011
          ],
          [
            117.41584218320956,
            40.3988717908908
          ],
          [
            117.41590103412312,
            40.39887019237929
          ],
          [
            117.41595989675722,
            40.398868584790115
          ],
          [
            117.41601875944365,
            40.39886698617631
          ],
          [
            117.41607761029265,
            40.3988653785696
          ],
          [
            117.41613647297302,
            40.398863779895905
          ],
          [
            117.41619532381593,
            40.398862172229315
          ],
          [
            117.41625418649019,
            40.398860573495725
          ],
          [
            117.41631304910594,
            40.398858965726845
          ],
          [
            117.41637189999517,
            40.398857366975776
          ],
          [
            117.4164307626603,
            40.398855768152345
          ],
          [
            117.41648961348797,
            40.39885416033605
          ],
          [
            117.41654847614701,
            40.39885256145271
          ],
          [
            117.41660733874751,
            40.39885095353409
          ],
          [
            117.41666618962151,
            40.3988493546333
          ],
          [
            117.41672505221592,
            40.39884774665479
          ],
          [
            117.41678391486279,
            40.398846147651646
          ],
          [
            117.41684276567213,
            40.39884453965569
          ],
          [
            117.41690162831291,
            40.39884294059267
          ],
          [
            117.41696047911616,
            40.39884133253682
          ],
          [
            117.41701934175084,
            40.398839733413894
          ],
          [
            117.41707820432693,
            40.39883812525567
          ],
          [
            117.41713705517657,
            40.398836526115346
          ],
          [
            117.41719591774654,
            40.39883491789725
          ],
          [
            117.4172547685901,
            40.39883331869704
          ],
          [
            117.41731363115396,
            40.39883171041904
          ],
          [
            117.41737249377039,
            40.398830111116396
          ],
          [
            117.4174313445492,
            40.39882850282101
          ],
          [
            117.41749020715952,
            40.3988269034585
          ],
          [
            117.41754905793225,
            40.398825295103244
          ],
          [
            117.41760792053647,
            40.398823695680825
          ],
          [
            117.41766678313768,
            40.398822096228464
          ],
          [
            117.41772563390123,
            40.39882048778336
          ],
          [
            117.41778449649632,
            40.3988188882711
          ],
          [
            117.41784335903272,
            40.39881727972357
          ],
          [
            117.41790220984277,
            40.39881568019398
          ],
          [
            117.41796107237305,
            40.39881407158653
          ],
          [
            117.41801992317701,
            40.398812471997054
          ],
          [
            117.41807878570118,
            40.39881086332973
          ],
          [
            117.41813764827802,
            40.39880926363777
          ],
          [
            117.41819649901714,
            40.39880765495314
          ],
          [
            117.41825536158787,
            40.398806055201284
          ],
          [
            117.41831421232088,
            40.398804446456765
          ],
          [
            117.41837307488551,
            40.39880284664501
          ],
          [
            117.41843193739135,
            40.398801237797976
          ],
          [
            117.41849078817094,
            40.39879963796896
          ],
          [
            117.41854965067066,
            40.398798029062036
          ],
          [
            117.41860851322312,
            40.398796429130506
          ],
          [
            117.41866736393779,
            40.39879482020632
          ],
          [
            117.41872622648414,
            40.398793220214884
          ],
          [
            117.41878507724853,
            40.39879162023616
          ],
          [
            117.41884393973298,
            40.39879001117949
          ],
          [
            117.41890280227017,
            40.398788411098195
          ],
          [
            117.4189616529696,
            40.398786802024304
          ],
          [
            117.4190205155007,
            40.39878520188312
          ],
          [
            117.419079366194,
            40.39878359274937
          ],
          [
            117.41913822871904,
            40.39878199254829
          ],
          [
            117.41919709118514,
            40.39878038331192
          ],
          [
            117.41925594192512,
            40.39877878309366
          ],
          [
            117.41931480438514,
            40.39877717379739
          ],
          [
            117.41937365511902,
            40.398775573519224
          ],
          [
            117.4194325175729,
            40.39877396416308
          ],
          [
            117.41949138007963,
            40.39877236378233
          ],
          [
            117.41955023074848,
            40.398770754409
          ],
          [
            117.41960909324911,
            40.39876915396834
          ],
          [
            117.41966795569078,
            40.39876754449237
          ],
          [
            117.41972680640639,
            40.39876594403459
          ],
          [
            117.41978566884194,
            40.39876433449872
          ],
          [
            117.41984451955143,
            40.39876273398103
          ],
          [
            117.41986726131232,
            40.39876211107392
          ],
          [
            117.41992612446793,
            40.39876061853596
          ],
          [
            117.41998498762068,
            40.39875912596804
          ],
          [
            117.42004385071463,
            40.398757624364826
          ],
          [
            117.42010271386168,
            40.39875613173702
          ],
          [
            117.42016157700584,
            40.398754639079236
          ],
          [
            117.42022044009119,
            40.39875313738617
          ],
          [
            117.42027930322963,
            40.39875164466849
          ],
          [
            117.42033816636524,
            40.39875015192085
          ],
          [
            117.42039702949798,
            40.39874865914326
          ],
          [
            117.42045589257185,
            40.39874715733039
          ],
          [
            117.42051475569885,
            40.3987456644929
          ],
          [
            117.42057361882301,
            40.398744171625445
          ],
          [
            117.42063248188826,
            40.39874266972272
          ],
          [
            117.4206913450067,
            40.39874117679538
          ],
          [
            117.42075020812229,
            40.39873968383808
          ],
          [
            117.42080907117892,
            40.39873818184549
          ],
          [
            117.42086793428876,
            40.39873668882828
          ],
          [
            117.42092679739574,
            40.398735195781114
          ],
          [
            117.42098566044378,
            40.39873369369866
          ],
          [
            117.42104452354505,
            40.39873220059161
          ],
          [
            117.42110338664345,
            40.3987307074546
          ],
          [
            117.421162249739,
            40.39872921428765
          ],
          [
            117.42122111277557,
            40.39872771208539
          ],
          [
            117.42127997586539,
            40.39872621885853
          ],
          [
            117.42133883895234,
            40.398724725601696
          ],
          [
            117.42139770198028,
            40.39872322330959
          ],
          [
            117.42145656506152,
            40.39872172999286
          ],
          [
            117.4215154281399,
            40.39872023664617
          ],
          [
            117.42157429115923,
            40.39871873426421
          ],
          [
            117.42163315423186,
            40.398717240857614
          ],
          [
            117.42169201730165,
            40.39871574742107
          ],
          [
            117.42175086853345,
            40.39871424499222
          ],
          [
            117.4218097315975,
            40.398712751495786
          ],
          [
            117.42186859465869,
            40.398711257969396
          ],
          [
            117.42192745771705,
            40.398709764413056
          ],
          [
            117.42198632071629,
            40.39870826182143
          ],
          [
            117.42204518376889,
            40.398706768205194
          ],
          [
            117.42210404681863,
            40.398705274558985
          ],
          [
            117.42216290980927,
            40.39870377187751
          ],
          [
            117.42222177285329,
            40.398702278171385
          ],
          [
            117.42228063589444,
            40.39870078443534
          ],
          [
            117.42233949887645,
            40.39869928166401
          ],
          [
            117.42239836191187,
            40.398697787868045
          ],
          [
            117.42245722494444,
            40.39869629404214
          ],
          [
            117.42251608791783,
            40.39869479118095
          ],
          [
            117.42257495094468,
            40.39869329729514
          ],
          [
            117.42263381396863,
            40.398691803379364
          ],
          [
            117.42269267698975,
            40.39869030943364
          ],
          [
            117.42275153995166,
            40.39868880645265
          ],
          [
            117.42281040296703,
            40.39868731244703
          ],
          [
            117.42286926597956,
            40.398685818411444
          ],
          [
            117.42292812893287,
            40.39868431534058
          ],
          [
            117.42298699193964,
            40.39868282124509
          ],
          [
            117.42304585494355,
            40.39868132711966
          ],
          [
            117.42310471788825,
            40.398679823958936
          ],
          [
            117.42316358088642,
            40.39867832977361
          ],
          [
            117.42322244388177,
            40.39867683555831
          ],
          [
            117.42328130687422,
            40.39867534131308
          ],
          [
            117.4233401698074,
            40.39867383803256
          ],
          [
            117.42339903279414,
            40.398672343727405
          ],
          [
            117.42345789577801,
            40.3986708493923
          ],
          [
            117.42351675870258,
            40.398669346021926
          ],
          [
            117.42357562168073,
            40.398667851626925
          ],
          [
            117.42363448465599,
            40.398666357201975
          ],
          [
            117.42369334757193,
            40.398664853741735
          ],
          [
            117.42375221054148,
            40.39866335925688
          ],
          [
            117.42381107350815,
            40.39866186474207
          ],
          [
            117.42386993641549,
            40.39866036119197
          ],
          [
            117.42392879937643,
            40.39865886661726
          ],
          [
            117.4239876623345,
            40.398657372012586
          ],
          [
            117.4240465135108,
            40.39865587742119
          ],
          [
            117.42410537640663,
            40.39865437375129
          ],
          [
            117.4241642393561,
            40.39865287905676
          ],
          [
            117.42422310230272,
            40.398651384332304
          ],
          [
            117.42428196518993,
            40.39864988057253
          ],
          [
            117.42434082813081,
            40.398648385788164
          ],
          [
            117.42439969106883,
            40.39864689097383
          ],
          [
            117.4244585539474,
            40.39864538712423
          ],
          [
            117.42451741687968,
            40.39864389225001
          ],
          [
            117.4245762798091,
            40.398642397345824
          ],
          [
            117.42463514267905,
            40.39864089340636
          ],
          [
            117.42469400560275,
            40.39863939844228
          ],
          [
            117.42474933530548,
            40.39863798847115
          ],
          [
            117.4248082349129,
            40.39863858259869
          ],
          [
            117.42486712268558,
            40.39863916773418
          ],
          [
            117.42492601045902,
            40.398639752839685
          ],
          [
            117.4249848982332,
            40.39864033791519
          ],
          [
            117.42504378600816,
            40.398640922960695
          ],
          [
            117.42510268556278,
            40.39864150793291
          ],
          [
            117.42516157333925,
            40.39864209291841
          ],
          [
            117.42522046117313,
            40.39864268687927
          ],
          [
            117.42527934895114,
            40.398643271804794
          ],
          [
            117.42533823672987,
            40.398643856700325
          ],
          [
            117.42539713628828,
            40.39864444152251
          ],
          [
            117.42545602406855,
            40.39864502635803
          ],
          [
            117.42551491184958,
            40.39864561116356
          ],
          [
            117.42557379963134,
            40.3986461959391
          ],
          [
            117.42563268747058,
            40.398646789689984
          ],
          [
            117.4256915870328,
            40.39864737436216
          ],
          [
            117.42575047481688,
            40.39864795904769
          ],
          [
            117.42580936260167,
            40.398648543703246
          ],
          [
            117.42586825038725,
            40.39864912832881
          ],
          [
            117.4259271381736,
            40.39864971292435
          ],
          [
            117.42598603773958,
            40.39865029744652
          ],
          [
            117.42604492552742,
            40.39865088198208
          ],
          [
            117.4261038133728,
            40.39865147549299
          ],
          [
            117.42616270116217,
            40.39865205996855
          ],
          [
            117.42622158895229,
            40.39865264441413
          ],
          [
            117.42628048852208,
            40.39865322878629
          ],
          [
            117.42633937631372,
            40.398653813171855
          ],
          [
            117.42639826410608,
            40.398654397527444
          ],
          [
            117.42645715189923,
            40.39865498185303
          ],
          [
            117.42651603974997,
            40.398655575153946
          ],
          [
            117.42657493932353,
            40.39865615937608
          ],
          [
            117.42663382711896,
            40.398656743611674
          ],
          [
            117.42669271491513,
            40.398657327817276
          ],
          [
            117.42675160271209,
            40.398657911992885
          ],
          [
            117.42681049050975,
            40.3986584961385
          ],
          [
            117.4268693900871,
            40.39865908021063
          ],
          [
            117.42692827794319,
            40.39865967330155
          ],
          [
            117.42698716574316,
            40.39866025735718
          ],
          [
            117.42704605354388,
            40.39866084138278
          ],
          [
            117.42710495312424,
            40.398661425334915
          ],
          [
            117.42716384092647,
            40.39866200930053
          ],
          [
            117.42722272872946,
            40.39866259323615
          ],
          [
            117.42728161653321,
            40.39866317714178
          ],
          [
            117.42734050439464,
            40.398663770022736
          ],
          [
            117.42739940397878,
            40.39866435382485
          ],
          [
            117.4274002874535,
            40.39866435956486
          ],
          [
            117.4274566162363,
            40.39867751556309
          ],
          [
            117.42751294509782,
            40.39869068053905
          ],
          [
            117.42756926214514,
            40.39870383652565
          ],
          [
            117.42762559099312,
            40.398716992441145
          ],
          [
            117.42768190814084,
            40.39873015737791
          ],
          [
            117.42773823703222,
            40.39874331323825
          ],
          [
            117.42779456594533,
            40.39875646907099
          ],
          [
            117.42785088315823,
            40.39876963392504
          ],
          [
            117.42790721211475,
            40.39878278970261
          ],
          [
            117.42796352931406,
            40.3987959454962
          ],
          [
            117.42801985837103,
            40.39880911022394
          ]
        ]
      }
    },
    {
      "type": "Feature",
      "properties": {
        "Id": "CP-MAIN-006",
        "road_name": "??????",
        "roadRole": "mainline",
        "source": "RoadCenterLine.geojson",
        "sourceLayer": "RoadCenterLine",
        "sourceRecordNumber": 30,
        "segmentLengthMeters": 2204.5,
        "speedUnit": "km/h",
        "speeds": {
          "2026-02-13T00:00:00": 98.4,
          "2026-02-13T00:15:00": 100.1,
          "2026-02-13T00:30:00": 100.1,
          "2026-02-13T00:45:00": 99,
          "2026-02-13T01:00:00": 99.8,
          "2026-02-13T01:15:00": 100.4,
          "2026-02-13T01:30:00": 98.2,
          "2026-02-13T01:45:00": 98.2,
          "2026-02-13T02:00:00": 99.3,
          "2026-02-13T02:15:00": 98.4,
          "2026-02-13T02:30:00": 100.4,
          "2026-02-13T02:45:00": 99.9,
          "2026-02-13T03:00:00": 98.4,
          "2026-02-13T03:15:00": 99.7,
          "2026-02-13T03:30:00": 98.7,
          "2026-02-13T03:45:00": 97.8,
          "2026-02-13T04:00:00": 98,
          "2026-02-13T04:15:00": 97.3,
          "2026-02-13T04:30:00": 96.4,
          "2026-02-13T04:45:00": 97.1,
          "2026-02-13T05:00:00": 99.3,
          "2026-02-13T05:15:00": 97.4,
          "2026-02-13T05:30:00": 98.5,
          "2026-02-13T05:45:00": 98.1,
          "2026-02-13T06:00:00": 98.2,
          "2026-02-13T06:15:00": 98.6,
          "2026-02-13T06:30:00": 98.2,
          "2026-02-13T06:45:00": 94.5,
          "2026-02-13T07:00:00": 94.1,
          "2026-02-13T07:15:00": 92.1,
          "2026-02-13T07:30:00": 89.6,
          "2026-02-13T07:45:00": 88.2,
          "2026-02-13T08:00:00": 84.8,
          "2026-02-13T08:15:00": 84.8,
          "2026-02-13T08:30:00": 87.6,
          "2026-02-13T08:45:00": 85.5,
          "2026-02-13T09:00:00": 90,
          "2026-02-13T09:15:00": 92,
          "2026-02-13T09:30:00": 90.3,
          "2026-02-13T09:45:00": 87.4,
          "2026-02-13T10:00:00": 80.4,
          "2026-02-13T10:15:00": 81.7,
          "2026-02-13T10:30:00": 78.9,
          "2026-02-13T10:45:00": 75.5,
          "2026-02-13T11:00:00": 76.1,
          "2026-02-13T11:15:00": 61,
          "2026-02-13T11:30:00": 65.1,
          "2026-02-13T11:45:00": 70.2,
          "2026-02-13T12:00:00": 76.4,
          "2026-02-13T12:15:00": 79.9,
          "2026-02-13T12:30:00": 79.9,
          "2026-02-13T12:45:00": 86.6,
          "2026-02-13T13:00:00": 88.8,
          "2026-02-13T13:15:00": 88.2,
          "2026-02-13T13:30:00": 92.2,
          "2026-02-13T13:45:00": 93.4,
          "2026-02-13T14:00:00": 92.7,
          "2026-02-13T14:15:00": 95.6,
          "2026-02-13T14:30:00": 94.6,
          "2026-02-13T14:45:00": 94.8,
          "2026-02-13T15:00:00": 93.5,
          "2026-02-13T15:15:00": 96,
          "2026-02-13T15:30:00": 96.9,
          "2026-02-13T15:45:00": 95,
          "2026-02-13T16:00:00": 94.4,
          "2026-02-13T16:15:00": 97.4,
          "2026-02-13T16:30:00": 95.4,
          "2026-02-13T16:45:00": 94.5,
          "2026-02-13T17:00:00": 97.3,
          "2026-02-13T17:15:00": 96.2,
          "2026-02-13T17:30:00": 96.9,
          "2026-02-13T17:45:00": 95.5,
          "2026-02-13T18:00:00": 95.9,
          "2026-02-13T18:15:00": 95.8,
          "2026-02-13T18:30:00": 96.7,
          "2026-02-13T18:45:00": 98.2,
          "2026-02-13T19:00:00": 95.9,
          "2026-02-13T19:15:00": 96.4,
          "2026-02-13T19:30:00": 98.3,
          "2026-02-13T19:45:00": 96.4,
          "2026-02-13T20:00:00": 99.8,
          "2026-02-13T20:15:00": 99.6,
          "2026-02-13T20:30:00": 100,
          "2026-02-13T20:45:00": 100.2,
          "2026-02-13T21:00:00": 99.3,
          "2026-02-13T21:15:00": 98.3,
          "2026-02-13T21:30:00": 100.4,
          "2026-02-13T21:45:00": 97.2,
          "2026-02-13T22:00:00": 99,
          "2026-02-13T22:15:00": 97.8,
          "2026-02-13T22:30:00": 100.2,
          "2026-02-13T22:45:00": 99.3,
          "2026-02-13T23:00:00": 100.6,
          "2026-02-13T23:15:00": 97.6,
          "2026-02-13T23:30:00": 100.8,
          "2026-02-13T23:45:00": 99.9
        },
        "traffic_level": {
          "2026-02-13T00:00:00": 1,
          "2026-02-13T00:15:00": 1,
          "2026-02-13T00:30:00": 1,
          "2026-02-13T00:45:00": 1,
          "2026-02-13T01:00:00": 1,
          "2026-02-13T01:15:00": 1,
          "2026-02-13T01:30:00": 1,
          "2026-02-13T01:45:00": 1,
          "2026-02-13T02:00:00": 1,
          "2026-02-13T02:15:00": 1,
          "2026-02-13T02:30:00": 1,
          "2026-02-13T02:45:00": 1,
          "2026-02-13T03:00:00": 1,
          "2026-02-13T03:15:00": 1,
          "2026-02-13T03:30:00": 1,
          "2026-02-13T03:45:00": 1,
          "2026-02-13T04:00:00": 1,
          "2026-02-13T04:15:00": 1,
          "2026-02-13T04:30:00": 1,
          "2026-02-13T04:45:00": 1,
          "2026-02-13T05:00:00": 1,
          "2026-02-13T05:15:00": 1,
          "2026-02-13T05:30:00": 1,
          "2026-02-13T05:45:00": 1,
          "2026-02-13T06:00:00": 1,
          "2026-02-13T06:15:00": 1,
          "2026-02-13T06:30:00": 1,
          "2026-02-13T06:45:00": 1,
          "2026-02-13T07:00:00": 1,
          "2026-02-13T07:15:00": 1,
          "2026-02-13T07:30:00": 2,
          "2026-02-13T07:45:00": 2,
          "2026-02-13T08:00:00": 2,
          "2026-02-13T08:15:00": 2,
          "2026-02-13T08:30:00": 2,
          "2026-02-13T08:45:00": 2,
          "2026-02-13T09:00:00": 1,
          "2026-02-13T09:15:00": 1,
          "2026-02-13T09:30:00": 1,
          "2026-02-13T09:45:00": 2,
          "2026-02-13T10:00:00": 2,
          "2026-02-13T10:15:00": 2,
          "2026-02-13T10:30:00": 2,
          "2026-02-13T10:45:00": 2,
          "2026-02-13T11:00:00": 2,
          "2026-02-13T11:15:00": 3,
          "2026-02-13T11:30:00": 3,
          "2026-02-13T11:45:00": 2,
          "2026-02-13T12:00:00": 2,
          "2026-02-13T12:15:00": 2,
          "2026-02-13T12:30:00": 2,
          "2026-02-13T12:45:00": 2,
          "2026-02-13T13:00:00": 2,
          "2026-02-13T13:15:00": 2,
          "2026-02-13T13:30:00": 1,
          "2026-02-13T13:45:00": 1,
          "2026-02-13T14:00:00": 1,
          "2026-02-13T14:15:00": 1,
          "2026-02-13T14:30:00": 1,
          "2026-02-13T14:45:00": 1,
          "2026-02-13T15:00:00": 1,
          "2026-02-13T15:15:00": 1,
          "2026-02-13T15:30:00": 1,
          "2026-02-13T15:45:00": 1,
          "2026-02-13T16:00:00": 1,
          "2026-02-13T16:15:00": 1,
          "2026-02-13T16:30:00": 1,
          "2026-02-13T16:45:00": 1,
          "2026-02-13T17:00:00": 1,
          "2026-02-13T17:15:00": 1,
          "2026-02-13T17:30:00": 1,
          "2026-02-13T17:45:00": 1,
          "2026-02-13T18:00:00": 1,
          "2026-02-13T18:15:00": 1,
          "2026-02-13T18:30:00": 1,
          "2026-02-13T18:45:00": 1,
          "2026-02-13T19:00:00": 1,
          "2026-02-13T19:15:00": 1,
          "2026-02-13T19:30:00": 1,
          "2026-02-13T19:45:00": 1,
          "2026-02-13T20:00:00": 1,
          "2026-02-13T20:15:00": 1,
          "2026-02-13T20:30:00": 1,
          "2026-02-13T20:45:00": 1,
          "2026-02-13T21:00:00": 1,
          "2026-02-13T21:15:00": 1,
          "2026-02-13T21:30:00": 1,
          "2026-02-13T21:45:00": 1,
          "2026-02-13T22:00:00": 1,
          "2026-02-13T22:15:00": 1,
          "2026-02-13T22:30:00": 1,
          "2026-02-13T22:45:00": 1,
          "2026-02-13T23:00:00": 1,
          "2026-02-13T23:15:00": 1,
          "2026-02-13T23:30:00": 1,
          "2026-02-13T23:45:00": 1
        }
      },
      "geometry": {
        "type": "LineString",
        "coordinates": [
          [
            117.42801985837103,
            40.39880911022394
          ],
          [
            117.42807617561377,
            40.39882226596237
          ],
          [
            117.42813250465713,
            40.39883542162964
          ],
          [
            117.42818883377926,
            40.39884858627462
          ],
          [
            117.42824515108714,
            40.39886174193034
          ],
          [
            117.42830148019564,
            40.39887489751485
          ],
          [
            117.428357797604,
            40.398888062120726
          ],
          [
            117.42841412675592,
            40.398901217650085
          ],
          [
            117.42847045592957,
            40.39891437315185
          ],
          [
            117.42852677340306,
            40.39892753767502
          ],
          [
            117.42858310262014,
            40.39894069312161
          ],
          [
            117.42863942007996,
            40.39895384858428
          ],
          [
            117.42869574939756,
            40.39896701298107
          ],
          [
            117.42875207867978,
            40.398980168344934
          ],
          [
            117.42880839620474,
            40.39899332372489
          ],
          [
            117.4288647255875,
            40.39900648803891
          ],
          [
            117.42892104315588,
            40.399019643363715
          ],
          [
            117.42897737252494,
            40.39903279861725
          ],
          [
            117.42903370197284,
            40.399045962848525
          ],
          [
            117.42909001960635,
            40.399059118090605
          ],
          [
            117.42914634904054,
            40.3990722732614
          ],
          [
            117.42920266677464,
            40.399085437453664
          ],
          [
            117.42925899625223,
            40.39909859256928
          ],
          [
            117.42931532575156,
            40.39911174765731
          ],
          [
            117.42937164355082,
            40.39912491176683
          ],
          [
            117.42942797309355,
            40.39913806679973
          ],
          [
            117.42948429087902,
            40.39915122184877
          ],
          [
            117.42954062046516,
            40.399164376826505
          ],
          [
            117.42959695013026,
            40.39917754078195
          ],
          [
            117.42965326798087,
            40.399190695748274
          ],
          [
            117.42970959763214,
            40.399203850643254
          ],
          [
            117.42976591558342,
            40.399217014559724
          ],
          [
            117.42982224527812,
            40.39923016939953
          ],
          [
            117.42987857499455,
            40.39924332421177
          ],
          [
            117.42993489301095,
            40.39925648804554
          ],
          [
            117.4299912227708,
            40.399269642802594
          ],
          [
            117.43004754077333,
            40.39928279757588
          ],
          [
            117.43010387063389,
            40.3992959612831
          ],
          [
            117.43016020045889,
            40.399309115957415
          ],
          [
            117.43021651852655,
            40.39932227064797
          ],
          [
            117.43027284845228,
            40.399335434272444
          ],
          [
            117.43032316198388,
            40.39934718837968
          ],
          [
            117.43037281270418,
            40.39937139058072
          ],
          [
            117.43042247529635,
            40.399395601721636
          ],
          [
            117.43047212614493,
            40.39941981288479
          ],
          [
            117.43052178880802,
            40.39944402398249
          ],
          [
            117.43057145150657,
            40.39946823505855
          ],
          [
            117.43062110246156,
            40.399492446156884
          ],
          [
            117.43067076523106,
            40.39951665718972
          ],
          [
            117.43072041625697,
            40.39954086824485
          ],
          [
            117.43077007903997,
            40.399565070229144
          ],
          [
            117.43081974191588,
            40.39958928119716
          ],
          [
            117.43086939304818,
            40.399613492187434
          ],
          [
            117.430919055995,
            40.39963770311222
          ],
          [
            117.4309687189773,
            40.399661914015404
          ],
          [
            117.43101837021601,
            40.399686124940835
          ],
          [
            117.43106803326924,
            40.39971033580079
          ],
          [
            117.43111768457887,
            40.39973454668303
          ],
          [
            117.43116734770302,
            40.39975875749975
          ],
          [
            117.43121701080521,
            40.39978295928953
          ],
          [
            117.43126666222122,
            40.39980717010693
          ],
          [
            117.43131632545177,
            40.39983138085881
          ],
          [
            117.43136597693872,
            40.399855591633006
          ],
          [
            117.4314156402402,
            40.399879802341665
          ],
          [
            117.43146530357718,
            40.39990401302869
          ],
          [
            117.43151495517053,
            40.39992822373806
          ],
          [
            117.43156461857845,
            40.39995243438188
          ],
          [
            117.43161428196431,
            40.399976635998726
          ],
          [
            117.43166393366403,
            40.40000084664328
          ],
          [
            117.43171359717833,
            40.40002505722223
          ],
          [
            117.43176324894898,
            40.40004926782356
          ],
          [
            117.43181291253423,
            40.40007347835929
          ],
          [
            117.43186257615494,
            40.400097688873416
          ],
          [
            117.43191222803198,
            40.4001218994099
          ],
          [
            117.43196189172363,
            40.400146109880794
          ],
          [
            117.43201154361402,
            40.40017031136875
          ],
          [
            117.43206120737662,
            40.4001945217964
          ],
          [
            117.43211087117469,
            40.40021873220244
          ],
          [
            117.43216052322904,
            40.400242942630896
          ],
          [
            117.43221018709802,
            40.40026715299371
          ],
          [
            117.4322598510025,
            40.40029136333491
          ],
          [
            117.43230950316324,
            40.40031557369851
          ],
          [
            117.43235916713864,
            40.40033978399649
          ],
          [
            117.43240881937032,
            40.40036399431689
          ],
          [
            117.43245848335901,
            40.400388195566315
          ],
          [
            117.43250814744084,
            40.40041240579943
          ],
          [
            117.4325577997789,
            40.40043661605501
          ],
          [
            117.43260746393163,
            40.40046082624488
          ],
          [
            117.43265711634062,
            40.40048503645725
          ],
          [
            117.43270678056429,
            40.400509246603896
          ],
          [
            117.43275644482343,
            40.400533456728944
          ],
          [
            117.43280609733881,
            40.40055766687646
          ],
          [
            117.43285576161124,
            40.40058186795296
          ],
          [
            117.43290542597676,
            40.40060607801316
          ],
          [
            117.43295507859855,
            40.40063028809583
          ],
          [
            117.43300474303503,
            40.40065449811281
          ],
          [
            117.43305439572774,
            40.40067870815227
          ],
          [
            117.43310406023515,
            40.40070291812601
          ],
          [
            117.43315372477802,
            40.40072712807813
          ],
          [
            117.43320337757714,
            40.40075133805276
          ],
          [
            117.43325304213323,
            40.40077553895633
          ],
          [
            117.43330269500326,
            40.400799748887735
          ],
          [
            117.433352359688,
            40.40082395875338
          ],
          [
            117.43340202440825,
            40.40084816859743
          ],
          [
            117.43345167738467,
            40.40087237846401
          ],
          [
            117.43350134217583,
            40.40089658826481
          ],
          [
            117.43355100700245,
            40.400920798044
          ],
          [
            117.43360066008528,
            40.400945007845735
          ],
          [
            117.43365032498285,
            40.400969217581704
          ],
          [
            117.4336999780788,
            40.400993418334906
          ],
          [
            117.43370104156762,
            40.40099393666684
          ],
          [
            117.43373887521209,
            40.40102843903479
          ],
          [
            117.43377672067454,
            40.40106294134577
          ],
          [
            117.43381455445417,
            40.40109745269346
          ],
          [
            117.433852399994,
            40.40113195497885
          ],
          [
            117.43389023379319,
            40.401166457295666
          ],
          [
            117.43392807946823,
            40.401200968560794
          ],
          [
            117.4339659133448,
            40.40123547085202
          ],
          [
            117.43400375903937,
            40.40126997308625
          ],
          [
            117.4340415929933,
            40.40130447535193
          ],
          [
            117.4340794388231,
            40.40133898656588
          ],
          [
            117.43411727285438,
            40.40137348880594
          ],
          [
            117.43415511870374,
            40.401407990989
          ],
          [
            117.43419295287022,
            40.4014425022088
          ],
          [
            117.43423079879695,
            40.401477004366285
          ],
          [
            117.43426863298298,
            40.401511506555195
          ],
          [
            117.43430647898705,
            40.401546008687085
          ],
          [
            117.43434431330833,
            40.40158051985575
          ],
          [
            117.4343514464697,
            40.40158702207047
          ],
          [
            117.43438561943798,
            40.40162369029498
          ],
          [
            117.43441979250129,
            40.40166036751426
          ],
          [
            117.43445396560179,
            40.40169704472302
          ],
          [
            117.43448813868159,
            40.401733712915956
          ],
          [
            117.434522300077,
            40.40177039014794
          ],
          [
            117.43455647323114,
            40.401807058319825
          ],
          [
            117.43459064648034,
            40.40184373548648
          ],
          [
            117.43462481976674,
            40.40188041264263
          ],
          [
            117.4346589930324,
            40.40191708078294
          ],
          [
            117.43469316639315,
            40.40195375791801
          ],
          [
            117.43472733973314,
            40.401990426037266
          ],
          [
            117.43476151316824,
            40.402027103151305
          ],
          [
            117.43479568664054,
            40.40206378025482
          ],
          [
            117.43482986009207,
            40.4021004483425
          ],
          [
            117.43486403363872,
            40.402137125424964
          ],
          [
            117.4348982071646,
            40.40217379349157
          ],
          [
            117.4349323690061,
            40.40221047059728
          ],
          [
            117.43496654266427,
            40.40224714764818
          ],
          [
            117.43500071630167,
            40.402283815683234
          ],
          [
            117.43503489003422,
            40.40232049271306
          ],
          [
            117.43506906374597,
            40.40235716072705
          ],
          [
            117.43510323755288,
            40.40239383773585
          ],
          [
            117.43513741139697,
            40.40243051473411
          ],
          [
            117.43517158522025,
            40.40246718271651
          ],
          [
            117.43520575913868,
            40.40250385969372
          ],
          [
            117.43523993303633,
            40.40254052765508
          ],
          [
            117.43527410702914,
            40.402577204611234
          ],
          [
            117.43530828105912,
            40.40261388155685
          ],
          [
            117.43534244328869,
            40.40265054953099
          ],
          [
            117.43537661739305,
            40.40268722645556
          ],
          [
            117.43541079147654,
            40.40272389436431
          ],
          [
            117.43544496565525,
            40.40276057126781
          ],
          [
            117.43547913987116,
            40.4027972481608
          ],
          [
            117.4355133140662,
            40.402833916037984
          ],
          [
            117.43554748835643,
            40.402870592909935
          ],
          [
            117.43558166262582,
            40.40290726076603
          ],
          [
            117.43561583699045,
            40.40294393761691
          ],
          [
            117.43565001139226,
            40.40298061445726
          ],
          [
            117.43568418577317,
            40.40301728228181
          ],
          [
            117.4357183484697,
            40.40305395914551
          ],
          [
            117.43575252292496,
            40.40309062694898
          ],
          [
            117.43578669747549,
            40.40312730374721
          ],
          [
            117.43582087206319,
            40.40316398053498
          ],
          [
            117.43585504663001,
            40.403200648306864
          ],
          [
            117.43588922129206,
            40.40323732507352
          ],
          [
            117.43592339593324,
            40.403273992824374
          ],
          [
            117.43595757066967,
            40.40331066956999
          ],
          [
            117.43598796139749,
            40.40334328106937
          ],
          [
            117.43601245703047,
            40.40338422689159
          ],
          [
            117.43603696453114,
            40.40342518166907
          ],
          [
            117.43606146022387,
            40.40346612748003
          ],
          [
            117.43608595594644,
            40.40350707328536
          ],
          [
            117.43611046347861,
            40.40354801904061
          ],
          [
            117.43613495926091,
            40.40358896483467
          ],
          [
            117.43615946685283,
            40.40362991057865
          ],
          [
            117.43618396269487,
            40.40367085636142
          ],
          [
            117.43620845856674,
            40.403711802138574
          ],
          [
            117.43623296624827,
            40.40375274786564
          ],
          [
            117.43625746217992,
            40.40379369363151
          ],
          [
            117.43628196997933,
            40.40383464835262
          ],
          [
            117.43630646597067,
            40.403875594107205
          ],
          [
            117.43633096199191,
            40.40391653985617
          ],
          [
            117.4363554698228,
            40.40395748555504
          ],
          [
            117.43637996590375,
            40.40399843129274
          ],
          [
            117.43640447379438,
            40.40403937698033
          ],
          [
            117.43642896993505,
            40.404080322706754
          ],
          [
            117.4364534661056,
            40.404121268427545
          ],
          [
            117.43647797408588,
            40.40416221409822
          ],
          [
            117.43650247031613,
            40.40420315980775
          ],
          [
            117.43652696663446,
            40.40424411451694
          ],
          [
            117.43655147470433,
            40.4042850601707
          ],
          [
            117.4365759710242,
            40.4043260058633
          ],
          [
            117.43660047915381,
            40.40436695150578
          ],
          [
            117.43662497553343,
            40.40440789718712
          ],
          [
            117.4366494719429,
            40.40444884286283
          ],
          [
            117.43667398016211,
            40.404489788488384
          ],
          [
            117.43669847663134,
            40.40453073415282
          ],
          [
            117.43672298491032,
            40.4045716797671
          ],
          [
            117.43674748143926,
            40.40461262542027
          ],
          [
            117.43677197799805,
            40.40465357106779
          ],
          [
            117.43679648642487,
            40.40469452567047
          ],
          [
            117.43682098304339,
            40.40473547130671
          ],
          [
            117.43684549147174,
            40.40477641689281
          ],
          [
            117.43686998815004,
            40.40481736251779
          ],
          [
            117.43689448485816,
            40.40485830813712
          ],
          [
            117.43691899337612,
            40.40489925370631
          ],
          [
            117.436943490144,
            40.40494019931436
          ],
          [
            117.43696798694172,
            40.40498114491679
          ],
          [
            117.43699249554933,
            40.40502209046907
          ],
          [
            117.4370169924068,
            40.40506303606024
          ],
          [
            117.4370415011324,
            40.40510399060651
          ],
          [
            117.43706599804958,
            40.405144936186396
          ],
          [
            117.43709049499667,
            40.405185881760644
          ],
          [
            117.43711500375363,
            40.40522682728471
          ],
          [
            117.43713950076045,
            40.40526777284767
          ],
          [
            117.43716400957716,
            40.40530871836047
          ],
          [
            117.43718850664371,
            40.405349663912176
          ],
          [
            117.43721300374013,
            40.40539060945823
          ],
          [
            117.43723751264645,
            40.40543155495412
          ],
          [
            117.43726200980261,
            40.405472500488905
          ],
          [
            117.43728651882697,
            40.405513454978816
          ],
          [
            117.43731101604287,
            40.405554400502325
          ],
          [
            117.43733551328862,
            40.40559534602019
          ],
          [
            117.43736002234434,
            40.40563629148787
          ],
          [
            117.43738451964983,
            40.405677236994485
          ],
          [
            117.43740901698519,
            40.40571818249545
          ],
          [
            117.43743352613053,
            40.40575912794622
          ],
          [
            117.43745802352562,
            40.4058000734359
          ],
          [
            117.4374782693225,
            40.405833911637394
          ],
          [
            117.43750710285839,
            40.405873174688296
          ],
          [
            117.43753592470613,
            40.40591244678142
          ],
          [
            117.43756474652916,
            40.40595170986165
          ],
          [
            117.43759356844414,
            40.40599098193951
          ],
          [
            117.43762239033447,
            40.40603024500447
          ],
          [
            117.43765121231675,
            40.406069517067095
          ],
          [
            117.43768003427435,
            40.40610878011682
          ],
          [
            117.43770886810412,
            40.40614805211959
          ],
          [
            117.437737690129,
            40.40618731515403
          ],
          [
            117.43776651224586,
            40.406226587186154
          ],
          [
            117.437795334338,
            40.40626585020536
          ],
          [
            117.43782415652217,
            40.40630512222222
          ],
          [
            117.43785297868159,
            40.40634438522615
          ],
          [
            117.43788180093303,
            40.40638365722778
          ],
          [
            117.43791063493998,
            40.40642292017184
          ],
          [
            117.4379394572587,
            40.40646219215819
          ],
          [
            117.43796827955269,
            40.406501455131604
          ],
          [
            117.4379971019387,
            40.406540727102715
          ],
          [
            117.43802592429998,
            40.40657999006089
          ],
          [
            117.43805474675328,
            40.40661926201673
          ],
          [
            117.43808356918184,
            40.40665852495965
          ],
          [
            117.43811239170242,
            40.406697796900254
          ],
          [
            117.43814122597854,
            40.40673705978326
          ],
          [
            117.43817004856642,
            40.4067763317086
          ],
          [
            117.43819887112953,
            40.40681559462101
          ],
          [
            117.43822769378471,
            40.40685486653109
          ],
          [
            117.43825651641511,
            40.40689412942823
          ],
          [
            117.43828533913754,
            40.40693340132306
          ],
          [
            117.43831416183522,
            40.40697266420495
          ],
          [
            117.43834299640532,
            40.40701193603988
          ],
          [
            117.43837181917027,
            40.40705119890649
          ],
          [
            117.4384006420273,
            40.40709047077081
          ],
          [
            117.43842946485957,
            40.4071297336222
          ],
          [
            117.43845828778387,
            40.40716900547124
          ],
          [
            117.4384871106834,
            40.40720826830738
          ],
          [
            117.438515933675,
            40.407247540141164
          ],
          [
            117.43854476842223,
            40.407286802917355
          ],
          [
            117.43857359148114,
            40.40732607473589
          ],
          [
            117.43860241451522,
            40.40736533754153
          ],
          [
            117.43863123764143,
            40.407404609344795
          ],
          [
            117.4386600607428,
            40.407443872135154
          ],
          [
            117.4386888839363,
            40.40748314392317
          ],
          [
            117.43871770710497,
            40.40752240669829
          ],
          [
            117.43874654214618,
            40.40756167842636
          ],
          [
            117.43877536538214,
            40.407600941186196
          ],
          [
            117.43880418871022,
            40.40764021294372
          ],
          [
            117.43883301201345,
            40.4076794756883
          ],
          [
            117.43886183540882,
            40.40771874743055
          ],
          [
            117.43889065877934,
            40.407758010159874
          ],
          [
            117.43891948224201,
            40.40779728188688
          ],
          [
            117.43894831746029,
            40.407836544556254
          ],
          [
            117.43897714099025,
            40.407875816267975
          ],
          [
            117.43900596449535,
            40.40791507896679
          ],
          [
            117.43903478809258,
            40.407954350663275
          ],
          [
            117.43906361166498,
            40.40799361334683
          ],
          [
            117.43909243532954,
            40.40803288502806
          ],
          [
            117.4391212589692,
            40.408072147696366
          ],
          [
            117.43915009448155,
            40.408111419317606
          ],
          [
            117.4391789181885,
            40.408150681970625
          ],
          [
            117.43920774198764,
            40.40818995362134
          ],
          [
            117.4392365657619,
            40.40822921625913
          ],
          [
            117.43926538962832,
            40.40826848789459
          ],
          [
            117.43929421346985,
            40.40830775051711
          ],
          [
            117.43932303734505,
            40.408347013132015
          ],
          [
            117.43933435299206,
            40.40836243261314
          ],
          [
            117.43937648573029,
            40.40839389989842
          ],
          [
            117.43941861850774,
            40.408425367167965
          ],
          [
            117.43946075132445,
            40.40845683442181
          ],
          [
            117.4395028723998,
            40.40848830170467
          ],
          [
            117.43954500529497,
            40.40851976892705
          ],
          [
            117.4395871382294,
            40.40855123613368
          ],
          [
            117.43962927120306,
            40.40858270332458
          ],
          [
            117.43967139249392,
            40.408614179549865
          ],
          [
            117.43971352554608,
            40.408645646709296
          ],
          [
            117.43975565863745,
            40.408677113853024
          ],
          [
            117.43979779176809,
            40.408708580981006
          ],
          [
            117.43983992493794,
            40.40874004809328
          ],
          [
            117.43988204636639,
            40.40877151523462
          ],
          [
            117.43992417961474,
            40.40880298231539
          ],
          [
            117.43996631296098,
            40.40883445838576
          ],
          [
            117.44000844628778,
            40.4088659254351
          ],
          [
            117.4400505678732,
            40.40889739251354
          ],
          [
            117.4400927012785,
            40.40892885953141
          ],
          [
            117.44013483472304,
            40.40896032653355
          ],
          [
            117.44017696820683,
            40.40899179351996
          ],
          [
            117.44021910172987,
            40.40902326049064
          ],
          [
            117.44026122351143,
            40.40905472749044
          ],
          [
            117.44030335717162,
            40.409086203434946
          ],
          [
            117.44034549081238,
            40.40911767035845
          ],
          [
            117.44038762449237,
            40.40914913726619
          ],
          [
            117.44042975821161,
            40.40918060415822
          ],
          [
            117.44047188018935,
            40.40921207107939
          ],
          [
            117.44051401398706,
            40.40924353793994
          ],
          [
            117.44055614782403,
            40.40927500478478
          ],
          [
            117.44059828175895,
            40.409306480619165
          ],
          [
            117.44064040389364,
            40.409337947477425
          ],
          [
            117.44068253784833,
            40.409369414275076
          ],
          [
            117.44072467184223,
            40.409400881056975
          ],
          [
            117.44076680587541,
            40.40943234782315
          ],
          [
            117.44080893994781,
            40.409463814573584
          ],
          [
            117.4408510622787,
            40.409495281353216
          ],
          [
            117.44089319642957,
            40.4095267480722
          ],
          [
            117.44093533067849,
            40.40955822378073
          ],
          [
            117.44097746490786,
            40.40958969046825
          ],
          [
            117.44101958739569,
            40.40962115718496
          ],
          [
            117.44106172170355,
            40.40965262384102
          ],
          [
            117.44110385605063,
            40.409684090481335
          ],
          [
            117.441145990437,
            40.40971555710591
          ],
          [
            117.44118812486256,
            40.40974702371477
          ],
          [
            117.44123024760538,
            40.40977849935814
          ],
          [
            117.44127238210943,
            40.40980996593552
          ],
          [
            117.44131451665277,
            40.409841432497196
          ],
          [
            117.44135665123531,
            40.409872899043116
          ],
          [
            117.44139877407628,
            40.40990436561829
          ],
          [
            117.4414409087373,
            40.409935832132746
          ],
          [
            117.44148304343759,
            40.40996729863147
          ],
          [
            117.44152517817712,
            40.40999876511447
          ],
          [
            117.44156731301473,
            40.41003024058702
          ],
          [
            117.44160943605188,
            40.41006170708356
          ],
          [
            117.44165157090912,
            40.410093173519336
          ],
          [
            117.44169279420348,
            40.41012395900262
          ],
          [
            117.4417424336387,
            40.410148201329555
          ],
          [
            117.44179207305055,
            40.410172434629615
          ],
          [
            117.4418417125568,
            40.41019667691335
          ],
          [
            117.44189135209857,
            40.410220919175494
          ],
          [
            117.44194099167582,
            40.410245161416036
          ],
          [
            117.44199063128859,
            40.41026940363496
          ],
          [
            117.44204027093687,
            40.4102936458323
          ],
          [
            117.44208991062068,
            40.410317888008045
          ],
          [
            117.44213955033999,
            40.41034213016217
          ],
          [
            117.44218919009481,
            40.41036637229469
          ],
          [
            117.44223882982617,
            40.41039060540032
          ],
          [
            117.44228846965201,
            40.41041484748965
          ],
          [
            117.44233810951334,
            40.41043908955737
          ],
          [
            117.4423877494102,
            40.4104633316035
          ],
          [
            117.44243738934256,
            40.41048757362801
          ],
          [
            117.44248702931043,
            40.41051181563093
          ],
          [
            117.44253666931381,
            40.41053605761224
          ],
          [
            117.4425863093527,
            40.410560299571955
          ],
          [
            117.44263594942711,
            40.410584541510055
          ],
          [
            117.44268558953704,
            40.410608783426554
          ],
          [
            117.44273522962345,
            40.41063301631619
          ],
          [
            117.44278486980437,
            40.41065725818948
          ],
          [
            117.4428345100208,
            40.41068150004119
          ],
          [
            117.44288415027276,
            40.410705741871276
          ],
          [
            117.44293379056022,
            40.41072998367976
          ],
          [
            117.44298343088319,
            40.41075422546663
          ],
          [
            117.44303307124169,
            40.41077846723194
          ],
          [
            117.44308271163567,
            40.41080270897562
          ],
          [
            117.44313235206515,
            40.41082695069771
          ],
          [
            117.4431819924711,
            40.41085118339288
          ],
          [
            117.44323163297163,
            40.41087542507176
          ],
          [
            117.44328127350765,
            40.410899666729044
          ],
          [
            117.44333091407918,
            40.410923908364694
          ],
          [
            117.44338055468624,
            40.41094814997878
          ],
          [
            117.4434301953288,
            40.41097239157122
          ],
          [
            117.44347983600687,
            40.41099663314209
          ],
          [
            117.44352947672044,
            40.411020874691346
          ],
          [
            117.44357911746954,
            40.411045116219
          ],
          [
            117.4436287700352,
            40.411069357679835
          ],
          [
            117.44367841079618,
            40.411093590158984
          ],
          [
            117.4437280516518,
            40.41111783162181
          ],
          [
            117.44377769254292,
            40.411142073063054
          ],
          [
            117.44382733346957,
            40.41116631448268
          ],
          [
            117.44387697443173,
            40.41119055588069
          ],
          [
            117.44392661542939,
            40.41121479725711
          ],
          [
            117.44397625646258,
            40.411239038611924
          ],
          [
            117.44402589753128,
            40.411263279945146
          ],
          [
            117.44407553863546,
            40.41128752125675
          ],
          [
            117.44412517971597,
            40.411311753541476
          ],
          [
            117.44417482089118,
            40.41133599480988
          ],
          [
            117.4442244621019,
            40.41136023605667
          ],
          [
            117.44427410334814,
            40.41138447728185
          ],
          [
            117.44432374462987,
            40.41140871848546
          ],
          [
            117.44437338594715,
            40.41143295966742
          ],
          [
            117.4444230272999,
            40.41145720082781
          ],
          [
            117.44447266868818,
            40.41148144196657
          ],
          [
            117.44452231011198,
            40.411505683083746
          ],
          [
            117.44457195151202,
            40.41152991517402
          ],
          [
            117.44462159300684,
            40.41155415624799
          ],
          [
            117.44467123453715,
            40.41157839730033
          ],
          [
            117.44472087610298,
            40.41160263833109
          ],
          [
            117.44477051770431,
            40.41162687934024
          ],
          [
            117.44482015934116,
            40.41165112032776
          ],
          [
            117.44486980101352,
            40.41167536129371
          ],
          [
            117.44491944272139,
            40.41169960223804
          ],
          [
            117.44496908446477,
            40.41172384316077
          ],
          [
            117.44501872624367,
            40.411748084061884
          ],
          [
            117.44506836799874,
            40.411772315936126
          ],
          [
            117.4450685098473,
            40.411772387434205
          ],
          [
            117.44512193414285,
            40.411791354511315
          ],
          [
            117.4451753584682,
            40.41181032156353
          ],
          [
            117.44522878276406,
            40.41182927958554
          ],
          [
            117.44528221893025,
            40.411848246542554
          ],
          [
            117.44533564334508,
            40.41186721352004
          ],
          [
            117.44538906778973,
            40.41188618047261
          ],
          [
            117.4454424922642,
            40.411905147400276
          ],
          [
            117.44549591676852,
            40.411924114303055
          ],
          [
            117.44554934124325,
            40.41194307217559
          ],
          [
            117.4456027658072,
            40.411962039028545
          ],
          [
            117.44565620218216,
            40.41198100581115
          ],
          [
            117.44570962680572,
            40.41199997261428
          ],
          [
            117.44576305145915,
            40.41201893939248
          ],
          [
            117.44581647614238,
            40.41203790614579
          ],
          [
            117.44586990079601,
            40.4120568638689
          ],
          [
            117.44592332553886,
            40.412075830572384
          ],
          [
            117.44597676209277,
            40.41209479720552
          ],
          [
            117.4460301868953,
            40.412113763859196
          ],
          [
            117.44608361172764,
            40.41213273048793
          ]
        ]
      }
    },
    {
      "type": "Feature",
      "properties": {
        "Id": "CP-MAIN-007",
        "road_name": "??????",
        "roadRole": "mainline",
        "source": "RoadCenterLine.geojson",
        "sourceLayer": "RoadCenterLine",
        "sourceRecordNumber": 30,
        "segmentLengthMeters": 2200.3,
        "speedUnit": "km/h",
        "speeds": {
          "2026-02-13T00:00:00": 99.5,
          "2026-02-13T00:15:00": 101.5,
          "2026-02-13T00:30:00": 99.8,
          "2026-02-13T00:45:00": 100.1,
          "2026-02-13T01:00:00": 99,
          "2026-02-13T01:15:00": 101.1,
          "2026-02-13T01:30:00": 100.3,
          "2026-02-13T01:45:00": 98.4,
          "2026-02-13T02:00:00": 98.4,
          "2026-02-13T02:15:00": 99.2,
          "2026-02-13T02:30:00": 99.1,
          "2026-02-13T02:45:00": 100.2,
          "2026-02-13T03:00:00": 100.5,
          "2026-02-13T03:15:00": 98.8,
          "2026-02-13T03:30:00": 100.7,
          "2026-02-13T03:45:00": 99.8,
          "2026-02-13T04:00:00": 99,
          "2026-02-13T04:15:00": 100.7,
          "2026-02-13T04:30:00": 100.3,
          "2026-02-13T04:45:00": 98.9,
          "2026-02-13T05:00:00": 97.6,
          "2026-02-13T05:15:00": 96.4,
          "2026-02-13T05:30:00": 99.6,
          "2026-02-13T05:45:00": 99.6,
          "2026-02-13T06:00:00": 98.6,
          "2026-02-13T06:15:00": 98,
          "2026-02-13T06:30:00": 98.7,
          "2026-02-13T06:45:00": 95.9,
          "2026-02-13T07:00:00": 94,
          "2026-02-13T07:15:00": 92.3,
          "2026-02-13T07:30:00": 94.5,
          "2026-02-13T07:45:00": 93.8,
          "2026-02-13T08:00:00": 91.2,
          "2026-02-13T08:15:00": 93.9,
          "2026-02-13T08:30:00": 93.3,
          "2026-02-13T08:45:00": 94.1,
          "2026-02-13T09:00:00": 94,
          "2026-02-13T09:15:00": 94.2,
          "2026-02-13T09:30:00": 97,
          "2026-02-13T09:45:00": 95.3,
          "2026-02-13T10:00:00": 96.9,
          "2026-02-13T10:15:00": 97.2,
          "2026-02-13T10:30:00": 94.3,
          "2026-02-13T10:45:00": 97.2,
          "2026-02-13T11:00:00": 97.1,
          "2026-02-13T11:15:00": 96.2,
          "2026-02-13T11:30:00": 97.7,
          "2026-02-13T11:45:00": 95.5,
          "2026-02-13T12:00:00": 94.9,
          "2026-02-13T12:15:00": 96.3,
          "2026-02-13T12:30:00": 95.4,
          "2026-02-13T12:45:00": 96.5,
          "2026-02-13T13:00:00": 95.6,
          "2026-02-13T13:15:00": 94.4,
          "2026-02-13T13:30:00": 94.7,
          "2026-02-13T13:45:00": 97.2,
          "2026-02-13T14:00:00": 96.7,
          "2026-02-13T14:15:00": 95,
          "2026-02-13T14:30:00": 96.2,
          "2026-02-13T14:45:00": 96.5,
          "2026-02-13T15:00:00": 96.8,
          "2026-02-13T15:15:00": 95.6,
          "2026-02-13T15:30:00": 97.6,
          "2026-02-13T15:45:00": 95.8,
          "2026-02-13T16:00:00": 95.8,
          "2026-02-13T16:15:00": 96.5,
          "2026-02-13T16:30:00": 96.3,
          "2026-02-13T16:45:00": 92.7,
          "2026-02-13T17:00:00": 94.4,
          "2026-02-13T17:15:00": 89.9,
          "2026-02-13T17:30:00": 86.4,
          "2026-02-13T17:45:00": 84.7,
          "2026-02-13T18:00:00": 78,
          "2026-02-13T18:15:00": 68,
          "2026-02-13T18:30:00": 77.9,
          "2026-02-13T18:45:00": 75.8,
          "2026-02-13T19:00:00": 63.2,
          "2026-02-13T19:15:00": 73,
          "2026-02-13T19:30:00": 65,
          "2026-02-13T19:45:00": 80.5,
          "2026-02-13T20:00:00": 78.2,
          "2026-02-13T20:15:00": 90,
          "2026-02-13T20:30:00": 81.1,
          "2026-02-13T20:45:00": 87,
          "2026-02-13T21:00:00": 95,
          "2026-02-13T21:15:00": 95.2,
          "2026-02-13T21:30:00": 96.3,
          "2026-02-13T21:45:00": 99.3,
          "2026-02-13T22:00:00": 101.2,
          "2026-02-13T22:15:00": 100.1,
          "2026-02-13T22:30:00": 101.6,
          "2026-02-13T22:45:00": 101.2,
          "2026-02-13T23:00:00": 101.6,
          "2026-02-13T23:15:00": 100.1,
          "2026-02-13T23:30:00": 100.5,
          "2026-02-13T23:45:00": 99.5
        },
        "traffic_level": {
          "2026-02-13T00:00:00": 1,
          "2026-02-13T00:15:00": 1,
          "2026-02-13T00:30:00": 1,
          "2026-02-13T00:45:00": 1,
          "2026-02-13T01:00:00": 1,
          "2026-02-13T01:15:00": 1,
          "2026-02-13T01:30:00": 1,
          "2026-02-13T01:45:00": 1,
          "2026-02-13T02:00:00": 1,
          "2026-02-13T02:15:00": 1,
          "2026-02-13T02:30:00": 1,
          "2026-02-13T02:45:00": 1,
          "2026-02-13T03:00:00": 1,
          "2026-02-13T03:15:00": 1,
          "2026-02-13T03:30:00": 1,
          "2026-02-13T03:45:00": 1,
          "2026-02-13T04:00:00": 1,
          "2026-02-13T04:15:00": 1,
          "2026-02-13T04:30:00": 1,
          "2026-02-13T04:45:00": 1,
          "2026-02-13T05:00:00": 1,
          "2026-02-13T05:15:00": 1,
          "2026-02-13T05:30:00": 1,
          "2026-02-13T05:45:00": 1,
          "2026-02-13T06:00:00": 1,
          "2026-02-13T06:15:00": 1,
          "2026-02-13T06:30:00": 1,
          "2026-02-13T06:45:00": 1,
          "2026-02-13T07:00:00": 1,
          "2026-02-13T07:15:00": 1,
          "2026-02-13T07:30:00": 1,
          "2026-02-13T07:45:00": 1,
          "2026-02-13T08:00:00": 1,
          "2026-02-13T08:15:00": 1,
          "2026-02-13T08:30:00": 1,
          "2026-02-13T08:45:00": 1,
          "2026-02-13T09:00:00": 1,
          "2026-02-13T09:15:00": 1,
          "2026-02-13T09:30:00": 1,
          "2026-02-13T09:45:00": 1,
          "2026-02-13T10:00:00": 1,
          "2026-02-13T10:15:00": 1,
          "2026-02-13T10:30:00": 1,
          "2026-02-13T10:45:00": 1,
          "2026-02-13T11:00:00": 1,
          "2026-02-13T11:15:00": 1,
          "2026-02-13T11:30:00": 1,
          "2026-02-13T11:45:00": 1,
          "2026-02-13T12:00:00": 1,
          "2026-02-13T12:15:00": 1,
          "2026-02-13T12:30:00": 1,
          "2026-02-13T12:45:00": 1,
          "2026-02-13T13:00:00": 1,
          "2026-02-13T13:15:00": 1,
          "2026-02-13T13:30:00": 1,
          "2026-02-13T13:45:00": 1,
          "2026-02-13T14:00:00": 1,
          "2026-02-13T14:15:00": 1,
          "2026-02-13T14:30:00": 1,
          "2026-02-13T14:45:00": 1,
          "2026-02-13T15:00:00": 1,
          "2026-02-13T15:15:00": 1,
          "2026-02-13T15:30:00": 1,
          "2026-02-13T15:45:00": 1,
          "2026-02-13T16:00:00": 1,
          "2026-02-13T16:15:00": 1,
          "2026-02-13T16:30:00": 1,
          "2026-02-13T16:45:00": 1,
          "2026-02-13T17:00:00": 1,
          "2026-02-13T17:15:00": 2,
          "2026-02-13T17:30:00": 2,
          "2026-02-13T17:45:00": 2,
          "2026-02-13T18:00:00": 2,
          "2026-02-13T18:15:00": 3,
          "2026-02-13T18:30:00": 2,
          "2026-02-13T18:45:00": 2,
          "2026-02-13T19:00:00": 3,
          "2026-02-13T19:15:00": 2,
          "2026-02-13T19:30:00": 3,
          "2026-02-13T19:45:00": 2,
          "2026-02-13T20:00:00": 2,
          "2026-02-13T20:15:00": 1,
          "2026-02-13T20:30:00": 2,
          "2026-02-13T20:45:00": 2,
          "2026-02-13T21:00:00": 1,
          "2026-02-13T21:15:00": 1,
          "2026-02-13T21:30:00": 1,
          "2026-02-13T21:45:00": 1,
          "2026-02-13T22:00:00": 1,
          "2026-02-13T22:15:00": 1,
          "2026-02-13T22:30:00": 1,
          "2026-02-13T22:45:00": 1,
          "2026-02-13T23:00:00": 1,
          "2026-02-13T23:15:00": 1,
          "2026-02-13T23:30:00": 1,
          "2026-02-13T23:45:00": 1
        }
      },
      "geometry": {
        "type": "LineString",
        "coordinates": [
          [
            117.44608361172764,
            40.41213273048793
          ],
          [
            117.4461370365898,
            40.41215169709179
          ],
          [
            117.4461904614223,
            40.41217065466544
          ],
          [
            117.4462438863441,
            40.41218962121948
          ],
          [
            117.44629732307696,
            40.412208587703134
          ],
          [
            117.4463507480584,
            40.412227554207334
          ],
          [
            117.44640417306968,
            40.41224652068662
          ],
          [
            117.44645759811077,
            40.41226548714101
          ],
          [
            117.44651102312217,
            40.41228444456523
          ],
          [
            117.4465644482229,
            40.412303410969784
          ],
          [
            117.44661788513471,
            40.41232237730393
          ],
          [
            117.44667131029509,
            40.41234134365869
          ],
          [
            117.4467247354853,
            40.41236030998853
          ],
          [
            117.44677816070532,
            40.41237927629347
          ],
          [
            117.44683158589558,
            40.412398233568204
          ],
          [
            117.44688501117524,
            40.41241719982332
          ],
          [
            117.44693844826601,
            40.41243616600798
          ],
          [
            117.44699187360533,
            40.41245513221329
          ],
          [
            117.44704529897444,
            40.412474098393666
          ],
          [
            117.44709872437339,
            40.41249306454912
          ],
          [
            117.44715214974256,
            40.41251202167441
          ],
          [
            117.44720557520114,
            40.41253098778005
          ],
          [
            117.44725901247085,
            40.41254995381523
          ],
          [
            117.44731243798907,
            40.41256891987105
          ],
          [
            117.44736586353714,
            40.41258788590197
          ],
          [
            117.447419289115,
            40.412606851907995
          ],
          [
            117.44747271466305,
            40.4126258088838
          ],
          [
            117.44752614030058,
            40.41264477483997
          ],
          [
            117.44757957774922,
            40.41266374072566
          ],
          [
            117.44763300344637,
            40.41268270663203
          ],
          [
            117.44768642917337,
            40.41270167251347
          ],
          [
            117.44773985493016,
            40.41272063837004
          ],
          [
            117.4477932807168,
            40.412739604201654
          ],
          [
            117.44784670647354,
            40.41275856100311
          ],
          [
            117.44790014410113,
            40.41277752673928
          ],
          [
            117.44795356997723,
            40.412796492496184
          ],
          [
            117.44800699588312,
            40.41281545822817
          ],
          [
            117.44806042181887,
            40.41283442393523
          ],
          [
            117.4481138477844,
            40.41285338961743
          ],
          [
            117.44816727372003,
            40.41287234626939
          ],
          [
            117.44822071152657,
            40.412891311856086
          ],
          [
            117.44827413758158,
            40.412910277463496
          ],
          [
            117.44832756366642,
            40.41292924304602
          ],
          [
            117.44838098978106,
            40.41294820860363
          ],
          [
            117.44843441592555,
            40.41296717413632
          ],
          [
            117.44848784204007,
            40.41298613063884
          ],
          [
            117.44854128002552,
            40.413005096076006
          ],
          [
            117.44859470625948,
            40.41302406153398
          ],
          [
            117.44864813252323,
            40.413043026967024
          ],
          [
            117.4487015588168,
            40.41306199237517
          ],
          [
            117.4487549851402,
            40.41308095775841
          ],
          [
            117.44880841143359,
            40.41309991411145
          ],
          [
            117.44886183781662,
            40.41311887944486
          ],
          [
            117.44891527601088,
            40.41313784470761
          ],
          [
            117.44896870245356,
            40.4131568099912
          ],
          [
            117.44902212892605,
            40.41317577524985
          ],
          [
            117.44907555542838,
            40.413194740483625
          ],
          [
            117.44912898190064,
            40.413213696687194
          ],
          [
            117.4491824084626,
            40.41323266187113
          ],
          [
            117.44923584683579,
            40.41325162698438
          ],
          [
            117.44928927345738,
            40.41327059211848
          ],
          [
            117.4493427001088,
            40.41328955722768
          ],
          [
            117.44939612679006,
            40.41330852231197
          ],
          [
            117.4494495534412,
            40.413327478366064
          ],
          [
            117.44950298018209,
            40.41334644340051
          ],
          [
            117.44955641873422,
            40.41336540836428
          ],
          [
            117.44960984553474,
            40.41338437334892
          ],
          [
            117.44966327236509,
            40.41340333830863
          ],
          [
            117.44971669922525,
            40.41342230324344
          ],
          [
            117.44977012605526,
            40.41344125914807
          ],
          [
            117.44982355297506,
            40.413460224033045
          ],
          [
            117.44987699170612,
            40.41347918884729
          ],
          [
            117.44993041868557,
            40.41349815368245
          ],
          [
            117.44998384569485,
            40.41351711849267
          ],
          [
            117.45003727273392,
            40.41353608327801
          ],
          [
            117.45009069974284,
            40.413555039033156
          ],
          [
            117.45014412684155,
            40.41357400376868
          ],
          [
            117.45019756575155,
            40.41359296843339
          ],
          [
            117.45025099290993,
            40.413611933119086
          ],
          [
            117.45030442009809,
            40.41363089777985
          ],
          [
            117.45035784731611,
            40.41364986241571
          ],
          [
            117.45041127450389,
            40.413668818021364
          ],
          [
            117.45046470178153,
            40.41368778260741
          ],
          [
            117.45051814087047,
            40.4137067471226
          ],
          [
            117.45057156820776,
            40.413725711658806
          ],
          [
            117.45062499557486,
            40.4137446761701
          ],
          [
            117.45067842297178,
            40.41376364065647
          ],
          [
            117.45073185033843,
            40.41378259611267
          ],
          [
            117.45078527779499,
            40.41380156054922
          ],
          [
            117.45083871706288,
            40.413820524914904
          ],
          [
            117.45089214457907,
            40.41383948930163
          ],
          [
            117.4509455721251,
            40.41385845366343
          ],
          [
            117.45099899970093,
            40.41387741800032
          ],
          [
            117.45105242724647,
            40.41389637330704
          ],
          [
            117.45110585488194,
            40.4139153375941
          ],
          [
            117.45115929432876,
            40.413934301810286
          ],
          [
            117.45121272202388,
            40.41395326604752
          ],
          [
            117.4512661497488,
            40.41397223025984
          ],
          [
            117.45131957750357,
            40.41399119444725
          ],
          [
            117.45137300522798,
            40.41401014960447
          ],
          [
            117.45142643304236,
            40.41402911374205
          ],
          [
            117.45147987266812,
            40.414048077808715
          ],
          [
            117.45153330054214,
            40.41406704189646
          ],
          [
            117.451586728446,
            40.4140860059593
          ],
          [
            117.45164015637967,
            40.41410496999721
          ],
          [
            117.45169358428296,
            40.414123925004965
          ],
          [
            117.45174701227626,
            40.41414288899304
          ],
          [
            117.45180045208096,
            40.41416185291021
          ],
          [
            117.4518538801339,
            40.414180816848464
          ],
          [
            117.45190730821668,
            40.41419978076182
          ],
          [
            117.45196073632923,
            40.414218744650235
          ],
          [
            117.4520141644114,
            40.41423769950851
          ],
          [
            117.45206759258362,
            40.41425666334711
          ],
          [
            117.45212103256723,
            40.41427562711471
          ],
          [
            117.45217446079911,
            40.41429459090354
          ],
          [
            117.45222788906078,
            40.41431355466735
          ],
          [
            117.45228131735229,
            40.41433251840631
          ],
          [
            117.4523347456133,
            40.414351473115076
          ],
          [
            117.45238817396444,
            40.414370436804205
          ],
          [
            117.45244160234539,
            40.4143894004684
          ],
          [
            117.45249504253778,
            40.41440836406158
          ],
          [
            117.45254847097837,
            40.414427327675966
          ],
          [
            117.45260189944878,
            40.4144462912654
          ],
          [
            117.45261761855106,
            40.41445186717882
          ],
          [
            117.45267088392782,
            40.414471101539924
          ],
          [
            117.45272414933473,
            40.414490335876245
          ],
          [
            117.45277741477182,
            40.41450957018781
          ],
          [
            117.45283068023906,
            40.4145288044746
          ],
          [
            117.45288393389444,
            40.4145480297775
          ],
          [
            117.45293719942198,
            40.41456726401477
          ],
          [
            117.45299046497968,
            40.414586498227266
          ],
          [
            117.45304373056753,
            40.41460573241499
          ],
          [
            117.45309699618552,
            40.41462496657794
          ],
          [
            117.4531502618337,
            40.41464420071615
          ],
          [
            117.45320352751203,
            40.41466343482957
          ],
          [
            117.45325679322052,
            40.41468266891823
          ],
          [
            117.45331005895915,
            40.41470190298211
          ],
          [
            117.45336331288583,
            40.41472112806216
          ],
          [
            117.4534165786848,
            40.41474036207653
          ],
          [
            117.45346984451388,
            40.41475959606612
          ],
          [
            117.45352311037314,
            40.41477883003095
          ],
          [
            117.45357637626256,
            40.414798063970984
          ],
          [
            117.45362964218215,
            40.414817297886266
          ],
          [
            117.45368290813187,
            40.41483653177679
          ],
          [
            117.45373617411177,
            40.41485576564254
          ],
          [
            117.45378944012181,
            40.414874999483494
          ],
          [
            117.45384270610151,
            40.41489422429445
          ],
          [
            117.45389596039017,
            40.41491345813213
          ],
          [
            117.45394922649068,
            40.41493269189881
          ],
          [
            117.45400249262136,
            40.41495192564072
          ],
          [
            117.45405575878216,
            40.41497115935786
          ],
          [
            117.45410902497314,
            40.414990393050225
          ],
          [
            117.45416229119428,
            40.41500962671784
          ],
          [
            117.45421555744556,
            40.41502886036067
          ],
          [
            117.45426882372702,
            40.41504809397873
          ],
          [
            117.45432208997806,
            40.415067318566756
          ],
          [
            117.45437535631983,
            40.41508655213528
          ],
          [
            117.45442861091,
            40.41510578572535
          ],
          [
            117.45448187731208,
            40.41512501924432
          ],
          [
            117.4545351437443,
            40.41514425273856
          ],
          [
            117.4545884102067,
            40.415163486208016
          ],
          [
            117.45464167669921,
            40.415182719652705
          ],
          [
            117.45469494322192,
            40.415201953072625
          ],
          [
            117.45474820977478,
            40.41522118646776
          ],
          [
            117.45480147635779,
            40.41524041983814
          ],
          [
            117.4548547429103,
            40.415259644178484
          ],
          [
            117.45490800955363,
            40.415278877499325
          ],
          [
            117.45496126444536,
            40.415298110841746
          ],
          [
            117.45501453114898,
            40.41531734411306
          ],
          [
            117.45506779788276,
            40.41533657735959
          ],
          [
            117.4551210646467,
            40.41535581058135
          ],
          [
            117.45517433144079,
            40.415375043778354
          ],
          [
            117.45522759826504,
            40.41539427695058
          ],
          [
            117.45528086511946,
            40.415413510098034
          ],
          [
            117.45533413194332,
            40.41543273421545
          ],
          [
            117.45538739885805,
            40.41545196731336
          ],
          [
            117.45544066580293,
            40.41547120038651
          ],
          [
            117.45549392099616,
            40.4154904334813
          ],
          [
            117.45554718800133,
            40.41550966650491
          ],
          [
            117.45560045503667,
            40.415528899503755
          ],
          [
            117.45565372210218,
            40.41554813247782
          ],
          [
            117.45570698919781,
            40.41556736542712
          ],
          [
            117.45576025632363,
            40.415586598351645
          ],
          [
            117.45581352341883,
            40.41560582224612
          ],
          [
            117.45586679060494,
            40.41562505512112
          ],
          [
            117.4559200578212,
            40.41564428797134
          ],
          [
            117.45597332506765,
            40.41566352079679
          ],
          [
            117.45602658056241,
            40.41568275364393
          ],
          [
            117.45607984786915,
            40.41570198641984
          ],
          [
            117.45613311520604,
            40.41572121917098
          ],
          [
            117.4561863825731,
            40.41574045189735
          ],
          [
            117.4562396499703,
            40.41575968459895
          ],
          [
            117.45629291733682,
            40.41577890827051
          ],
          [
            117.45634618479433,
            40.41579814092258
          ],
          [
            117.45639945228201,
            40.41581737354986
          ],
          [
            117.45645271979981,
            40.415836606152375
          ],
          [
            117.4565059873478,
            40.415855838730124
          ],
          [
            117.4565592431441,
            40.41587507132962
          ],
          [
            117.45661251075238,
            40.415894303857826
          ],
          [
            117.45666577839083,
            40.415913536361266
          ],
          [
            117.45671904605942,
            40.415932768839916
          ],
          [
            117.4567723137582,
            40.41595200129382
          ],
          [
            117.4568255814262,
            40.41597122471768
          ],
          [
            117.45687884918524,
            40.41599045712204
          ],
          [
            117.45693211697447,
            40.41600968950159
          ],
          [
            117.45698538479384,
            40.4160289218564
          ],
          [
            117.4570386408615,
            40.416048154233025
          ],
          [
            117.45709190874118,
            40.41606738653829
          ],
          [
            117.45714517665101,
            40.416086618818795
          ],
          [
            117.45719844459103,
            40.41610585107451
          ],
          [
            117.45725059047643,
            40.416124673489904
          ],
          [
            117.45730077737933,
            40.41614824953006
          ],
          [
            117.45735097603809,
            40.41617181649628
          ],
          [
            117.4574011630108,
            40.41619539249228
          ],
          [
            117.45745136173933,
            40.41621895941432
          ],
          [
            117.45750154878188,
            40.41624253536618
          ],
          [
            117.45755174764125,
            40.41626611124932
          ],
          [
            117.45760193469258,
            40.41628967815176
          ],
          [
            117.45765213362176,
            40.41631325399075
          ],
          [
            117.4577023207429,
            40.416336820849054
          ],
          [
            117.4577525197419,
            40.416360396643874
          ],
          [
            117.45780270699387,
            40.41638397246326
          ],
          [
            117.45785290600169,
            40.41640753920868
          ],
          [
            117.45790309332348,
            40.41643111498392
          ],
          [
            117.45795329240109,
            40.41645468168516
          ],
          [
            117.45800347979267,
            40.41647825741626
          ],
          [
            117.45805367900115,
            40.4165018330786
          ],
          [
            117.45810386640149,
            40.416525399760275
          ],
          [
            117.45815405389783,
            40.41654897542515
          ],
          [
            117.45820425314993,
            40.41657254201599
          ],
          [
            117.45825444071609,
            40.41659611763672
          ],
          [
            117.4583046400991,
            40.41661969318866
          ],
          [
            117.45835482767397,
            40.41664325975994
          ],
          [
            117.45840502712683,
            40.416666835267726
          ],
          [
            117.45845521477148,
            40.41669040179486
          ],
          [
            117.45850541429415,
            40.41671397725849
          ],
          [
            117.4585556020086,
            40.41673754374148
          ],
          [
            117.4586058016011,
            40.41676111916093
          ],
          [
            117.45865598944648,
            40.41678469460503
          ],
          [
            117.45870618904766,
            40.41680826097505
          ],
          [
            117.45875637696287,
            40.416831836375
          ],
          [
            117.45880657663386,
            40.41685540270087
          ],
          [
            117.45885676461889,
            40.41687897805666
          ],
          [
            117.45890696442083,
            40.41690255334361
          ],
          [
            117.45895715241451,
            40.416926119649986
          ],
          [
            117.45900735228629,
            40.4169496948928
          ],
          [
            117.45905754034976,
            40.41697326115503
          ],
          [
            117.45910772850931,
            40.41699683640042
          ],
          [
            117.45915792848584,
            40.41702041157697
          ],
          [
            117.45920811665401,
            40.417043977772956
          ],
          [
            117.45925831670036,
            40.41706755290534
          ],
          [
            117.4593085049383,
            40.4170911190572
          ],
          [
            117.45935870505447,
            40.41711469414541
          ],
          [
            117.4594088934235,
            40.41713826925836
          ],
          [
            117.45945909354822,
            40.41716183529716
          ],
          [
            117.45950928198705,
            40.41718541036594
          ],
          [
            117.45955948218162,
            40.41720897636057
          ],
          [
            117.45960967069026,
            40.41723255138521
          ],
          [
            117.45965987101589,
            40.41725612634092
          ],
          [
            117.45971005953305,
            40.41727969231614
          ],
          [
            117.45976025992853,
            40.41730326722771
          ],
          [
            117.4598104485155,
            40.41732683315877
          ],
          [
            117.45986064898078,
            40.41735040802616
          ],
          [
            117.45991083769887,
            40.417373982918335
          ],
          [
            117.45996103817265,
            40.4173975487363
          ],
          [
            117.45997668816888,
            40.417404898002914
          ],
          [
            117.46002139022163,
            40.41743423117856
          ],
          [
            117.4600660922518,
            40.41746355533129
          ],
          [
            117.46011079438208,
            40.41749288847164
          ],
          [
            117.46015548470766,
            40.41752221263598
          ],
          [
            117.46020018685415,
            40.41755153673576
          ],
          [
            117.46024488910079,
            40.41758086982318
          ],
          [
            117.46028959132482,
            40.417610193887704
          ],
          [
            117.46033429364903,
            40.41763952693981
          ],
          [
            117.46037899595063,
            40.41766885096905
          ],
          [
            117.4604236983524,
            40.41769818398588
          ],
          [
            117.46046840073156,
            40.417727507979784
          ],
          [
            117.4605131031495,
            40.41775683195607
          ],
          [
            117.46055780566759,
            40.41778616491996
          ],
          [
            117.46060249638089,
            40.41781548890788
          ],
          [
            117.46064719897656,
            40.41784482183647
          ],
          [
            117.46069190154961,
            40.41787414574217
          ],
          [
            117.46073660422283,
            40.417903478635466
          ],
          [
            117.46078130687343,
            40.41793280250588
          ],
          [
            117.4608260095628,
            40.417962126358645
          ],
          [
            117.46087071235237,
            40.417991459198994
          ],
          [
            117.46091541511927,
            40.418020783016466
          ],
          [
            117.46096011798645,
            40.41805011582153
          ],
          [
            117.46100482083091,
            40.418079439603694
          ],
          [
            117.46104952377563,
            40.41810877237347
          ],
          [
            117.46109421491539,
            40.41813809616733
          ],
          [
            117.4611389178762,
            40.41816741989656
          ],
          [
            117.46118362093726,
            40.418196752613404
          ],
          [
            117.46122832397562,
            40.41822607630733
          ],
          [
            117.46127302711425,
            40.41825540898888
          ],
          [
            117.46131773023015,
            40.418284732647514
          ],
          [
            117.46136243344634,
            40.41831406529375
          ],
          [
            117.46140713663979,
            40.41834338891711
          ],
          [
            117.4614510114205,
            40.41837217549936
          ],
          [
            117.46148908012607,
            40.41840653262698
          ],
          [
            117.46152714887042,
            40.418440889741696
          ],
          [
            117.4615652294974,
            40.41847525580165
          ],
          [
            117.46160329831933,
            40.418509612890446
          ],
          [
            117.4616413790239,
            40.41854397892449
          ],
          [
            117.46167944792339,
            40.41857833598737
          ],
          [
            117.46171751686165,
            40.41861269303729
          ],
          [
            117.4617555976826,
            40.41864705903245
          ],
          [
            117.46179366669844,
            40.41868141605646
          ],
          [
            117.46183173575307,
            40.41871577306752
          ],
          [
            117.4618698166904,
            40.418750139023814
          ],
          [
            117.46190788582257,
            40.418784496008975
          ],
          [
            117.46194596683748,
            40.418818861939336
          ],
          [
            117.46198403604724,
            40.418853218898555
          ],
          [
            117.46202210529577,
            40.418887575844856
          ],
          [
            117.46206018642707,
            40.41892194173636
          ],
          [
            117.46209825575318,
            40.41895629865673
          ],
          [
            117.46213633690046,
            40.41899065551706
          ],
          [
            117.46217440636575,
            40.41902502141678
          ],
          [
            117.4622124758082,
            40.419059378298286
          ],
          [
            117.46225055707183,
            40.419093735119716
          ],
          [
            117.46228862665347,
            40.41912810098057
          ],
          [
            117.46232669621229,
            40.419162457823205
          ],
          [
            117.46236477765395,
            40.41919682361104
          ],
          [
            117.4624028472903,
            40.41923118042777
          ],
          [
            117.46244092874792,
            40.41926553718442
          ],
          [
            117.46247899852351,
            40.419299902980484
          ],
          [
            117.46251706827623,
            40.41933425975836
          ],
          [
            117.4625551498502,
            40.419368616476135
          ],
          [
            117.46259321974215,
            40.41940298223333
          ],
          [
            117.46263128961122,
            40.41943733897232
          ],
          [
            117.46266937136326,
            40.4194717046565
          ],
          [
            117.46270744130989,
            40.41950606136957
          ],
          [
            117.46274552307783,
            40.41954041802254
          ],
          [
            117.46278359316373,
            40.41957478371497
          ],
          [
            117.46282166322672,
            40.41960914038918
          ],
          [
            117.46285974511102,
            40.41964349700328
          ],
          [
            117.46289781531331,
            40.41967786265684
          ],
          [
            117.46293588549266,
            40.41971221929218
          ],
          [
            117.46297396749331,
            40.41974657586741
          ],
          [
            117.46301203781196,
            40.41978094148209
          ],
          [
            117.46305011989021,
            40.419815298031395
          ],
          [
            117.46308819028644,
            40.41984966362017
          ],
          [
            117.46312626065973,
            40.419884020190736
          ],
          [
            117.46316434285434,
            40.41991837670114
          ],
          [
            117.46320241336696,
            40.419952742251056
          ],
          [
            117.4632404838566,
            40.41998709878276
          ],
          [
            117.46327856616757,
            40.4200214552543
          ],
          [
            117.46331663679656,
            40.42005582076532
          ],
          [
            117.46335471918512,
            40.420090177210945
          ],
          [
            117.4633927898917,
            40.42012454269606
          ],
          [
            117.46343086057527,
            40.42015889916298
          ],
          [
            117.4634689430802,
            40.42019325556971
          ],
          [
            117.46350701390314,
            40.42022762101596
          ],
          [
            117.46354509648569,
            40.42026197739676
          ],
          [
            117.46358316732439,
            40.420296333811855
          ],
          [
            117.46362123826371,
            40.42033069921923
          ],
          [
            117.4636593209626,
            40.420365055561156
          ],
          [
            117.46369739191768,
            40.42039941193738
          ],
          [
            117.46373546297337,
            40.4204337773059
          ],
          [
            117.46377354578865,
            40.420468133608935
          ],
          [
            117.46381161692192,
            40.42050249895154
          ],
          [
            117.4638496998148,
            40.42053685522865
          ],
          [
            117.46388777096381,
            40.42057121154009
          ],
          [
            117.46392584221344,
            40.42060557684381
          ],
          [
            117.46396392522269,
            40.42063993308206
          ],
          [
            117.46400199648805,
            40.42067428935461
          ],
          [
            117.46404006785407,
            40.42070865461947
          ],
          [
            117.46407815097973,
            40.42074301081881
          ],
          [
            117.46411622242333,
            40.420777376057764
          ],
          [
            117.46415144823145,
            40.42080915912546
          ],
          [
            117.4641763082065,
            40.420849980288175
          ],
          [
            117.46420117999453,
            40.42089080139779
          ],
          [
            117.46422604003007,
            40.420931622548906
          ],
          [
            117.46425090003396,
            40.42097243468897
          ],
          [
            117.46427577191271,
            40.421013255781176
          ],
          [
            117.46430063203896,
            40.421054076914885
          ],
          [
            117.46432549219547,
            40.42109489804279
          ],
          [
            117.46435036416499,
            40.421135719117586
          ],
          [
            117.46437522438197,
            40.42117654023389
          ],
          [
            117.46440008462918,
            40.42121736134439
          ],
          [
            117.46442495668943,
            40.42125818240175
          ],
          [
            117.46444981699713,
            40.42129900350066
          ],
          [
            117.46447467733508,
            40.421339824593744
          ],
          [
            117.46449954948609,
            40.42138064563375
          ],
          [
            117.46452440988452,
            40.42142146671521
          ],
          [
            117.46454927031317,
            40.421462287790895
          ],
          [
            117.46457414249296,
            40.42150309980823
          ],
          [
            117.46459900298213,
            40.421543920872296
          ],
          [
            117.46462386350152,
            40.42158474193059
          ],
          [
            117.46464872405114,
            40.421625562983074
          ],
          [
            117.46467359641385,
            40.42166638398241
          ],
          [
            117.46469845702397,
            40.421707205023296
          ],
          [
            117.46472331766434,
            40.42174802605836
          ],
          [
            117.4647481901178,
            40.42178884704028
          ],
          [
            117.46477305081866,
            40.42182966806376
          ],
          [
            117.46479791154972,
            40.421870489081435
          ],
          [
            117.46482278409395,
            40.421911310045935
          ],
          [
            117.46484764488552,
            40.42195213105201
          ],
          [
            117.46487250570733,
            40.421992952052285
          ],
          [
            117.46489737828031,
            40.42203376399412
          ],
          [
            117.46492223916259,
            40.42207458498278
          ],
          [
            117.46494710007512,
            40.422115405965656
          ],
          [
            117.46497197280085,
            40.42215622689533
          ],
          [
            117.46499683377387,
            40.422197047866575
          ],
          [
            117.46502169477714,
            40.42223786883204
          ],
          [
            117.46504656759359,
            40.42227868974429
          ],
          [
            117.46507142865734,
            40.422319510698145
          ],
          [
            117.46509628975134,
            40.42236033164618
          ],
          [
            117.46512116265855,
            40.42240115254104
          ],
          [
            117.46514602381303,
            40.42244197347748
          ],
          [
            117.46517088499778,
            40.42248279440813
          ],
          [
            117.46519575799573,
            40.42252361528555
          ],
          [
            117.46522061924094,
            40.422564436204574
          ],
          [
            117.46524548045436,
            40.42260524811257
          ],
          [
            117.46527035354308,
            40.4226460689726
          ],
          [
            117.465295214879,
            40.42268688987423
          ],
          [
            117.46532007624519,
            40.42272771077004
          ],
          [
            117.46534494942466,
            40.42276853161265
          ],
          [
            117.46536981085133,
            40.42280935249687
          ],
          [
            117.46539467230825,
            40.422850173375295
          ],
          [
            117.46541954557846,
            40.42289099420047
          ],
          [
            117.46544440709589,
            40.42293181506729
          ],
          [
            117.4654692686435,
            40.42297263592828
          ],
          [
            117.4654941420045,
            40.42301345673605
          ],
          [
            117.46551900361264,
            40.42305427758546
          ],
          [
            117.46554386525102,
            40.42309509842907
          ],
          [
            117.46556872685755,
            40.423135910261635
          ],
          [
            117.46559360033955,
            40.42317673104618
          ],
          [
            117.46561846206863,
            40.42321755187237
          ],
          [
            117.46564332382799,
            40.423258372692764
          ],
          [
            117.46566819740073,
            40.42329919345989
          ],
          [
            117.4656930592206,
            40.423340014268696
          ],
          [
            117.46571792107068,
            40.42338083507167
          ],
          [
            117.46574279473415,
            40.42342165582138
          ],
          [
            117.46576765664476,
            40.42346247661276
          ],
          [
            117.46579251858557,
            40.42350329739833
          ],
          [
            117.46581739233984,
            40.42354411813063
          ],
          [
            117.46584225434117,
            40.4235849389046
          ],
          [
            117.46586711637272,
            40.42362575967277
          ],
          [
            117.46589199015561,
            40.42366657138241
          ],
          [
            117.46591685224764,
            40.423707392138965
          ],
          [
            117.46594171436996,
            40.42374821288971
          ],
          [
            117.46595971133927,
            40.42377775040847
          ],
          [
            117.46597442347912,
            40.42382134972711
          ]
        ]
      }
    },
    {
      "type": "Feature",
      "properties": {
        "Id": "CP-MAIN-008",
        "road_name": "??????",
        "roadRole": "mainline",
        "source": "RoadCenterLine.geojson",
        "sourceLayer": "RoadCenterLine",
        "sourceRecordNumber": 30,
        "segmentLengthMeters": 2200.6,
        "speedUnit": "km/h",
        "speeds": {
          "2026-02-13T00:00:00": 101.4,
          "2026-02-13T00:15:00": 103.3,
          "2026-02-13T00:30:00": 101.1,
          "2026-02-13T00:45:00": 104,
          "2026-02-13T01:00:00": 101.5,
          "2026-02-13T01:15:00": 103.4,
          "2026-02-13T01:30:00": 102.6,
          "2026-02-13T01:45:00": 102.8,
          "2026-02-13T02:00:00": 100.9,
          "2026-02-13T02:15:00": 100.1,
          "2026-02-13T02:30:00": 103.5,
          "2026-02-13T02:45:00": 100.6,
          "2026-02-13T03:00:00": 103.1,
          "2026-02-13T03:15:00": 102.1,
          "2026-02-13T03:30:00": 100,
          "2026-02-13T03:45:00": 101.4,
          "2026-02-13T04:00:00": 102.3,
          "2026-02-13T04:15:00": 101.4,
          "2026-02-13T04:30:00": 99.7,
          "2026-02-13T04:45:00": 100,
          "2026-02-13T05:00:00": 100.1,
          "2026-02-13T05:15:00": 100.9,
          "2026-02-13T05:30:00": 100.1,
          "2026-02-13T05:45:00": 101.6,
          "2026-02-13T06:00:00": 98.8,
          "2026-02-13T06:15:00": 100.8,
          "2026-02-13T06:30:00": 97.8,
          "2026-02-13T06:45:00": 99.1,
          "2026-02-13T07:00:00": 99,
          "2026-02-13T07:15:00": 96.8,
          "2026-02-13T07:30:00": 93,
          "2026-02-13T07:45:00": 95.4,
          "2026-02-13T08:00:00": 88.9,
          "2026-02-13T08:15:00": 84.4,
          "2026-02-13T08:30:00": 85.3,
          "2026-02-13T08:45:00": 84.8,
          "2026-02-13T09:00:00": 86.6,
          "2026-02-13T09:15:00": 93.6,
          "2026-02-13T09:30:00": 94.6,
          "2026-02-13T09:45:00": 97.4,
          "2026-02-13T10:00:00": 98.5,
          "2026-02-13T10:15:00": 98.1,
          "2026-02-13T10:30:00": 97.1,
          "2026-02-13T10:45:00": 99.2,
          "2026-02-13T11:00:00": 98.4,
          "2026-02-13T11:15:00": 97.6,
          "2026-02-13T11:30:00": 100.1,
          "2026-02-13T11:45:00": 98.2,
          "2026-02-13T12:00:00": 98.2,
          "2026-02-13T12:15:00": 98.9,
          "2026-02-13T12:30:00": 97.3,
          "2026-02-13T12:45:00": 100.4,
          "2026-02-13T13:00:00": 100,
          "2026-02-13T13:15:00": 100.5,
          "2026-02-13T13:30:00": 98.2,
          "2026-02-13T13:45:00": 97.9,
          "2026-02-13T14:00:00": 98.1,
          "2026-02-13T14:15:00": 101.3,
          "2026-02-13T14:30:00": 99.6,
          "2026-02-13T14:45:00": 98.9,
          "2026-02-13T15:00:00": 101.6,
          "2026-02-13T15:15:00": 98.5,
          "2026-02-13T15:30:00": 101.6,
          "2026-02-13T15:45:00": 102,
          "2026-02-13T16:00:00": 100.7,
          "2026-02-13T16:15:00": 100.2,
          "2026-02-13T16:30:00": 101,
          "2026-02-13T16:45:00": 94.6,
          "2026-02-13T17:00:00": 96.9,
          "2026-02-13T17:15:00": 87.2,
          "2026-02-13T17:30:00": 87.8,
          "2026-02-13T17:45:00": 86.6,
          "2026-02-13T18:00:00": 72.9,
          "2026-02-13T18:15:00": 73.6,
          "2026-02-13T18:30:00": 58.7,
          "2026-02-13T18:45:00": 47.5,
          "2026-02-13T19:00:00": 47.2,
          "2026-02-13T19:15:00": 65,
          "2026-02-13T19:30:00": 78.6,
          "2026-02-13T19:45:00": 76.3,
          "2026-02-13T20:00:00": 79.9,
          "2026-02-13T20:15:00": 84.5,
          "2026-02-13T20:30:00": 96.8,
          "2026-02-13T20:45:00": 93.5,
          "2026-02-13T21:00:00": 96.5,
          "2026-02-13T21:15:00": 101.3,
          "2026-02-13T21:30:00": 100.5,
          "2026-02-13T21:45:00": 99.7,
          "2026-02-13T22:00:00": 102.8,
          "2026-02-13T22:15:00": 103.9,
          "2026-02-13T22:30:00": 101,
          "2026-02-13T22:45:00": 103.5,
          "2026-02-13T23:00:00": 103.3,
          "2026-02-13T23:15:00": 101.4,
          "2026-02-13T23:30:00": 101.8,
          "2026-02-13T23:45:00": 103.2
        },
        "traffic_level": {
          "2026-02-13T00:00:00": 1,
          "2026-02-13T00:15:00": 1,
          "2026-02-13T00:30:00": 1,
          "2026-02-13T00:45:00": 1,
          "2026-02-13T01:00:00": 1,
          "2026-02-13T01:15:00": 1,
          "2026-02-13T01:30:00": 1,
          "2026-02-13T01:45:00": 1,
          "2026-02-13T02:00:00": 1,
          "2026-02-13T02:15:00": 1,
          "2026-02-13T02:30:00": 1,
          "2026-02-13T02:45:00": 1,
          "2026-02-13T03:00:00": 1,
          "2026-02-13T03:15:00": 1,
          "2026-02-13T03:30:00": 1,
          "2026-02-13T03:45:00": 1,
          "2026-02-13T04:00:00": 1,
          "2026-02-13T04:15:00": 1,
          "2026-02-13T04:30:00": 1,
          "2026-02-13T04:45:00": 1,
          "2026-02-13T05:00:00": 1,
          "2026-02-13T05:15:00": 1,
          "2026-02-13T05:30:00": 1,
          "2026-02-13T05:45:00": 1,
          "2026-02-13T06:00:00": 1,
          "2026-02-13T06:15:00": 1,
          "2026-02-13T06:30:00": 1,
          "2026-02-13T06:45:00": 1,
          "2026-02-13T07:00:00": 1,
          "2026-02-13T07:15:00": 1,
          "2026-02-13T07:30:00": 1,
          "2026-02-13T07:45:00": 1,
          "2026-02-13T08:00:00": 2,
          "2026-02-13T08:15:00": 2,
          "2026-02-13T08:30:00": 2,
          "2026-02-13T08:45:00": 2,
          "2026-02-13T09:00:00": 2,
          "2026-02-13T09:15:00": 1,
          "2026-02-13T09:30:00": 1,
          "2026-02-13T09:45:00": 1,
          "2026-02-13T10:00:00": 1,
          "2026-02-13T10:15:00": 1,
          "2026-02-13T10:30:00": 1,
          "2026-02-13T10:45:00": 1,
          "2026-02-13T11:00:00": 1,
          "2026-02-13T11:15:00": 1,
          "2026-02-13T11:30:00": 1,
          "2026-02-13T11:45:00": 1,
          "2026-02-13T12:00:00": 1,
          "2026-02-13T12:15:00": 1,
          "2026-02-13T12:30:00": 1,
          "2026-02-13T12:45:00": 1,
          "2026-02-13T13:00:00": 1,
          "2026-02-13T13:15:00": 1,
          "2026-02-13T13:30:00": 1,
          "2026-02-13T13:45:00": 1,
          "2026-02-13T14:00:00": 1,
          "2026-02-13T14:15:00": 1,
          "2026-02-13T14:30:00": 1,
          "2026-02-13T14:45:00": 1,
          "2026-02-13T15:00:00": 1,
          "2026-02-13T15:15:00": 1,
          "2026-02-13T15:30:00": 1,
          "2026-02-13T15:45:00": 1,
          "2026-02-13T16:00:00": 1,
          "2026-02-13T16:15:00": 1,
          "2026-02-13T16:30:00": 1,
          "2026-02-13T16:45:00": 1,
          "2026-02-13T17:00:00": 1,
          "2026-02-13T17:15:00": 2,
          "2026-02-13T17:30:00": 2,
          "2026-02-13T17:45:00": 2,
          "2026-02-13T18:00:00": 2,
          "2026-02-13T18:15:00": 2,
          "2026-02-13T18:30:00": 3,
          "2026-02-13T18:45:00": 4,
          "2026-02-13T19:00:00": 4,
          "2026-02-13T19:15:00": 3,
          "2026-02-13T19:30:00": 2,
          "2026-02-13T19:45:00": 2,
          "2026-02-13T20:00:00": 2,
          "2026-02-13T20:15:00": 2,
          "2026-02-13T20:30:00": 1,
          "2026-02-13T20:45:00": 1,
          "2026-02-13T21:00:00": 1,
          "2026-02-13T21:15:00": 1,
          "2026-02-13T21:30:00": 1,
          "2026-02-13T21:45:00": 1,
          "2026-02-13T22:00:00": 1,
          "2026-02-13T22:15:00": 1,
          "2026-02-13T22:30:00": 1,
          "2026-02-13T22:45:00": 1,
          "2026-02-13T23:00:00": 1,
          "2026-02-13T23:15:00": 1,
          "2026-02-13T23:30:00": 1,
          "2026-02-13T23:45:00": 1
        }
      },
      "geometry": {
        "type": "LineString",
        "coordinates": [
          [
            117.46597442347912,
            40.42382134972711
          ],
          [
            117.46598914742147,
            40.42386494899597
          ],
          [
            117.46600385959985,
            40.42390854831002
          ],
          [
            117.46601858358072,
            40.42395214757425
          ],
          [
            117.46603329579757,
            40.42399574688366
          ],
          [
            117.46604801981697,
            40.424039346143296
          ],
          [
            117.46606273207234,
            40.4240829454481
          ],
          [
            117.46607745613028,
            40.424126544703086
          ],
          [
            117.46609216842415,
            40.42417014400328
          ],
          [
            117.46610689252059,
            40.42421374325366
          ],
          [
            117.46612160485299,
            40.42425734254923
          ],
          [
            117.46613632898793,
            40.424300941794996
          ],
          [
            117.46615104135883,
            40.42434454108597
          ],
          [
            117.46616576553231,
            40.4243881403271
          ],
          [
            117.4661804779417,
            40.42443173961346
          ],
          [
            117.4661952021537,
            40.424475338849994
          ],
          [
            117.46620991460162,
            40.424518938131705
          ],
          [
            117.46622463885214,
            40.424562537363606
          ],
          [
            117.46623935133859,
            40.42460613664073
          ],
          [
            117.46625407562763,
            40.424649735868016
          ],
          [
            117.46626878815256,
            40.42469333514051
          ],
          [
            117.46628351248013,
            40.42473693436319
          ],
          [
            117.46629822504357,
            40.42478053363107
          ],
          [
            117.46631294940966,
            40.42482413284913
          ],
          [
            117.46632766201162,
            40.42486773211239
          ],
          [
            117.46634238641623,
            40.42491133132581
          ],
          [
            117.4663570990567,
            40.424954930584455
          ],
          [
            117.46637182349983,
            40.424998529793285
          ],
          [
            117.4663865361788,
            40.42504212904733
          ],
          [
            117.46640126066046,
            40.42508572825151
          ],
          [
            117.46641597337793,
            40.42512932750093
          ],
          [
            117.46643069789815,
            40.42517292670051
          ],
          [
            117.46644541065412,
            40.42521652594532
          ],
          [
            117.46646013521286,
            40.42526012514026
          ],
          [
            117.46647484800735,
            40.42530372438046
          ],
          [
            117.46648957260457,
            40.4253473235708
          ],
          [
            117.4665042854376,
            40.42539092280635
          ],
          [
            117.46651901007337,
            40.42543452199208
          ],
          [
            117.46653372294489,
            40.42547812122306
          ],
          [
            117.46654844761919,
            40.425521720404134
          ],
          [
            117.4665631605292,
            40.425565319630486
          ],
          [
            117.46657788524203,
            40.42560891880697
          ],
          [
            117.46659259819056,
            40.4256525180287
          ],
          [
            117.46660732294191,
            40.425696117200566
          ],
          [
            117.46662203592896,
            40.42573971641767
          ],
          [
            117.46663676071884,
            40.4257833155849
          ],
          [
            117.46665147374442,
            40.425826914797405
          ],
          [
            117.46666619857281,
            40.42587051396003
          ],
          [
            117.46668091163689,
            40.425914113167885
          ],
          [
            117.4666956365038,
            40.425957712325896
          ],
          [
            117.4667103496064,
            40.42600131152916
          ],
          [
            117.46672507451184,
            40.42604491068255
          ],
          [
            117.46673978765294,
            40.42608850988121
          ],
          [
            117.46675451259694,
            40.42613210902996
          ],
          [
            117.46676922577656,
            40.42617570822398
          ],
          [
            117.46678395075907,
            40.426219307368136
          ],
          [
            117.46679866397719,
            40.426262906557554
          ],
          [
            117.46681338899822,
            40.42630650569707
          ],
          [
            117.46682810225485,
            40.42635010488187
          ],
          [
            117.46684282731444,
            40.426393704016775
          ],
          [
            117.46685754060958,
            40.426437303196955
          ],
          [
            117.46687226570768,
            40.42648090232724
          ],
          [
            117.46688697904135,
            40.42652450150281
          ],
          [
            117.46690170417797,
            40.426568100628494
          ],
          [
            117.46691641755015,
            40.42661169979943
          ],
          [
            117.4669311427253,
            40.42665529892049
          ],
          [
            117.466945856136,
            40.42669889808681
          ],
          [
            117.46696058134968,
            40.42674249720325
          ],
          [
            117.46697529479889,
            40.426786096364935
          ],
          [
            117.46699002005109,
            40.426829695476755
          ],
          [
            117.46700473353881,
            40.426873294633864
          ],
          [
            117.46701945882955,
            40.42691689374106
          ],
          [
            117.46703417235581,
            40.42696049289355
          ],
          [
            117.46704889768507,
            40.42700409199611
          ],
          [
            117.46706361124983,
            40.42704769114396
          ],
          [
            117.46707833661762,
            40.42709129024193
          ],
          [
            117.46709305022088,
            40.42713488938517
          ],
          [
            117.46710777562723,
            40.4271784884785
          ],
          [
            117.46712248926902,
            40.427222087617146
          ],
          [
            117.46713721471387,
            40.42726568670586
          ],
          [
            117.46715192839417,
            40.427309285839875
          ],
          [
            117.46716665387756,
            40.427352884923955
          ],
          [
            117.46718136759637,
            40.42739648405337
          ],
          [
            117.4671960931183,
            40.427440083132836
          ],
          [
            117.46721080687564,
            40.42748368225763
          ],
          [
            117.46722552058989,
            40.42752727237485
          ],
          [
            117.46724024616961,
            40.427570871447394
          ],
          [
            117.46725495998471,
            40.42761447056526
          ],
          [
            117.46726968560297,
            40.42765806963319
          ],
          [
            117.46728439945657,
            40.427701668746415
          ],
          [
            117.46729489016955,
            40.42773271327252
          ],
          [
            117.46730907446553,
            40.427776413582755
          ],
          [
            117.46732325884244,
            40.42782012289602
          ],
          [
            117.46733744317564,
            40.42786382320191
          ],
          [
            117.46735163931142,
            40.42790752345797
          ],
          [
            117.46736582368185,
            40.42795122375951
          ],
          [
            117.46738000807092,
            40.427994924058865
          ],
          [
            117.46739419254094,
            40.42803863336127
          ],
          [
            117.46740837696723,
            40.42808233365629
          ],
          [
            117.4674225731961,
            40.42812603390148
          ],
          [
            117.46743675765964,
            40.42816973419214
          ],
          [
            117.46745094214178,
            40.42821343448063
          ],
          [
            117.46746512670492,
            40.428257143772164
          ],
          [
            117.4674793230083,
            40.42830084400868
          ],
          [
            117.46749350754631,
            40.42834454429064
          ],
          [
            117.46750769210293,
            40.42838824457044
          ],
          [
            117.46752187667819,
            40.42843194484805
          ],
          [
            117.4675360613344,
            40.428475654128725
          ],
          [
            117.46755025773093,
            40.42851935435434
          ],
          [
            117.46756444236203,
            40.42856305462544
          ],
          [
            117.46757862701176,
            40.428606754894375
          ],
          [
            117.46759281168009,
            40.42865045516111
          ],
          [
            117.46760700821349,
            40.428694164383266
          ],
          [
            117.46762119291907,
            40.42873786464567
          ],
          [
            117.46763537764328,
            40.42878156490588
          ],
          [
            117.4676495623861,
            40.428825265163944
          ],
          [
            117.46766375893164,
            40.42886896537217
          ],
          [
            117.46767794377408,
            40.42891267463111
          ],
          [
            117.46769212857275,
            40.428956374882645
          ],
          [
            117.46770631339004,
            40.429000075132016
          ],
          [
            117.46772049822597,
            40.42904377537919
          ],
          [
            117.46773469486463,
            40.42908747557652
          ],
          [
            117.46774887980017,
            40.4291311848246
          ],
          [
            117.46776306469195,
            40.429174885065265
          ],
          [
            117.46777724960234,
            40.42921858530375
          ],
          [
            117.46779144631552,
            40.429262285492385
          ],
          [
            117.46780563126315,
            40.429305985726536
          ],
          [
            117.46781981629182,
            40.42934969496374
          ],
          [
            117.4678340012767,
            40.429393395193536
          ],
          [
            117.4678481980644,
            40.42943709537345
          ],
          [
            117.4678623830865,
            40.42948079559892
          ],
          [
            117.46787656812724,
            40.429524495822186
          ],
          [
            117.4678907531866,
            40.42956819604329
          ],
          [
            117.467904938327,
            40.42961190526744
          ],
          [
            117.46791913520784,
            40.42965560543651
          ],
          [
            117.46793332032304,
            40.429699305651084
          ],
          [
            117.46794750545688,
            40.4297430058635
          ],
          [
            117.46796169060933,
            40.42978670607373
          ],
          [
            117.46797588762712,
            40.429830415239316
          ],
          [
            117.4679900728168,
            40.42987411544519
          ],
          [
            117.46800425802513,
            40.429917815648906
          ],
          [
            117.46801844325206,
            40.429961515850444
          ],
          [
            117.46803262849762,
            40.43000521604979
          ],
          [
            117.46804682560857,
            40.4300489252045
          ],
          [
            117.46806101089135,
            40.430092625399524
          ],
          [
            117.46807519619279,
            40.43013632559237
          ],
          [
            117.46808938151283,
            40.430180025783045
          ],
          [
            117.46810357863585,
            40.43022372592381
          ],
          [
            117.46811776405558,
            40.43026743511536
          ],
          [
            117.46813194943148,
            40.43031113529949
          ],
          [
            117.46814613482601,
            40.43035483548148
          ],
          [
            117.46816033202354,
            40.43039853561354
          ],
          [
            117.46817451745534,
            40.43044223579117
          ],
          [
            117.46818870296816,
            40.43048594497184
          ],
          [
            117.4682028884372,
            40.430529645145114
          ],
          [
            117.46821707392483,
            40.430573345316226
          ],
          [
            117.46823127121549,
            40.43061704543741
          ],
          [
            117.46824545674038,
            40.43066074560416
          ],
          [
            117.46825964234635,
            40.43070445477396
          ],
          [
            117.46827382790848,
            40.43074815493638
          ],
          [
            117.46828802527368,
            40.430791855048874
          ],
          [
            117.46830221087303,
            40.430835555206926
          ],
          [
            117.46831639649103,
            40.43087925536279
          ],
          [
            117.46833058219013,
            40.430922964521734
          ],
          [
            117.46834476784538,
            40.43096666467328
          ],
          [
            117.46835896530371,
            40.431010364774885
          ],
          [
            117.4683731509962,
            40.431054064922066
          ],
          [
            117.4683873367073,
            40.43109776506708
          ],
          [
            117.46840152249949,
            40.431141474215146
          ],
          [
            117.46841572003235,
            40.43118517430806
          ],
          [
            117.46842990579934,
            40.43122887444654
          ],
          [
            117.46844409158494,
            40.431272574582856
          ],
          [
            117.46845827738916,
            40.431316274717005
          ],
          [
            117.46847247499655,
            40.431359974801225
          ],
          [
            117.4684866609005,
            40.43140368393623
          ],
          [
            117.46850084676059,
            40.43144738406385
          ],
          [
            117.46851503263929,
            40.43149108418929
          ],
          [
            117.46852921853663,
            40.43153478431256
          ],
          [
            117.46854341623717,
            40.4315784843859
          ],
          [
            117.46855760223426,
            40.43162219351003
          ],
          [
            117.46857178818745,
            40.43166589362678
          ],
          [
            117.46858597415927,
            40.431709593741346
          ],
          [
            117.46860017193433,
            40.43175329380598
          ],
          [
            117.4686143579434,
            40.431796993916215
          ],
          [
            117.46862854403362,
            40.43184070302948
          ],
          [
            117.46864273007994,
            40.43188440313535
          ],
          [
            117.46865691614488,
            40.43192810323906
          ],
          [
            117.46867111401309,
            40.431971803292804
          ],
          [
            117.46868530011527,
            40.432015503392144
          ],
          [
            117.4686994862986,
            40.43205921249455
          ],
          [
            117.46871367243806,
            40.43210291258955
          ],
          [
            117.46871803165126,
            40.43211631307543
          ],
          [
            117.46874910328368,
            40.432154568436154
          ],
          [
            117.46878016316678,
            40.432192823835855
          ],
          [
            117.46881123493243,
            40.43223108818421
          ],
          [
            117.46884230667091,
            40.432269343518534
          ],
          [
            117.4688733784447,
            40.43230759884404
          ],
          [
            117.4689044503164,
            40.432345863165985
          ],
          [
            117.4689355221609,
            40.43238411847391
          ],
          [
            117.46896659404078,
            40.43242237377302
          ],
          [
            117.46899766601852,
            40.43246063806854
          ],
          [
            117.46902872618432,
            40.432498893397856
          ],
          [
            117.4690597981702,
            40.432537148670605
          ],
          [
            117.46909087025399,
            40.43257541293972
          ],
          [
            117.46912194231058,
            40.43261366819484
          ],
          [
            117.4691530144025,
            40.43265192344113
          ],
          [
            117.46918408659236,
            40.43269018768386
          ],
          [
            117.46921515875496,
            40.43272844291256
          ],
          [
            117.46924623101553,
            40.432766707137716
          ],
          [
            117.46927729146405,
            40.43280496239663
          ],
          [
            117.4693083637327,
            40.43284321759895
          ],
          [
            117.46933943609932,
            40.432881481797644
          ],
          [
            117.46937050843866,
            40.43291973698235
          ],
          [
            117.46940158081335,
            40.43295799215825
          ],
          [
            117.46943265328599,
            40.432996256330554
          ],
          [
            117.4694637257314,
            40.433034511488856
          ],
          [
            117.46949479821214,
            40.43307276663832
          ],
          [
            117.46952587079086,
            40.43311103078422
          ],
          [
            117.46955693155743,
            40.433149285963964
          ],
          [
            117.46958800414421,
            40.43318754108706
          ],
          [
            117.46961907682899,
            40.43322580520656
          ],
          [
            117.46965014948647,
            40.43326406031203
          ],
          [
            117.46968122217928,
            40.43330231540871
          ],
          [
            117.4697122949701,
            40.43334057950179
          ],
          [
            117.46974336773361,
            40.43337883458086
          ],
          [
            117.46977444053249,
            40.43341708965113
          ],
          [
            117.46980550164447,
            40.433455353765716
          ],
          [
            117.46983657451403,
            40.43349360881837
          ],
          [
            117.4698676474816,
            40.43353187286745
          ],
          [
            117.46989872042187,
            40.43357012790251
          ],
          [
            117.46992979339748,
            40.43360838292876
          ],
          [
            117.46996086647113,
            40.43364664695144
          ],
          [
            117.46999193951741,
            40.43368490196007
          ],
          [
            117.47002301259907,
            40.43372315695992
          ],
          [
            117.47005408577877,
            40.433761420956195
          ],
          [
            117.47008514714618,
            40.433799675986336
          ],
          [
            117.47011622033386,
            40.433837930959776
          ],
          [
            117.47014729361965,
            40.43387619492963
          ],
          [
            117.47017836687802,
            40.43391444988548
          ],
          [
            117.47020944017179,
            40.43395270483251
          ],
          [
            117.47024051356358,
            40.43399096877595
          ],
          [
            117.47027158692804,
            40.43402922370537
          ],
          [
            117.47030266032783,
            40.434067478626
          ],
          [
            117.4703337220407,
            40.43410574259097
          ],
          [
            117.47036479551119,
            40.43414399749399
          ],
          [
            117.47039586901704,
            40.434182252388204
          ],
          [
            117.47042694262096,
            40.43422051627883
          ],
          [
            117.47045801619753,
            40.43425877115545
          ],
          [
            117.47048908987216,
            40.43429703502847
          ],
          [
            117.47052016351944,
            40.43433528988745
          ],
          [
            117.47055123720202,
            40.43437354473765
          ],
          [
            117.47058231098273,
            40.43441180858426
          ],
          [
            117.47061337295095,
            40.43445006346483
          ],
          [
            117.47064444673958,
            40.43448831828862
          ],
          [
            117.47067552062639,
            40.43452658210882
          ],
          [
            117.47070659448573,
            40.43456483691501
          ],
          [
            117.47073766838042,
            40.4346030917124
          ],
          [
            117.47076874237327,
            40.43464135550618
          ],
          [
            117.47079981633867,
            40.43467961028595
          ],
          [
            117.47083089033941,
            40.4347178650569
          ],
          [
            117.4708619526532,
            40.43475612887229
          ],
          [
            117.47089302672464,
            40.43479438362566
          ],
          [
            117.47092410083145,
            40.434832638370224
          ],
          [
            117.47095517503641,
            40.43487090211117
          ],
          [
            117.47098624921392,
            40.43490915683814
          ],
          [
            117.47101732342679,
            40.43494741155629
          ],
          [
            117.47104839773782,
            40.43498567527084
          ],
          [
            117.47107947202137,
            40.43502392997138
          ],
          [
            117.47111053461796,
            40.435062193716355
          ],
          [
            117.47114160897223,
            40.43510044839928
          ],
          [
            117.47117268336184,
            40.435138703073406
          ],
          [
            117.47120375784966,
            40.43517696674396
          ],
          [
            117.47123483230997,
            40.435215221400476
          ],
          [
            117.47126590680564,
            40.43525347604819
          ],
          [
            117.47129698139955,
            40.435291739692296
          ],
          [
            117.47132805596594,
            40.435329994322416
          ],
          [
            117.47135913056765,
            40.43536824894371
          ],
          [
            117.47139019348238,
            40.435406512609475
          ],
          [
            117.47142126815483,
            40.43544476721318
          ],
          [
            117.47145234286259,
            40.43548302180807
          ],
          [
            117.47148341766864,
            40.435521285399375
          ],
          [
            117.47151449244711,
            40.435559539976644
          ],
          [
            117.47154556726096,
            40.43559779454513
          ],
          [
            117.47157664217306,
            40.435636058110035
          ],
          [
            117.47160771705762,
            40.435674312660886
          ],
          [
            117.47163878019224,
            40.435712567251045
          ],
          [
            117.47166105807294,
            40.435739988073266
          ],
          [
            117.47170481670759,
            40.4357701399587
          ],
          [
            117.47174857538131,
            40.43580029182721
          ],
          [
            117.47179234587941,
            40.43583044363068
          ],
          [
            117.47183610463127,
            40.435860595465286
          ],
          [
            117.4718798752075,
            40.43589074723484
          ],
          [
            117.47192363403751,
            40.43592089903559
          ],
          [
            117.47196740469191,
            40.435951050771266
          ],
          [
            117.47201116360003,
            40.435981202538095
          ],
          [
            117.47205492254722,
            40.436011354288
          ],
          [
            117.47209869331883,
            40.436041505972824
          ],
          [
            117.47214245234416,
            40.43607165768884
          ],
          [
            117.47218622319392,
            40.43610180933978
          ],
          [
            117.47222998229739,
            40.4361319610219
          ],
          [
            117.4722737532253,
            40.43616211263893
          ],
          [
            117.4723175124069,
            40.436192264287186
          ],
          [
            117.47236128347599,
            40.43622242487552
          ],
          [
            117.47240504273573,
            40.43625257648987
          ],
          [
            117.47244880203455,
            40.43628272808728
          ],
          [
            117.47249257315781,
            40.43631287961957
          ],
          [
            117.47253633253477,
            40.43634303118308
          ],
          [
            117.4725801037362,
            40.43637318268148
          ],
          [
            117.4726238631913,
            40.436403334211114
          ],
          [
            117.47266763447087,
            40.43643348567561
          ],
          [
            117.4727113940041,
            40.43646363717134
          ],
          [
            117.47275515357639,
            40.43649378865015
          ],
          [
            117.47279892497318,
            40.4365239400638
          ],
          [
            117.47284268462361,
            40.43655409150871
          ],
          [
            117.47288645609858,
            40.436584242888465
          ],
          [
            117.47293021582712,
            40.436614394299475
          ],
          [
            117.47297398738021,
            40.43664454564534
          ],
          [
            117.47301774718694,
            40.43667469702247
          ],
          [
            117.4730615188182,
            40.43670484833442
          ],
          [
            117.47310527870303,
            40.43673499967765
          ],
          [
            117.47314903862696,
            40.436765151003954
          ],
          [
            117.47319281037541,
            40.436795302265054
          ],
          [
            117.47323657037747,
            40.43682545355746
          ],
          [
            117.47328034220409,
            40.43685560478469
          ],
          [
            117.47332410234743,
            40.4368857650484
          ],
          [
            117.47336787425219,
            40.43691591624172
          ],
          [
            117.47341163441055,
            40.436946067466344
          ],
          [
            117.47345539460795,
            40.436976218674026
          ],
          [
            117.47349916662994,
            40.43700636981647
          ],
          [
            117.4735429269055,
            40.437036520990276
          ],
          [
            117.47358669900565,
            40.437066672098844
          ],
          [
            117.47363045935931,
            40.43709682323873
          ],
          [
            117.47367423153763,
            40.4371269743134
          ],
          [
            117.47371799196945,
            40.437157125419404
          ],
          [
            117.4737617642259,
            40.437187276460165
          ],
          [
            117.47380552473588,
            40.437217427532296
          ],
          [
            117.47384928528491,
            40.43724757858746
          ],
          [
            117.47389305765857,
            40.43727772957737
          ],
          [
            117.47393681828574,
            40.43730788059867
          ],
          [
            117.47398059073758,
            40.43733803155467
          ],
          [
            117.47402435144289,
            40.43736818254205
          ],
          [
            117.47406812397286,
            40.43739833346415
          ],
          [
            117.47411188475634,
            40.43742848441766
          ],
          [
            117.47415564557885,
            40.43745863535422
          ],
          [
            117.47419941822605,
            40.437488786225465
          ],
          [
            117.47424317919001,
            40.43751894613333
          ],
          [
            117.47428695191536,
            40.437549096970685
          ],
          [
            117.47433071289417,
            40.43757924783945
          ],
          [
            117.47437448569768,
            40.43760939864292
          ],
          [
            117.47441824675464,
            40.43763954947781
          ],
          [
            117.47446201963632,
            40.43766970024735
          ],
          [
            117.47450578077141,
            40.43769985104833
          ],
          [
            117.47454954194556,
            40.437730001832364
          ],
          [
            117.47459331494447,
            40.43776015255107
          ],
          [
            117.47463707619679,
            40.437790303301206
          ],
          [
            117.47468084927382,
            40.43782045398602
          ],
          [
            117.47472461060428,
            40.437850604702255
          ],
          [
            117.47476838375947,
            40.43788075535315
          ],
          [
            117.47481214516806,
            40.4379109060355
          ],
          [
            117.47485590661574,
            40.43794105670091
          ],
          [
            117.47489967988817,
            40.43797120730097
          ],
          [
            117.47494344141397,
            40.43800135793247
          ],
          [
            117.47498721476455,
            40.43803150849861
          ],
          [
            117.47503097636852,
            40.43806165909623
          ],
          [
            117.47507474979724,
            40.43809180962846
          ],
          [
            117.47511851147932,
            40.43812196019219
          ],
          [
            117.47516228504963,
            40.43815211969574
          ],
          [
            117.47520604680987,
            40.43818227022556
          ],
          [
            117.47524980860919,
            40.43821242073843
          ],
          [
            117.47529358223332,
            40.43824257118593
          ],
          [
            117.47533734411078,
            40.43827272166493
          ],
          [
            117.47538111781304,
            40.4383028720785
          ],
          [
            117.47542487976864,
            40.43833302252359
          ],
          [
            117.47546865354909,
            40.43836317290325
          ],
          [
            117.47551241558284,
            40.43839332331446
          ],
          [
            117.47555617765566,
            40.43842347370871
          ],
          [
            117.4755999515533,
            40.43845362403753
          ],
          [
            117.47564371370427,
            40.438483774397874
          ],
          [
            117.47568748768009,
            40.43851392469279
          ],
          [
            117.47573124990922,
            40.438544075019244
          ],
          [
            117.4757750239632,
            40.438574225280256
          ],
          [
            117.47581878627044,
            40.438604375572815
          ],
          [
            117.47586256040256,
            40.438634525799905
          ],
          [
            117.47590632278798,
            40.43866467605858
          ],
          [
            117.47595008521245,
            40.4386948263003
          ],
          [
            117.47599385946181,
            40.43872497647655
          ],
          [
            117.47603762196441,
            40.43875512668436
          ],
          [
            117.47608139629195,
            40.43878527682672
          ],
          [
            117.47612515893623,
            40.438815436005854
          ],
          [
            117.4761689333419,
            40.438845586114255
          ],
          [
            117.47621269600083,
            40.43887573625428
          ],
          [
            117.47625645869881,
            40.43890588637737
          ],
          [
            117.47630023322172,
            40.43893603643495
          ],
          [
            117.47634399599787,
            40.43896618652413
          ],
          [
            117.47638777059892,
            40.43899633654779
          ],
          [
            117.47643153345322,
            40.43902648660308
          ],
          [
            117.47647530813245,
            40.43905663659285
          ],
          [
            117.47651907106486,
            40.43908678661423
          ],
          [
            117.47656284582224,
            40.43911693657008
          ],
          [
            117.47660660883282,
            40.43914708655757
          ],
          [
            117.47665037188247,
            40.43917723652811
          ],
          [
            117.47669414675708,
            40.439207386433104
          ],
          [
            117.47673790988489,
            40.439237536369745
          ],
          [
            117.47678168483766,
            40.43926768624083
          ],
          [
            117.4768254480436,
            40.43929783614359
          ],
          [
            117.47686922307454,
            40.43932798598077
          ],
          [
            117.47691298635863,
            40.43935813584961
          ],
          [
            117.47695674968179,
            40.439388285701504
          ],
          [
            117.47700052482996,
            40.43941843548782
          ],
          [
            117.47704428829493,
            40.43944859431101
          ],
          [
            117.47708806352125,
            40.43947874406344
          ],
          [
            117.47713182700073,
            40.439508893847524
          ],
          [
            117.4771756023052,
            40.43953904356602
          ],
          [
            117.47721936586284,
            40.43956919331622
          ],
          [
            117.47726314124547,
            40.43959934300082
          ],
          [
            117.47730690488125,
            40.43962949271712
          ],
          [
            117.47735066855608,
            40.43965964241646
          ],
          [
            117.47739444405596,
            40.43968979205019
          ],
          [
            117.47743820780893,
            40.43971994171563
          ],
          [
            117.47748198338698,
            40.43975009131546
          ],
          [
            117.47752574721812,
            40.43978024094701
          ],
          [
            117.47756952287433,
            40.43981039051294
          ],
          [
            117.47761328678361,
            40.43984054011058
          ],
          [
            117.47765706251799,
            40.43987068964258
          ],
          [
            117.47770082650541,
            40.43990083920633
          ],
          [
            117.47774459053191,
            40.439930988753126
          ],
          [
            117.47778836638354,
            40.43996113823426
          ],
          [
            117.47783213048818,
            40.43999128774715
          ],
          [
            117.47787590641795,
            40.44002143719439
          ],
          [
            117.47791967060076,
            40.44005158667338
          ],
          [
            117.47796344667245,
            40.44008174509189
          ],
          [
            117.47800721093343,
            40.44011189453698
          ],
          [
            117.47805097523346,
            40.440142043965146
          ],
          [
            117.47809475135863,
            40.44017219332759
          ],
          [
            117.47813851573683,
            40.440202342721825
          ],
          [
            117.47818229194014,
            40.44023249205039
          ],
          [
            117.47822605639651,
            40.44026264141072
          ],
          [
            117.478269832678,
            40.44029279070535
          ],
          [
            117.47831359721249,
            40.44032294003179
          ],
          [
            117.47835737357214,
            40.440353089292515
          ],
          [
            117.47840113818478,
            40.44038323858504
          ],
          [
            117.4784449028365,
            40.44041338786062
          ],
          [
            117.4784886793134,
            40.44044353707047
          ],
          [
            117.47853244404327,
            40.440473686312174
          ]
        ]
      }
    },
    {
      "type": "Feature",
      "properties": {
        "Id": "CP-MAIN-009",
        "road_name": "??????",
        "roadRole": "mainline",
        "source": "RoadCenterLine.geojson",
        "sourceLayer": "RoadCenterLine",
        "sourceRecordNumber": 30,
        "segmentLengthMeters": 2200.9,
        "speedUnit": "km/h",
        "speeds": {
          "2026-02-13T00:00:00": 99,
          "2026-02-13T00:15:00": 100.3,
          "2026-02-13T00:30:00": 99.1,
          "2026-02-13T00:45:00": 97.8,
          "2026-02-13T01:00:00": 99.3,
          "2026-02-13T01:15:00": 98.4,
          "2026-02-13T01:30:00": 97.3,
          "2026-02-13T01:45:00": 98.4,
          "2026-02-13T02:00:00": 97.7,
          "2026-02-13T02:15:00": 98.5,
          "2026-02-13T02:30:00": 97.6,
          "2026-02-13T02:45:00": 97.2,
          "2026-02-13T03:00:00": 96.2,
          "2026-02-13T03:15:00": 96.6,
          "2026-02-13T03:30:00": 95.9,
          "2026-02-13T03:45:00": 95.9,
          "2026-02-13T04:00:00": 97.2,
          "2026-02-13T04:15:00": 98.5,
          "2026-02-13T04:30:00": 96.8,
          "2026-02-13T04:45:00": 97.6,
          "2026-02-13T05:00:00": 97.9,
          "2026-02-13T05:15:00": 95.6,
          "2026-02-13T05:30:00": 97.3,
          "2026-02-13T05:45:00": 97.6,
          "2026-02-13T06:00:00": 96.4,
          "2026-02-13T06:15:00": 96.8,
          "2026-02-13T06:30:00": 95.8,
          "2026-02-13T06:45:00": 96.6,
          "2026-02-13T07:00:00": 91.9,
          "2026-02-13T07:15:00": 93.8,
          "2026-02-13T07:30:00": 94.9,
          "2026-02-13T07:45:00": 91.9,
          "2026-02-13T08:00:00": 90.2,
          "2026-02-13T08:15:00": 91.5,
          "2026-02-13T08:30:00": 89.7,
          "2026-02-13T08:45:00": 93.1,
          "2026-02-13T09:00:00": 92.6,
          "2026-02-13T09:15:00": 89.2,
          "2026-02-13T09:30:00": 90.8,
          "2026-02-13T09:45:00": 90.7,
          "2026-02-13T10:00:00": 84.8,
          "2026-02-13T10:15:00": 87.7,
          "2026-02-13T10:30:00": 82.7,
          "2026-02-13T10:45:00": 66,
          "2026-02-13T11:00:00": 65.3,
          "2026-02-13T11:15:00": 63.3,
          "2026-02-13T11:30:00": 71.5,
          "2026-02-13T11:45:00": 71.4,
          "2026-02-13T12:00:00": 68.1,
          "2026-02-13T12:15:00": 78.5,
          "2026-02-13T12:30:00": 81.7,
          "2026-02-13T12:45:00": 86.4,
          "2026-02-13T13:00:00": 89.5,
          "2026-02-13T13:15:00": 87.9,
          "2026-02-13T13:30:00": 95.8,
          "2026-02-13T13:45:00": 94,
          "2026-02-13T14:00:00": 97.2,
          "2026-02-13T14:15:00": 97.5,
          "2026-02-13T14:30:00": 98.2,
          "2026-02-13T14:45:00": 97,
          "2026-02-13T15:00:00": 96.7,
          "2026-02-13T15:15:00": 99.4,
          "2026-02-13T15:30:00": 97.1,
          "2026-02-13T15:45:00": 97.4,
          "2026-02-13T16:00:00": 98.1,
          "2026-02-13T16:15:00": 98.8,
          "2026-02-13T16:30:00": 97.3,
          "2026-02-13T16:45:00": 99.2,
          "2026-02-13T17:00:00": 99.1,
          "2026-02-13T17:15:00": 98.9,
          "2026-02-13T17:30:00": 100.5,
          "2026-02-13T17:45:00": 99.3,
          "2026-02-13T18:00:00": 100,
          "2026-02-13T18:15:00": 100.7,
          "2026-02-13T18:30:00": 98.1,
          "2026-02-13T18:45:00": 99.5,
          "2026-02-13T19:00:00": 99.6,
          "2026-02-13T19:15:00": 101.6,
          "2026-02-13T19:30:00": 99.4,
          "2026-02-13T19:45:00": 101,
          "2026-02-13T20:00:00": 100.5,
          "2026-02-13T20:15:00": 101.3,
          "2026-02-13T20:30:00": 100.2,
          "2026-02-13T20:45:00": 98.7,
          "2026-02-13T21:00:00": 100.7,
          "2026-02-13T21:15:00": 100.1,
          "2026-02-13T21:30:00": 99.9,
          "2026-02-13T21:45:00": 98.9,
          "2026-02-13T22:00:00": 98.7,
          "2026-02-13T22:15:00": 101.4,
          "2026-02-13T22:30:00": 99.8,
          "2026-02-13T22:45:00": 98.7,
          "2026-02-13T23:00:00": 100.1,
          "2026-02-13T23:15:00": 98.1,
          "2026-02-13T23:30:00": 97.7,
          "2026-02-13T23:45:00": 99
        },
        "traffic_level": {
          "2026-02-13T00:00:00": 1,
          "2026-02-13T00:15:00": 1,
          "2026-02-13T00:30:00": 1,
          "2026-02-13T00:45:00": 1,
          "2026-02-13T01:00:00": 1,
          "2026-02-13T01:15:00": 1,
          "2026-02-13T01:30:00": 1,
          "2026-02-13T01:45:00": 1,
          "2026-02-13T02:00:00": 1,
          "2026-02-13T02:15:00": 1,
          "2026-02-13T02:30:00": 1,
          "2026-02-13T02:45:00": 1,
          "2026-02-13T03:00:00": 1,
          "2026-02-13T03:15:00": 1,
          "2026-02-13T03:30:00": 1,
          "2026-02-13T03:45:00": 1,
          "2026-02-13T04:00:00": 1,
          "2026-02-13T04:15:00": 1,
          "2026-02-13T04:30:00": 1,
          "2026-02-13T04:45:00": 1,
          "2026-02-13T05:00:00": 1,
          "2026-02-13T05:15:00": 1,
          "2026-02-13T05:30:00": 1,
          "2026-02-13T05:45:00": 1,
          "2026-02-13T06:00:00": 1,
          "2026-02-13T06:15:00": 1,
          "2026-02-13T06:30:00": 1,
          "2026-02-13T06:45:00": 1,
          "2026-02-13T07:00:00": 1,
          "2026-02-13T07:15:00": 1,
          "2026-02-13T07:30:00": 1,
          "2026-02-13T07:45:00": 1,
          "2026-02-13T08:00:00": 1,
          "2026-02-13T08:15:00": 1,
          "2026-02-13T08:30:00": 2,
          "2026-02-13T08:45:00": 1,
          "2026-02-13T09:00:00": 1,
          "2026-02-13T09:15:00": 2,
          "2026-02-13T09:30:00": 1,
          "2026-02-13T09:45:00": 1,
          "2026-02-13T10:00:00": 2,
          "2026-02-13T10:15:00": 2,
          "2026-02-13T10:30:00": 2,
          "2026-02-13T10:45:00": 3,
          "2026-02-13T11:00:00": 3,
          "2026-02-13T11:15:00": 3,
          "2026-02-13T11:30:00": 2,
          "2026-02-13T11:45:00": 2,
          "2026-02-13T12:00:00": 3,
          "2026-02-13T12:15:00": 2,
          "2026-02-13T12:30:00": 2,
          "2026-02-13T12:45:00": 2,
          "2026-02-13T13:00:00": 2,
          "2026-02-13T13:15:00": 2,
          "2026-02-13T13:30:00": 1,
          "2026-02-13T13:45:00": 1,
          "2026-02-13T14:00:00": 1,
          "2026-02-13T14:15:00": 1,
          "2026-02-13T14:30:00": 1,
          "2026-02-13T14:45:00": 1,
          "2026-02-13T15:00:00": 1,
          "2026-02-13T15:15:00": 1,
          "2026-02-13T15:30:00": 1,
          "2026-02-13T15:45:00": 1,
          "2026-02-13T16:00:00": 1,
          "2026-02-13T16:15:00": 1,
          "2026-02-13T16:30:00": 1,
          "2026-02-13T16:45:00": 1,
          "2026-02-13T17:00:00": 1,
          "2026-02-13T17:15:00": 1,
          "2026-02-13T17:30:00": 1,
          "2026-02-13T17:45:00": 1,
          "2026-02-13T18:00:00": 1,
          "2026-02-13T18:15:00": 1,
          "2026-02-13T18:30:00": 1,
          "2026-02-13T18:45:00": 1,
          "2026-02-13T19:00:00": 1,
          "2026-02-13T19:15:00": 1,
          "2026-02-13T19:30:00": 1,
          "2026-02-13T19:45:00": 1,
          "2026-02-13T20:00:00": 1,
          "2026-02-13T20:15:00": 1,
          "2026-02-13T20:30:00": 1,
          "2026-02-13T20:45:00": 1,
          "2026-02-13T21:00:00": 1,
          "2026-02-13T21:15:00": 1,
          "2026-02-13T21:30:00": 1,
          "2026-02-13T21:45:00": 1,
          "2026-02-13T22:00:00": 1,
          "2026-02-13T22:15:00": 1,
          "2026-02-13T22:30:00": 1,
          "2026-02-13T22:45:00": 1,
          "2026-02-13T23:00:00": 1,
          "2026-02-13T23:15:00": 1,
          "2026-02-13T23:30:00": 1,
          "2026-02-13T23:45:00": 1
        }
      },
      "geometry": {
        "type": "LineString",
        "coordinates": [
          [
            117.47853244404327,
            40.440473686312174
          ],
          [
            117.47857622059833,
            40.44050383548811
          ],
          [
            117.47861998540633,
            40.440533984695904
          ],
          [
            117.47866376203956,
            40.44056413383792
          ],
          [
            117.47870752692572,
            40.4405942830118
          ],
          [
            117.47875129185097,
            40.440624432168725
          ],
          [
            117.47879506860143,
            40.440654581259885
          ],
          [
            117.47883883360484,
            40.440684730382905
          ],
          [
            117.47888261043346,
            40.44071487944016
          ],
          [
            117.47892637557891,
            40.44074503753446
          ],
          [
            117.47897015248572,
            40.44077518655781
          ],
          [
            117.47901391764543,
            40.44080533561303
          ],
          [
            117.47905769463037,
            40.44083548460245
          ],
          [
            117.47910145986823,
            40.44086563362377
          ],
          [
            117.47914522514517,
            40.44089578262812
          ],
          [
            117.47918900224738,
            40.440925931566674
          ],
          [
            117.47923276760245,
            40.44095608053715
          ],
          [
            117.47927654478285,
            40.440986229441776
          ],
          [
            117.47932031021607,
            40.44101637837832
          ],
          [
            117.47936408747462,
            40.44104652724907
          ],
          [
            117.479407852986,
            40.441076676151724
          ],
          [
            117.47945161853647,
            40.4411068250374
          ],
          [
            117.47949539591225,
            40.441136973857255
          ],
          [
            117.47953916154088,
            40.44116712270905
          ],
          [
            117.47958293899482,
            40.441197271495
          ],
          [
            117.4796267047016,
            40.44122742031287
          ],
          [
            117.4796704822337,
            40.44125756906491
          ],
          [
            117.47971424801865,
            40.441287717848894
          ],
          [
            117.47975802562891,
            40.441317866567
          ],
          [
            117.479801791492,
            40.44134801531707
          ],
          [
            117.4798455574582,
            40.44137817305539
          ],
          [
            117.47988933518572,
            40.44140832172262
          ],
          [
            117.47993310116605,
            40.44143847042185
          ],
          [
            117.47997687897173,
            40.44146861905517
          ],
          [
            117.48002064503021,
            40.44149876772049
          ],
          [
            117.48006442291405,
            40.44152891631989
          ],
          [
            117.48010818905071,
            40.4415590649513
          ],
          [
            117.4801519552264,
            40.441589213565756
          ],
          [
            117.4801957332275,
            40.441619362114295
          ],
          [
            117.48023949948139,
            40.44164951069483
          ],
          [
            117.48028327756064,
            40.44167965920946
          ],
          [
            117.48032704389266,
            40.44170980775609
          ],
          [
            117.48037082205009,
            40.4417399562368
          ],
          [
            117.48041458846028,
            40.441770104749544
          ],
          [
            117.48045836669587,
            40.44180025319634
          ],
          [
            117.48050213318422,
            40.441830401675155
          ],
          [
            117.48054589971163,
            40.441860550137015
          ],
          [
            117.48058967806448,
            40.44189069853295
          ],
          [
            117.48063344467005,
            40.44192084696091
          ],
          [
            117.48067722310105,
            40.44195099532289
          ],
          [
            117.48072098978479,
            40.441981143716966
          ],
          [
            117.48076476829397,
            40.44201129204505
          ],
          [
            117.48080853512002,
            40.44204144941038
          ],
          [
            117.48085230192098,
            40.44207159775356
          ],
          [
            117.48089608054742,
            40.44210174603078
          ],
          [
            117.48093984742655,
            40.44213189434006
          ],
          [
            117.48098362613116,
            40.44216204258336
          ],
          [
            117.48102739308843,
            40.44219219085874
          ],
          [
            117.4810711718712,
            40.4422223390681
          ],
          [
            117.48111493890663,
            40.442252487309574
          ],
          [
            117.48115871776757,
            40.442282635485036
          ],
          [
            117.48120248488118,
            40.44231278369259
          ],
          [
            117.48124625203386,
            40.44234293188318
          ],
          [
            117.48129003101204,
            40.44237308000777
          ],
          [
            117.48133379824289,
            40.442403228164466
          ],
          [
            117.48137757729924,
            40.442433376255124
          ],
          [
            117.48139232434289,
            40.44244353604086
          ],
          [
            117.48143136716341,
            40.44247726999443
          ],
          [
            117.48147040995877,
            40.44251099492919
          ],
          [
            117.48150946457963,
            40.442544719801255
          ],
          [
            117.48154850751737,
            40.442578453713985
          ],
          [
            117.48158755042991,
            40.44261217860792
          ],
          [
            117.48162659338152,
            40.44264590348825
          ],
          [
            117.48166563637216,
            40.44267962835497
          ],
          [
            117.48170467946619,
            40.442713362213276
          ],
          [
            117.48174372253497,
            40.44274708705278
          ],
          [
            117.4817827656428,
            40.44278081187866
          ],
          [
            117.48182180885404,
            40.44281454569615
          ],
          [
            117.48186085204001,
            40.442848270494835
          ],
          [
            117.48189989526504,
            40.442881995279905
          ],
          [
            117.48193893852914,
            40.44291572005137
          ],
          [
            117.48197798189665,
            40.442949453814414
          ],
          [
            117.48201702523887,
            40.44298317855866
          ],
          [
            117.48205606862017,
            40.44301690328929
          ],
          [
            117.48209511210487,
            40.44305063701153
          ],
          [
            117.48213416735085,
            40.4430843616658
          ],
          [
            117.48217321084934,
            40.4431180863556
          ],
          [
            117.48221225438688,
            40.44315181103181
          ],
          [
            117.48225129802786,
            40.443185544699574
          ],
          [
            117.48229034164355,
            40.443219269348575
          ],
          [
            117.48232938529829,
            40.44325299398396
          ],
          [
            117.48236842905649,
            40.443286727610925
          ],
          [
            117.48240747278938,
            40.44332045221907
          ],
          [
            117.48244651656131,
            40.44335417681364
          ],
          [
            117.48248556037231,
            40.44338790139456
          ],
          [
            117.48252460428677,
            40.44342163496709
          ],
          [
            117.4825636481759,
            40.443455359520826
          ],
          [
            117.4826026921041,
            40.44348908406093
          ],
          [
            117.48264173613578,
            40.44352281759263
          ],
          [
            117.4826807801421,
            40.44355654210551
          ],
          [
            117.4827198241875,
            40.443590266604815
          ],
          [
            117.48275888005863,
            40.44362399104128
          ],
          [
            117.48279792424658,
            40.44365772451854
          ],
          [
            117.48283696840917,
            40.443691448977
          ],
          [
            117.48287601261082,
            40.44372517342184
          ],
          [
            117.482915056916,
            40.44375890685828
          ],
          [
            117.48295410119579,
            40.44379263127589
          ],
          [
            117.48299314551465,
            40.44382635567993
          ],
          [
            117.48303218987255,
            40.443860080070344
          ],
          [
            117.483071234334,
            40.44389381345233
          ],
          [
            117.48311027877007,
            40.443927537815526
          ],
          [
            117.48314932324517,
            40.44396126216511
          ],
          [
            117.48318836782386,
            40.44399499550627
          ],
          [
            117.48322741237709,
            40.44402871982862
          ],
          [
            117.4832664569694,
            40.444062444137394
          ],
          [
            117.48330550160078,
            40.44409616843254
          ],
          [
            117.48334454633574,
            40.44412990171926
          ],
          [
            117.48338360283202,
            40.44416362593791
          ],
          [
            117.4834226475806,
            40.4441973501922
          ],
          [
            117.48346169243275,
            40.4442310834381
          ],
          [
            117.48350073725949,
            40.4442648076652
          ],
          [
            117.48353978212526,
            40.44429853187867
          ],
          [
            117.48357882703012,
            40.44433225607855
          ],
          [
            117.48361787203858,
            40.44436598927
          ],
          [
            117.48365691702155,
            40.44439971344264
          ],
          [
            117.4836959620436,
            40.444433437601695
          ],
          [
            117.48373500716929,
            40.444467170752326
          ],
          [
            117.48377405226945,
            40.44450089488413
          ],
          [
            117.48381309740871,
            40.44453461900235
          ],
          [
            117.48385214258703,
            40.44456834310695
          ],
          [
            117.48385992323567,
            40.444575073636344
          ],
          [
            117.48388688469743,
            40.444615107095814
          ],
          [
            117.48391384625593,
            40.44465514955369
          ],
          [
            117.48394079605974,
            40.44469519205414
          ],
          [
            117.48396775768258,
            40.444735234498545
          ],
          [
            117.48399471927299,
            40.44477526793099
          ],
          [
            117.48402166917327,
            40.444815310411215
          ],
          [
            117.48404863089263,
            40.44485535283536
          ],
          [
            117.48407559264413,
            40.44489539525274
          ],
          [
            117.48410254257632,
            40.44493542870755
          ],
          [
            117.4841295043922,
            40.44497547111143
          ],
          [
            117.4841564662402,
            40.44501551350857
          ],
          [
            117.48418341633351,
            40.445055555948336
          ],
          [
            117.48421037818123,
            40.445095589326776
          ],
          [
            117.48423732833885,
            40.445135631753054
          ],
          [
            117.48426429031555,
            40.44517567412318
          ],
          [
            117.48429125232444,
            40.44521571648657
          ],
          [
            117.4843182025139,
            40.4452557498874
          ],
          [
            117.48434516458711,
            40.44529579223728
          ],
          [
            117.48437212669249,
            40.44533583458042
          ],
          [
            117.4843990770431,
            40.4453758769662
          ],
          [
            117.48442603914819,
            40.44541591029068
          ],
          [
            117.48445300135008,
            40.445455952613536
          ],
          [
            117.48447995179717,
            40.44549599497907
          ],
          [
            117.48450691406343,
            40.44553603728846
          ],
          [
            117.48453387629716,
            40.44557607058592
          ],
          [
            117.48456082684078,
            40.4456161129312
          ],
          [
            117.48458778920352,
            40.445656155220334
          ],
          [
            117.48461473981145,
            40.44569619755214
          ],
          [
            117.48464170217386,
            40.44573623082258
          ],
          [
            117.48466866463313,
            40.445776273091475
          ],
          [
            117.48469561533754,
            40.44581631540304
          ],
          [
            117.48472257786115,
            40.44585635765842
          ],
          [
            117.48474954035227,
            40.44589639090186
          ],
          [
            117.48477649115316,
            40.44593643319317
          ],
          [
            117.48480345377331,
            40.44597647542831
          ],
          [
            117.48483041642561,
            40.446016517656695
          ],
          [
            117.48485736725831,
            40.44605655092258
          ],
          [
            117.48488432997496,
            40.44609659313747
          ],
          [
            117.48491128093669,
            40.44613663539503
          ],
          [
            117.48493824371769,
            40.44617667759642
          ],
          [
            117.48496520646614,
            40.446216710785855
          ],
          [
            117.48499215752436,
            40.44625675302318
          ],
          [
            117.4850191204019,
            40.44629679520432
          ],
          [
            117.48504608331157,
            40.4463368373787
          ],
          [
            117.48507303440157,
            40.44637687059059
          ],
          [
            117.48509999737561,
            40.44641691275147
          ],
          [
            117.48512696038183,
            40.4464569549056
          ],
          [
            117.48515391163306,
            40.44649699710244
          ],
          [
            117.48518087463887,
            40.44653703023789
          ],
          [
            117.48520783774158,
            40.44657707237176
          ],
          [
            117.48523478908933,
            40.44661711454837
          ],
          [
            117.4852617522564,
            40.446657156668735
          ],
          [
            117.48528870360371,
            40.446697189826644
          ],
          [
            117.48531566683513,
            40.44673723193352
          ],
          [
            117.48534263009874,
            40.446777274033636
          ],
          [
            117.4853695816073,
            40.44681731617649
          ],
          [
            117.48539654487047,
            40.44685734925794
          ],
          [
            117.4854235082306,
            40.44689739133779
          ],
          [
            117.48545045983569,
            40.44693743346041
          ],
          [
            117.48547742326015,
            40.44697747552677
          ],
          [
            117.485504386652,
            40.44701750858119
          ],
          [
            117.48553133835357,
            40.447057550683574
          ],
          [
            117.48555830187458,
            40.44709759272966
          ],
          [
            117.48558525364048,
            40.447137634818546
          ],
          [
            117.48558735055873,
            40.447140732890276
          ],
          [
            117.4855964996487,
            40.44718521739921
          ],
          [
            117.4856056486862,
            40.44722969290184
          ],
          [
            117.48561479780085,
            40.44727417740852
          ],
          [
            117.48562394686306,
            40.44731865290886
          ],
          [
            117.4856330960024,
            40.447363137413255
          ],
          [
            117.48564224508931,
            40.44740761291135
          ],
          [
            117.48565139425337,
            40.44745209741346
          ],
          [
            117.48566055521708,
            40.447496581864925
          ],
          [
            117.48566970434103,
            40.44754105735959
          ],
          [
            117.48567885354213,
            40.4475855418583
          ],
          [
            117.48568800269076,
            40.447630017350704
          ],
          [
            117.48569715191658,
            40.44767450184714
          ],
          [
            117.48570630108989,
            40.44771897733727
          ],
          [
            117.48571545034041,
            40.44776346183145
          ],
          [
            117.48572459960324,
            40.44780794632447
          ],
          [
            117.48573374881363,
            40.44785242181118
          ],
          [
            117.48574289810117,
            40.44789690630194
          ],
          [
            117.48575205912366,
            40.44794138173685
          ],
          [
            117.4857612084359,
            40.44798586622533
          ],
          [
            117.48577035769567,
            40.44803034170752
          ],
          [
            117.48577950703262,
            40.448074826193725
          ],
          [
            117.48578865631708,
            40.44811930167362
          ],
          [
            117.48579780567874,
            40.44816378615757
          ],
          [
            117.48580695505274,
            40.44820827064036
          ],
          [
            117.48581610437424,
            40.44825274611685
          ],
          [
            117.48582525377294,
            40.448297230597404
          ],
          [
            117.48583440311913,
            40.44834170607161
          ],
          [
            117.48584356433004,
            40.44838619050032
          ],
          [
            117.48585271370092,
            40.44843066597227
          ],
          [
            117.48586186314904,
            40.44847515044825
          ],
          [
            117.48587101260948,
            40.448519634923095
          ],
          [
            117.48588016201744,
            40.448564110391644
          ],
          [
            117.48588931150259,
            40.4486085948642
          ],
          [
            117.48589846093523,
            40.44865307033047
          ],
          [
            117.4859076104451,
            40.44869755480078
          ],
          [
            117.48591675990242,
            40.44874203026477
          ],
          [
            117.48592592122455,
            40.44878651468324
          ],
          [
            117.48593507077145,
            40.44883099915014
          ],
          [
            117.48594422026584,
            40.44887547461072
          ],
          [
            117.48595336983746,
            40.44891995907534
          ],
          [
            117.48596251935655,
            40.44896443453365
          ],
          [
            117.48597166895286,
            40.449008918995986
          ],
          [
            117.48598081849664,
            40.44905339445204
          ],
          [
            117.48598996811765,
            40.449097878912106
          ],
          [
            117.48599911775104,
            40.449142363371045
          ],
          [
            117.48600826733187,
            40.449186838823664
          ],
          [
            117.48601742877754,
            40.44923132323077
          ],
          [
            117.48602657838309,
            40.44927579868111
          ],
          [
            117.48603572806586,
            40.449320283135506
          ],
          [
            117.4860448776961,
            40.4493647585836
          ],
          [
            117.48605402740357,
            40.44940924303572
          ],
          [
            117.4860631770585,
            40.44945371848152
          ],
          [
            117.48607232679068,
            40.449498202931366
          ],
          [
            117.4860814765352,
            40.449542687380074
          ],
          [
            117.48609062622718,
            40.449587162822475
          ],
          [
            117.48609977599641,
            40.449631647268895
          ],
          [
            117.48610893750077,
            40.44967612265947
          ],
          [
            117.48611808729471,
            40.44972060710363
          ],
          [
            117.4861272370361,
            40.44976508254149
          ],
          [
            117.48613638685474,
            40.44980956698337
          ],
          [
            117.48614553668573,
            40.44985405142413
          ],
          [
            117.48615468646416,
            40.44989852685857
          ],
          [
            117.48616383631985,
            40.44994301129703
          ],
          [
            117.48617298612297,
            40.4499874867292
          ],
          [
            117.48618213600335,
            40.450031971165416
          ],
          [
            117.48619128583121,
            40.450076446595325
          ],
          [
            117.48620044752406,
            40.45012093097968
          ],
          [
            117.48620959744152,
            40.45016541541248
          ],
          [
            117.48621874730641,
            40.45020989083895
          ],
          [
            117.48622789724855,
            40.45025437526947
          ],
          [
            117.48623704713813,
            40.45029885069369
          ],
          [
            117.48624619710499,
            40.45034333512194
          ],
          [
            117.48625534701928,
            40.45038781054388
          ],
          [
            117.48626449701084,
            40.45043229496985
          ],
          [
            117.48627364694983,
            40.45047677038953
          ],
          [
            117.48628280875394,
            40.45052125476364
          ],
          [
            117.48629195878254,
            40.45056573918621
          ],
          [
            117.48630110875858,
            40.45061021460246
          ],
          [
            117.4863102588119,
            40.450654699022756
          ],
          [
            117.48631940881266,
            40.450699174436735
          ],
          [
            117.48632855889066,
            40.45074365885477
          ],
          [
            117.48633770891611,
            40.45078813426648
          ],
          [
            117.48634685901884,
            40.45083261868223
          ],
          [
            117.4863560091339,
            40.45087710309683
          ],
          [
            117.48635929525496,
            40.45089306492736
          ],
          [
            117.48635893616444,
            40.45093809365419
          ],
          [
            117.4863585652209,
            40.450983113425096
          ],
          [
            117.48635819434209,
            40.45102814220081
          ],
          [
            117.486357835251,
            40.451073170926605
          ],
          [
            117.48635746430688,
            40.45111819069646
          ],
          [
            117.48635709342749,
            40.451163219471134
          ],
          [
            117.48635673433587,
            40.45120824819586
          ],
          [
            117.48635636339115,
            40.45125326796469
          ],
          [
            117.48635600429918,
            40.4512982966887
          ],
          [
            117.4863556333541,
            40.45134331645683
          ],
          [
            117.48635526247371,
            40.45138834522974
          ],
          [
            117.48635490338117,
            40.45143337395274
          ],
          [
            117.4863545324355,
            40.4514783937198
          ],
          [
            117.48635416155454,
            40.45152342249168
          ],
          [
            117.48635380246145,
            40.451568451213625
          ],
          [
            117.4863534315152,
            40.45161347097965
          ],
          [
            117.48635307242174,
            40.45165849970088
          ],
          [
            117.48635270154003,
            40.45170352847138
          ],
          [
            117.48635233059319,
            40.45174854823636
          ],
          [
            117.48635197149918,
            40.45179357695655
          ],
          [
            117.48635160061689,
            40.451838605725996
          ],
          [
            117.48635124145756,
            40.451883625440324
          ],
          [
            117.48635087057488,
            40.45192865420906
          ],
          [
            117.486350499692,
            40.451973682977474
          ],
          [
            117.48635014053214,
            40.45201870269075
          ],
          [
            117.48634976964888,
            40.45206373145844
          ],
          [
            117.48634939876544,
            40.452108760225805
          ],
          [
            117.48634903960499,
            40.45215377993803
          ],
          [
            117.48634866872116,
            40.45219880870469
          ],
          [
            117.48634830962527,
            40.45224383742139
          ],
          [
            117.48634793867613,
            40.452288857182175
          ],
          [
            117.48634756779174,
            40.45233388594778
          ],
          [
            117.48634720869528,
            40.45237891466344
          ],
          [
            117.48634683774556,
            40.45242393442318
          ],
          [
            117.48634646686057,
            40.452468963187734
          ],
          [
            117.48634610776358,
            40.45251399190235
          ],
          [
            117.48634573681328,
            40.45255901166105
          ],
          [
            117.48634537771592,
            40.45260404037497
          ],
          [
            117.48634500683015,
            40.45264906913813
          ],
          [
            117.48634463587928,
            40.452694088895775
          ],
          [
            117.48634427678135,
            40.452739117608644
          ],
          [
            117.4863439058301,
            40.452784137365605
          ],
          [
            117.48634353494356,
            40.45282916612736
          ],
          [
            117.4863431758451,
            40.4528741948392
          ],
          [
            117.48634280489324,
            40.45291921459508
          ],
          [
            117.48634244579439,
            40.45296424330622
          ],
          [
            117.48634207490709,
            40.45300927206657
          ],
          [
            117.48634170395466,
            40.45305429182144
          ],
          [
            117.48634134485526,
            40.453099320531514
          ],
          [
            117.48634097396737,
            40.45314434929084
          ],
          [
            117.48634060301437,
            40.45318936904465
          ],
          [
            117.48634024391443,
            40.45323439775369
          ],
          [
            117.48633987302594,
            40.45327942651196
          ],
          [
            117.48633951386071,
            40.45332444621513
          ],
          [
            117.48633914297186,
            40.45336947497271
          ],
          [
            117.4863387720828,
            40.45341450372993
          ],
          [
            117.48633841291701,
            40.453459523432066
          ],
          [
            117.48633804202757,
            40.4535045521886
          ],
          [
            117.48633767113795,
            40.45354958094478
          ],
          [
            117.4863373119716,
            40.45359460064585
          ],
          [
            117.48633694108159,
            40.45363962940135
          ],
          [
            117.48633658197976,
            40.45368465810688
          ],
          [
            117.48633621102445,
            40.45372967785651
          ],
          [
            117.48633584013386,
            40.453774706610936
          ],
          [
            117.4863354810315,
            40.453819735315435
          ],
          [
            117.4863351100756,
            40.45386475506401
          ],
          [
            117.48633475097289,
            40.45390978376783
          ],
          [
            117.4863343800815,
            40.453954812520855
          ],
          [
            117.48633400912504,
            40.453999832268394
          ],
          [
            117.48633365002173,
            40.45404486097114
          ],
          [
            117.48633327912981,
            40.45408988972316
          ],
          [
            117.48633290817276,
            40.45413490946962
          ],
          [
            117.48633254906892,
            40.454179938171336
          ],
          [
            117.48633217811147,
            40.454224957917106
          ],
          [
            117.48633181900725,
            40.45426998661812
          ],
          [
            117.48633144811434,
            40.45431501536837
          ],
          [
            117.48633107715632,
            40.454360035113126
          ],
          [
            117.48633071805155,
            40.45440506381308
          ],
          [
            117.48633034715806,
            40.454450092562276
          ],
          [
            117.48632997619946,
            40.45449511230598
          ],
          [
            117.48632961709416,
            40.4545401410049
          ],
          [
            117.48632924620009,
            40.45458516975305
          ],
          [
            117.48632888702946,
            40.45463018944609
          ],
          [
            117.48632851613502,
            40.454675218193564
          ],
          [
            117.48632814524036,
            40.45472024694067
          ],
          [
            117.48632778606921,
            40.45476526663269
          ],
          [
            117.48632741517416,
            40.454810295379104
          ],
          [
            117.48632704427895,
            40.45485532412517
          ],
          [
            117.4863266851072,
            40.454900343816114
          ],
          [
            117.4863263142116,
            40.4549453725615
          ],
          [
            117.48632595510443,
            40.45499040125691
          ],
          [
            117.48632558414351,
            40.45503542099641
          ],
          [
            117.48632521324733,
            40.45508044974074
          ],
          [
            117.4863248541396,
            40.455125478435114
          ],
          [
            117.4863244831781,
            40.45517049817358
          ],
          [
            117.48632411228132,
            40.455215526916845
          ],
          [
            117.48632375317304,
            40.455260555610195
          ],
          [
            117.48632338221095,
            40.45530557534759
          ],
          [
            117.48632302310232,
            40.455350604040234
          ],
          [
            117.48632265220475,
            40.45539563278211
          ],
          [
            117.48632228124211,
            40.45544065251848
          ],
          [
            117.4863219221329,
            40.45548568121007
          ],
          [
            117.48632155123478,
            40.4555307099509
          ],
          [
            117.48632119206026,
            40.455575729636635
          ],
          [
            117.48632082116177,
            40.45562075837675
          ],
          [
            117.48632045019815,
            40.455665778111374
          ],
          [
            117.486320091088,
            40.45571080680124
          ],
          [
            117.48631972018892,
            40.45575583554032
          ],
          [
            117.48631934922471,
            40.455800855273885
          ],
          [
            117.48631899011401,
            40.45584588396268
          ],
          [
            117.48631861921437,
            40.45589091270072
          ],
          [
            117.48631826003837,
            40.45593593238365
          ],
          [
            117.48631788913832,
            40.45598096112101
          ],
          [
            117.4863175182381,
            40.45602598985799
          ],
          [
            117.48631715906154,
            40.4560710095399
          ],
          [
            117.48631678816089,
            40.456116038276186
          ],
          [
            117.48631641726008,
            40.45616106701212
          ],
          [
            117.48631605808299,
            40.456206086692994
          ],
          [
            117.48631568718177,
            40.45625111542822
          ],
          [
            117.48631532806924,
            40.45629614411354
          ],
          [
            117.48631496135991,
            40.45634011919458
          ],
          [
            117.48631418957126,
            40.45638514060991
          ],
          [
            117.48631340599299,
            40.4564301620745
          ],
          [
            117.48631262241399,
            40.45647518353875
          ],
          [
            117.48631183889914,
            40.456520214007796
          ],
          [
            117.48631106710755,
            40.45656523542174
          ],
          [
            117.48631028352631,
            40.456610256884915
          ],
          [
            117.48630949994433,
            40.45665527834777
          ],
          [
            117.4863087163616,
            40.45670029981026
          ],
          [
            117.48630794456706,
            40.456745321222805
          ],
          [
            117.48630716098283,
            40.4567903426846
          ],
          [
            117.48630637739787,
            40.45683536414602
          ],
          [
            117.48630559381215,
            40.45688038560711
          ],
          [
            117.48630482207959,
            40.45692541602344
          ],
          [
            117.48630403849238,
            40.45697043748381
          ],
          [
            117.48630325490441,
            40.45701545894385
          ],
          [
            117.48630247131574,
            40.45706048040357
          ],
          [
            117.48630168772627,
            40.45710550186289
          ],
          [
            117.48630091592511,
            40.45715052327228
          ],
          [
            117.48630013233418,
            40.45719554473094
          ],
          [
            117.48629934874249,
            40.45724056618922
          ],
          [
            117.48629856521501,
            40.45728559665234
          ],
          [
            117.48629779341087,
            40.45733061806032
          ],
          [
            117.48629700981695,
            40.45737563951757
          ],
          [
            117.4862962262223,
            40.457420660974456
          ],
          [
            117.48629544262691,
            40.457465682431014
          ],
          [
            117.48629467081982,
            40.45751070383762
          ],
          [
            117.48629388722293,
            40.45755572529345
          ],
          [
            117.48629310362529,
            40.457600746748966
          ],
          [
            117.48629232009182,
            40.457645777209265
          ],
          [
            117.48629154828181,
            40.45769079861445
          ],
          [
            117.48629076468194,
            40.457735820068905
          ],
          [
            117.48628998108133,
            40.45778084152299
          ],
          [
            117.48628919747996,
            40.45782586297674
          ],
          [
            117.48628842566698,
            40.45787088438055
          ],
          [
            117.48628764206414,
            40.45791590583359
          ],
          [
            117.48628685846053,
            40.457960927286294
          ],
          [
            117.48628607492111,
            40.4580059577438
          ],
          [
            117.48628530310519,
            40.45805097914619
          ],
          [
            117.48628451949934,
            40.45809600059785
          ],
          [
            117.48628373589278,
            40.45814102204913
          ],
          [
            117.48628295228545,
            40.45818604350007
          ],
          [
            117.48628218046657,
            40.458231064901085
          ],
          [
            117.48628139685775,
            40.45827608635135
          ],
          [
            117.48628061324818,
            40.45832110780125
          ]
        ]
      }
    },
    {
      "type": "Feature",
      "properties": {
        "Id": "CP-MAIN-010",
        "road_name": "??????",
        "roadRole": "mainline",
        "source": "RoadCenterLine.geojson",
        "sourceLayer": "RoadCenterLine",
        "sourceRecordNumber": 30,
        "segmentLengthMeters": 1846,
        "speedUnit": "km/h",
        "speeds": {
          "2026-02-13T00:00:00": 103.8,
          "2026-02-13T00:15:00": 104.3,
          "2026-02-13T00:30:00": 102.8,
          "2026-02-13T00:45:00": 103,
          "2026-02-13T01:00:00": 102.7,
          "2026-02-13T01:15:00": 103.6,
          "2026-02-13T01:30:00": 100.4,
          "2026-02-13T01:45:00": 100.2,
          "2026-02-13T02:00:00": 103.2,
          "2026-02-13T02:15:00": 102.7,
          "2026-02-13T02:30:00": 102.8,
          "2026-02-13T02:45:00": 99.6,
          "2026-02-13T03:00:00": 101.1,
          "2026-02-13T03:15:00": 101.5,
          "2026-02-13T03:30:00": 99.6,
          "2026-02-13T03:45:00": 101.8,
          "2026-02-13T04:00:00": 101.6,
          "2026-02-13T04:15:00": 98.8,
          "2026-02-13T04:30:00": 98.2,
          "2026-02-13T04:45:00": 101.1,
          "2026-02-13T05:00:00": 100,
          "2026-02-13T05:15:00": 100.6,
          "2026-02-13T05:30:00": 100.5,
          "2026-02-13T05:45:00": 98.2,
          "2026-02-13T06:00:00": 100.8,
          "2026-02-13T06:15:00": 97.7,
          "2026-02-13T06:30:00": 99.5,
          "2026-02-13T06:45:00": 97,
          "2026-02-13T07:00:00": 97,
          "2026-02-13T07:15:00": 97.5,
          "2026-02-13T07:30:00": 95.1,
          "2026-02-13T07:45:00": 96.8,
          "2026-02-13T08:00:00": 97,
          "2026-02-13T08:15:00": 93.3,
          "2026-02-13T08:30:00": 97.1,
          "2026-02-13T08:45:00": 97,
          "2026-02-13T09:00:00": 96.2,
          "2026-02-13T09:15:00": 98.4,
          "2026-02-13T09:30:00": 97.7,
          "2026-02-13T09:45:00": 100.4,
          "2026-02-13T10:00:00": 99.8,
          "2026-02-13T10:15:00": 99.2,
          "2026-02-13T10:30:00": 100.9,
          "2026-02-13T10:45:00": 99.3,
          "2026-02-13T11:00:00": 98.9,
          "2026-02-13T11:15:00": 101.2,
          "2026-02-13T11:30:00": 98.7,
          "2026-02-13T11:45:00": 99.7,
          "2026-02-13T12:00:00": 100.8,
          "2026-02-13T12:15:00": 100,
          "2026-02-13T12:30:00": 102.2,
          "2026-02-13T12:45:00": 101.4,
          "2026-02-13T13:00:00": 101.4,
          "2026-02-13T13:15:00": 99,
          "2026-02-13T13:30:00": 101.2,
          "2026-02-13T13:45:00": 102.1,
          "2026-02-13T14:00:00": 100.3,
          "2026-02-13T14:15:00": 101.6,
          "2026-02-13T14:30:00": 102.2,
          "2026-02-13T14:45:00": 101.4,
          "2026-02-13T15:00:00": 101.5,
          "2026-02-13T15:15:00": 103.3,
          "2026-02-13T15:30:00": 103.1,
          "2026-02-13T15:45:00": 100.8,
          "2026-02-13T16:00:00": 102.5,
          "2026-02-13T16:15:00": 102.5,
          "2026-02-13T16:30:00": 100.9,
          "2026-02-13T16:45:00": 101,
          "2026-02-13T17:00:00": 102.9,
          "2026-02-13T17:15:00": 103.7,
          "2026-02-13T17:30:00": 104.5,
          "2026-02-13T17:45:00": 102.1,
          "2026-02-13T18:00:00": 104.8,
          "2026-02-13T18:15:00": 102.8,
          "2026-02-13T18:30:00": 104.9,
          "2026-02-13T18:45:00": 104.6,
          "2026-02-13T19:00:00": 103.5,
          "2026-02-13T19:15:00": 105.4,
          "2026-02-13T19:30:00": 103.7,
          "2026-02-13T19:45:00": 103.2,
          "2026-02-13T20:00:00": 103.5,
          "2026-02-13T20:15:00": 104.9,
          "2026-02-13T20:30:00": 103,
          "2026-02-13T20:45:00": 103.5,
          "2026-02-13T21:00:00": 101.8,
          "2026-02-13T21:15:00": 102.1,
          "2026-02-13T21:30:00": 103.5,
          "2026-02-13T21:45:00": 104.3,
          "2026-02-13T22:00:00": 104.4,
          "2026-02-13T22:15:00": 101.9,
          "2026-02-13T22:30:00": 102.6,
          "2026-02-13T22:45:00": 103.6,
          "2026-02-13T23:00:00": 102.6,
          "2026-02-13T23:15:00": 103.5,
          "2026-02-13T23:30:00": 101.3,
          "2026-02-13T23:45:00": 100.8
        },
        "traffic_level": {
          "2026-02-13T00:00:00": 1,
          "2026-02-13T00:15:00": 1,
          "2026-02-13T00:30:00": 1,
          "2026-02-13T00:45:00": 1,
          "2026-02-13T01:00:00": 1,
          "2026-02-13T01:15:00": 1,
          "2026-02-13T01:30:00": 1,
          "2026-02-13T01:45:00": 1,
          "2026-02-13T02:00:00": 1,
          "2026-02-13T02:15:00": 1,
          "2026-02-13T02:30:00": 1,
          "2026-02-13T02:45:00": 1,
          "2026-02-13T03:00:00": 1,
          "2026-02-13T03:15:00": 1,
          "2026-02-13T03:30:00": 1,
          "2026-02-13T03:45:00": 1,
          "2026-02-13T04:00:00": 1,
          "2026-02-13T04:15:00": 1,
          "2026-02-13T04:30:00": 1,
          "2026-02-13T04:45:00": 1,
          "2026-02-13T05:00:00": 1,
          "2026-02-13T05:15:00": 1,
          "2026-02-13T05:30:00": 1,
          "2026-02-13T05:45:00": 1,
          "2026-02-13T06:00:00": 1,
          "2026-02-13T06:15:00": 1,
          "2026-02-13T06:30:00": 1,
          "2026-02-13T06:45:00": 1,
          "2026-02-13T07:00:00": 1,
          "2026-02-13T07:15:00": 1,
          "2026-02-13T07:30:00": 1,
          "2026-02-13T07:45:00": 1,
          "2026-02-13T08:00:00": 1,
          "2026-02-13T08:15:00": 1,
          "2026-02-13T08:30:00": 1,
          "2026-02-13T08:45:00": 1,
          "2026-02-13T09:00:00": 1,
          "2026-02-13T09:15:00": 1,
          "2026-02-13T09:30:00": 1,
          "2026-02-13T09:45:00": 1,
          "2026-02-13T10:00:00": 1,
          "2026-02-13T10:15:00": 1,
          "2026-02-13T10:30:00": 1,
          "2026-02-13T10:45:00": 1,
          "2026-02-13T11:00:00": 1,
          "2026-02-13T11:15:00": 1,
          "2026-02-13T11:30:00": 1,
          "2026-02-13T11:45:00": 1,
          "2026-02-13T12:00:00": 1,
          "2026-02-13T12:15:00": 1,
          "2026-02-13T12:30:00": 1,
          "2026-02-13T12:45:00": 1,
          "2026-02-13T13:00:00": 1,
          "2026-02-13T13:15:00": 1,
          "2026-02-13T13:30:00": 1,
          "2026-02-13T13:45:00": 1,
          "2026-02-13T14:00:00": 1,
          "2026-02-13T14:15:00": 1,
          "2026-02-13T14:30:00": 1,
          "2026-02-13T14:45:00": 1,
          "2026-02-13T15:00:00": 1,
          "2026-02-13T15:15:00": 1,
          "2026-02-13T15:30:00": 1,
          "2026-02-13T15:45:00": 1,
          "2026-02-13T16:00:00": 1,
          "2026-02-13T16:15:00": 1,
          "2026-02-13T16:30:00": 1,
          "2026-02-13T16:45:00": 1,
          "2026-02-13T17:00:00": 1,
          "2026-02-13T17:15:00": 1,
          "2026-02-13T17:30:00": 1,
          "2026-02-13T17:45:00": 1,
          "2026-02-13T18:00:00": 1,
          "2026-02-13T18:15:00": 1,
          "2026-02-13T18:30:00": 1,
          "2026-02-13T18:45:00": 1,
          "2026-02-13T19:00:00": 1,
          "2026-02-13T19:15:00": 1,
          "2026-02-13T19:30:00": 1,
          "2026-02-13T19:45:00": 1,
          "2026-02-13T20:00:00": 1,
          "2026-02-13T20:15:00": 1,
          "2026-02-13T20:30:00": 1,
          "2026-02-13T20:45:00": 1,
          "2026-02-13T21:00:00": 1,
          "2026-02-13T21:15:00": 1,
          "2026-02-13T21:30:00": 1,
          "2026-02-13T21:45:00": 1,
          "2026-02-13T22:00:00": 1,
          "2026-02-13T22:15:00": 1,
          "2026-02-13T22:30:00": 1,
          "2026-02-13T22:45:00": 1,
          "2026-02-13T23:00:00": 1,
          "2026-02-13T23:15:00": 1,
          "2026-02-13T23:30:00": 1,
          "2026-02-13T23:45:00": 1
        }
      },
      "geometry": {
        "type": "LineString",
        "coordinates": [
          [
            117.48628061324818,
            40.45832110780125
          ],
          [
            117.48627982963788,
            40.458366129250784
          ],
          [
            117.48627905788099,
            40.45841115965557
          ],
          [
            117.48627827426918,
            40.45845618110441
          ],
          [
            117.48627749065665,
            40.45850120255291
          ],
          [
            117.48627670704336,
            40.45854622400106
          ],
          [
            117.48627593521859,
            40.45859124539926
          ],
          [
            117.4862751516038,
            40.45863626684672
          ],
          [
            117.48627436798829,
            40.458681288293796
          ],
          [
            117.48627358437203,
            40.45872630974056
          ],
          [
            117.48627281260924,
            40.45877134014252
          ],
          [
            117.48627202899148,
            40.45881636158859
          ],
          [
            117.48627124537296,
            40.45886138303428
          ],
          [
            117.48627046175372,
            40.45890640447964
          ],
          [
            117.48626968992305,
            40.45895142587504
          ],
          [
            117.48626890630231,
            40.4589964473197
          ],
          [
            117.48626812268084,
            40.45904146876398
          ],
          [
            117.4862673390586,
            40.45908649020796
          ],
          [
            117.4862665672899,
            40.45913152060713
          ],
          [
            117.48626578366618,
            40.459176542050386
          ],
          [
            117.48626500004171,
            40.45922156349327
          ],
          [
            117.4862642164165,
            40.459266584935826
          ],
          [
            117.48626344457995,
            40.459311606328434
          ],
          [
            117.48626266095323,
            40.45935662777031
          ],
          [
            117.48626187732577,
            40.4594016492118
          ],
          [
            117.48626109369758,
            40.459446670652966
          ],
          [
            117.48626032192301,
            40.459491701049316
          ],
          [
            117.48625953829333,
            40.45953672248977
          ],
          [
            117.48625875466288,
            40.4595817439299
          ],
          [
            117.48625797103172,
            40.45962676536965
          ],
          [
            117.48625719918924,
            40.45967178675945
          ],
          [
            117.4862564155566,
            40.45971680819852
          ],
          [
            117.48625563192319,
            40.45976182963723
          ],
          [
            117.48625484828901,
            40.45980685107559
          ],
          [
            117.4862540764436,
            40.45985187246399
          ],
          [
            117.48625329287289,
            40.45989690290681
          ],
          [
            117.48625250923648,
            40.459941924344115
          ],
          [
            117.48625172559936,
            40.45998694578109
          ],
          [
            117.486250953751,
            40.46003196716809
          ],
          [
            117.48625017011237,
            40.46007698860435
          ],
          [
            117.48624938647299,
            40.460122010040266
          ],
          [
            117.48624860283286,
            40.46016703147582
          ],
          [
            117.48624783098155,
            40.460212052861436
          ],
          [
            117.48624704740489,
            40.460257083301464
          ],
          [
            117.48624626376252,
            40.460302104735966
          ],
          [
            117.48624548011942,
            40.46034712617012
          ],
          [
            117.48624470826516,
            40.460392147554344
          ],
          [
            117.48624392462058,
            40.46043716898781
          ],
          [
            117.48624314097523,
            40.46048219042092
          ],
          [
            117.48624235732916,
            40.46052721185368
          ],
          [
            117.4862415736823,
            40.46057223328609
          ],
          [
            117.4862408018893,
            40.460617263673704
          ],
          [
            117.48624001824098,
            40.46066228510543
          ],
          [
            117.48623923459192,
            40.460707306536776
          ],
          [
            117.4862384509421,
            40.46075232796778
          ],
          [
            117.4862376790812,
            40.46079734934888
          ],
          [
            117.4862368954299,
            40.46084237077918
          ],
          [
            117.48623611177784,
            40.460887392209145
          ],
          [
            117.48623532812505,
            40.46093241363876
          ],
          [
            117.4862345562612,
            40.46097743501843
          ],
          [
            117.48623377267185,
            40.4610224654525
          ],
          [
            117.48623298901681,
            40.46106748688107
          ],
          [
            117.48623220536105,
            40.461112508309284
          ],
          [
            117.48623143349424,
            40.46115752968756
          ],
          [
            117.48623064983698,
            40.46120255111507
          ],
          [
            117.48622986617897,
            40.46124757254223
          ],
          [
            117.48622908252023,
            40.461292593969056
          ],
          [
            117.48622831065046,
            40.46133761534591
          ],
          [
            117.48622752705515,
            40.461382645777185
          ],
          [
            117.48622674339416,
            40.46142766720296
          ],
          [
            117.48622595973244,
            40.46147268862838
          ],
          [
            117.48622518785972,
            40.46151771000385
          ],
          [
            117.48622440419649,
            40.461562731428565
          ],
          [
            117.48622362053253,
            40.461607752852935
          ],
          [
            117.4862228368678,
            40.46165277427694
          ],
          [
            117.48622206499213,
            40.461697795651034
          ],
          [
            117.48622128139087,
            40.46174282607951
          ],
          [
            117.48622049772392,
            40.461787847502464
          ],
          [
            117.4862197140562,
            40.46183286892509
          ],
          [
            117.4862189421776,
            40.461877890297764
          ],
          [
            117.48621815850842,
            40.461922911719675
          ],
          [
            117.48621737483847,
            40.46196793314125
          ],
          [
            117.48621659116779,
            40.46201295456247
          ],
          [
            117.48621581928624,
            40.46205797593375
          ],
          [
            117.486215035679,
            40.46210300635941
          ],
          [
            117.48621425200606,
            40.46214802777959
          ],
          [
            117.48621346833241,
            40.46219304919941
          ],
          [
            117.4862126964479,
            40.4622380705693
          ],
          [
            117.48621191277276,
            40.46228309198842
          ],
          [
            117.48621112909686,
            40.46232811340718
          ],
          [
            117.48621034542022,
            40.46237313482561
          ],
          [
            117.48620957353275,
            40.462418156194076
          ],
          [
            117.48620878985462,
            40.46246317761181
          ],
          [
            117.48620800624067,
            40.462508208034336
          ],
          [
            117.48620722256103,
            40.46255322945135
          ],
          [
            117.48620645067064,
            40.462598250818445
          ],
          [
            117.48620566698952,
            40.462643272234764
          ],
          [
            117.48620488330764,
            40.462688293650736
          ],
          [
            117.48620409962504,
            40.46273331506637
          ],
          [
            117.48620332773167,
            40.46277833643204
          ],
          [
            117.48620254404759,
            40.46282335784697
          ],
          [
            117.48620176042766,
            40.4628683882667
          ],
          [
            117.48620097674207,
            40.462913409680915
          ],
          [
            117.48620020484577,
            40.4629584310452
          ],
          [
            117.48619942115867,
            40.463003452458736
          ],
          [
            117.48619863747086,
            40.4630484738719
          ],
          [
            117.48619785378229,
            40.46309349528473
          ],
          [
            117.48619708188302,
            40.46313851664762
          ],
          [
            117.48619629819295,
            40.46318353805974
          ],
          [
            117.48619551456707,
            40.463228568476666
          ],
          [
            117.48619473087552,
            40.4632735898881
          ],
          [
            117.48619395897332,
            40.46331861124958
          ],
          [
            117.48619317528028,
            40.463363632660304
          ],
          [
            117.48619239158648,
            40.46340865407068
          ],
          [
            117.48619160789194,
            40.46345367548072
          ],
          [
            117.48619083598678,
            40.4634986968408
          ],
          [
            117.48619005229075,
            40.46354371825013
          ],
          [
            117.4861892686589,
            40.463588748664264
          ],
          [
            117.48618848496137,
            40.46363377007288
          ],
          [
            117.48618771305327,
            40.46367879143157
          ],
          [
            117.48618692935426,
            40.463723812839504
          ],
          [
            117.4861861456545,
            40.46376883424709
          ],
          [
            117.48618536195399,
            40.4638138556543
          ],
          [
            117.48618457825275,
            40.463858877061185
          ],
          [
            117.48618380634096,
            40.46390389841813
          ],
          [
            117.48618302263822,
            40.46394891982432
          ],
          [
            117.48618246552687,
            40.46398121561444
          ],
          [
            117.48618345035528,
            40.46402622958135
          ],
          [
            117.48618443525022,
            40.46407125255306
          ],
          [
            117.4861854201468,
            40.464116275524404
          ],
          [
            117.48618640498003,
            40.464161289490235
          ],
          [
            117.48618738987983,
            40.464206312460824
          ],
          [
            117.48618837478124,
            40.464251335431086
          ],
          [
            117.48618935961933,
            40.464296349395816
          ],
          [
            117.48619034452396,
            40.46434137236531
          ],
          [
            117.48619132943023,
            40.46438639533447
          ],
          [
            117.48619231427315,
            40.4644314092981
          ],
          [
            117.48619331097291,
            40.464476432216905
          ],
          [
            117.48619429588403,
            40.46452145518495
          ],
          [
            117.48619528073179,
            40.46456646914748
          ],
          [
            117.48619626564613,
            40.46461149211478
          ],
          [
            117.48619725056209,
            40.46465651508173
          ],
          [
            117.48619823547965,
            40.4647015380483
          ],
          [
            117.48619922033387,
            40.46474655200935
          ],
          [
            117.48620020525466,
            40.464791574975216
          ],
          [
            117.48620119017706,
            40.464836597940675
          ],
          [
            117.48620217503614,
            40.464881611900665
          ],
          [
            117.48620315996176,
            40.46492663486539
          ],
          [
            117.486204144889,
            40.464971657829764
          ],
          [
            117.48620512975292,
            40.46501667178864
          ],
          [
            117.4862061146834,
            40.46506169475227
          ],
          [
            117.48620711140589,
            40.46510671766596
          ],
          [
            117.48620809627467,
            40.46515173162373
          ],
          [
            117.48620908120998,
            40.46519675458626
          ],
          [
            117.48621006614691,
            40.46524177754846
          ],
          [
            117.48621105102052,
            40.465286791505115
          ],
          [
            117.4862120359607,
            40.46533181446655
          ],
          [
            117.48621302090245,
            40.46537683742765
          ],
          [
            117.48621400578094,
            40.46542185138319
          ],
          [
            117.48621499072593,
            40.465466874343555
          ],
          [
            117.48621597567256,
            40.46551189730353
          ],
          [
            117.48621696062078,
            40.46555692026313
          ],
          [
            117.4862179455057,
            40.465601934217226
          ],
          [
            117.48621893045718,
            40.46564695717611
          ],
          [
            117.48621992720075,
            40.465691980085026
          ],
          [
            117.48622091209053,
            40.46573699403804
          ],
          [
            117.48622189704683,
            40.46578201699582
          ],
          [
            117.48622288200475,
            40.46582703995321
          ],
          [
            117.48622386689937,
            40.465872053905116
          ],
          [
            117.48622485186053,
            40.46591707686179
          ],
          [
            117.48622583682331,
            40.46596209981811
          ],
          [
            117.48622682172275,
            40.46600711376892
          ],
          [
            117.48622780668875,
            40.46605213672449
          ],
          [
            117.48622879165636,
            40.46609715967972
          ],
          [
            117.48622977656063,
            40.46614217362941
          ],
          [
            117.48623076153147,
            40.466187196583896
          ],
          [
            117.48623174650395,
            40.46623221953801
          ],
          [
            117.48623273147801,
            40.466277242491735
          ],
          [
            117.48623372817939,
            40.466322256390384
          ],
          [
            117.48623429380653,
            40.46634836972698
          ],
          [
            117.48624422352182,
            40.46639275168918
          ],
          [
            117.48625415325047,
            40.466437133650096
          ],
          [
            117.48626407126677,
            40.4664815246645
          ],
          [
            117.48627400102212,
            40.466525906622884
          ],
          [
            117.4862839307908,
            40.46657028857999
          ],
          [
            117.48629386057287,
            40.46661467053583
          ],
          [
            117.48630377857761,
            40.466659052540024
          ],
          [
            117.48631370838636,
            40.46670343449332
          ],
          [
            117.48632363827345,
            40.466747825450526
          ],
          [
            117.48633356810892,
            40.46679220740127
          ],
          [
            117.48634348616703,
            40.46683658940038
          ],
          [
            117.4863534160292,
            40.466880971348616
          ],
          [
            117.48636334590472,
            40.46692535329557
          ],
          [
            117.48637327579361,
            40.46696973524126
          ],
          [
            117.48638320576082,
            40.46701412619082
          ],
          [
            117.48639312388566,
            40.467058508183584
          ],
          [
            117.48640305381463,
            40.467102890125474
          ],
          [
            117.48641298375692,
            40.467147272066086
          ],
          [
            117.48642291371257,
            40.467191654005404
          ],
          [
            117.4864328318908,
            40.46723603599312
          ],
          [
            117.48644276193814,
            40.46728042693507
          ],
          [
            117.48645269193385,
            40.46732480887061
          ],
          [
            117.48646262194292,
            40.467369190804874
          ],
          [
            117.48647254017456,
            40.46741357278749
          ],
          [
            117.48648247021033,
            40.46745795471922
          ],
          [
            117.48649240025944,
            40.46750233664967
          ],
          [
            117.48650233038691,
            40.467546727584
          ],
          [
            117.48651224867191,
            40.46759110956156
          ],
          [
            117.48652217876112,
            40.46763549148819
          ],
          [
            117.48653210886367,
            40.467679873413594
          ],
          [
            117.48654203897956,
            40.467724255337686
          ],
          [
            117.4865519691738,
            40.467768646265675
          ],
          [
            117.48656188752555,
            40.46781302823689
          ],
          [
            117.48657181768152,
            40.467857410157194
          ],
          [
            117.48658174785083,
            40.46790179207622
          ],
          [
            117.48659167803352,
            40.46794617399398
          ],
          [
            117.48660159643865,
            40.46799055596009
          ],
          [
            117.48661152671302,
            40.46803494688047
          ],
          [
            117.48662145693575,
            40.46807932879443
          ],
          [
            117.48663138717185,
            40.468123710707125
          ],
          [
            117.48664130563039,
            40.46816809266817
          ],
          [
            117.48665123589318,
            40.468212474578316
          ],
          [
            117.48666116616936,
            40.468256856487194
          ],
          [
            117.48667109652386,
            40.46830124739994
          ],
          [
            117.48668101503576,
            40.46834562935594
          ],
          [
            117.48669094535198,
            40.46839001126101
          ],
          [
            117.48670087568156,
            40.468434393164785
          ],
          [
            117.48670851540274,
            40.468468545554785
          ],
          [
            117.48673480631514,
            40.46850885115316
          ],
          [
            117.48676108540317,
            40.46854914778962
          ],
          [
            117.48678737637884,
            40.46858945337512
          ],
          [
            117.4868136673861,
            40.46862975895419
          ],
          [
            117.48683995835997,
            40.46867005552164
          ],
          [
            117.48686624943046,
            40.46871036108784
          ],
          [
            117.4868925286765,
            40.46875065769209
          ],
          [
            117.4869188198102,
            40.46879096324536
          ],
          [
            117.48694511097555,
            40.4688312687922
          ],
          [
            117.48697140210746,
            40.468871565327476
          ],
          [
            117.48699768154496,
            40.46891187091111
          ],
          [
            117.48702397280512,
            40.46895217643863
          ],
          [
            117.48705026403188,
            40.46899247295454
          ],
          [
            117.48707655535529,
            40.46903277846917
          ],
          [
            117.4871028467103,
            40.46907308397736
          ],
          [
            117.48712912624076,
            40.469113380523645
          ],
          [
            117.48715541765901,
            40.46915368601895
          ],
          [
            117.48718170910888,
            40.4691939915078
          ],
          [
            117.4872080005253,
            40.46923428798507
          ],
          [
            117.48723428024725,
            40.46927459351073
          ],
          [
            117.48726057172686,
            40.46931488997512
          ],
          [
            117.4872868633032,
            40.46935519543819
          ],
          [
            117.48731315491113,
            40.469395500894834
          ],
          [
            117.48733944648559,
            40.46943579733987
          ],
          [
            117.4873657263656,
            40.469476102833355
          ],
          [
            117.48739201806839,
            40.46951640827065
          ],
          [
            117.48741830973766,
            40.469556704696366
          ],
          [
            117.4874446015037,
            40.469597010120786
          ],
          [
            117.48747088151013,
            40.46963731558851
          ],
          [
            117.48749717327425,
            40.46967761199488
          ],
          [
            117.48752346513513,
            40.46971791739998
          ],
          [
            117.48754975702761,
            40.46975822279862
          ],
          [
            117.48757603709535,
            40.46979851923542
          ],
          [
            117.48760232905106,
            40.469838824621164
          ],
          [
            117.48762862103837,
            40.469879130000486
          ],
          [
            117.48765491299217,
            40.4699194263682
          ],
          [
            117.48768120504273,
            40.469959731734626
          ],
          [
            117.48770748526852,
            40.470000028139225
          ],
          [
            117.4877337773823,
            40.47004033349276
          ],
          [
            117.48776006952771,
            40.47008063883985
          ],
          [
            117.48778636163956,
            40.47012093517538
          ],
          [
            117.48781264205691,
            40.470161240559335
          ],
          [
            117.48783893429717,
            40.470201545887086
          ],
          [
            117.48786522650389,
            40.470241842203265
          ],
          [
            117.48789151880737,
            40.470282147518134
          ],
          [
            117.48791781114248,
            40.47032245282657
          ],
          [
            117.48794409165271,
            40.47036274917319
          ],
          [
            117.48797038405104,
            40.47040305446872
          ],
          [
            117.48799667648102,
            40.47044335975782
          ],
          [
            117.4880229688774,
            40.47048365603533
          ],
          [
            117.48804924957923,
            40.470523961361316
          ],
          [
            117.48807554210406,
            40.4705642666311
          ],
          [
            117.48810183459527,
            40.47060456288928
          ],
          [
            117.48812812718333,
            40.47064486814615
          ],
          [
            117.4881544197378,
            40.470685164391426
          ],
          [
            117.48816429293925,
            40.47070030581806
          ],
          [
            117.48819808405236,
            40.47073720235908
          ],
          [
            117.48823187520257,
            40.470774098889756
          ],
          [
            117.48826567818128,
            40.47081099536031
          ],
          [
            117.48829946940566,
            40.47084789187033
          ],
          [
            117.48833326060192,
            40.470884779364866
          ],
          [
            117.48836706369192,
            40.47092167580441
          ],
          [
            117.4884008550276,
            40.470958572283436
          ],
          [
            117.48843464640039,
            40.470995468752136
          ],
          [
            117.4884684496017,
            40.47103236516068
          ],
          [
            117.48850224104864,
            40.471069261608704
          ],
          [
            117.48853603246744,
            40.47110614904129
          ],
          [
            117.48856983578007,
            40.47114304541879
          ],
          [
            117.48860362733829,
            40.47117994183585
          ],
          [
            117.48863741893364,
            40.47121683824257
          ],
          [
            117.48867122235755,
            40.47125373458909
          ],
          [
            117.48870501402708,
            40.471290630975126
          ],
          [
            117.48872877400422,
            40.471316574161726
          ],
          [
            117.4887655132577,
            40.47135178305977
          ],
          [
            117.48880225261496,
            40.47138700095085
          ],
          [
            117.48883899201063,
            40.47142221882982
          ],
          [
            117.48887573144478,
            40.47145743669666
          ],
          [
            117.48891247085209,
            40.47149264554626
          ],
          [
            117.48894921036312,
            40.47152786338888
          ],
          [
            117.48898594991263,
            40.47156308121937
          ],
          [
            117.48902268943525,
            40.471598290032624
          ],
          [
            117.48905942906167,
            40.471633507838895
          ],
          [
            117.48909616872652,
            40.471668725633045
          ],
          [
            117.48913290842985,
            40.47170394341507
          ],
          [
            117.48916964810627,
            40.47173915217986
          ],
          [
            117.48920638788648,
            40.471774369937656
          ],
          [
            117.48924312770518,
            40.47180958768334
          ],
          [
            117.48927986756232,
            40.4718448054169
          ],
          [
            117.48931660739255,
            40.47188001413321
          ],
          [
            117.4893533473266,
            40.471915231842544
          ],
          [
            117.48939008729907,
            40.47195044953976
          ],
          [
            117.48942682724466,
            40.471985658219715
          ],
          [
            117.48946356729407,
            40.472020875892696
          ],
          [
            117.48950030738193,
            40.472056093553554
          ],
          [
            117.48953704750825,
            40.4720913112023
          ],
          [
            117.48957378760764,
            40.47212651983379
          ],
          [
            117.48961053960248,
            40.472161737408356
          ],
          [
            117.48964727984418,
            40.47219695502077
          ],
          [
            117.48968402012433,
            40.47223217262102
          ],
          [
            117.48972076037751,
            40.472267381204034
          ],
          [
            117.48975750073454,
            40.472302598780075
          ],
          [
            117.48977121601418,
            40.47231574259438
          ],
          [
            117.48981020995473,
            40.47234950973854
          ],
          [
            117.48984921572604,
            40.47238327681915
          ],
          [
            117.4898882215365,
            40.472417043886175
          ],
          [
            117.48992722738606,
            40.472450810939606
          ],
          [
            117.48996623327474,
            40.472484577979465
          ],
          [
            117.49000523913709,
            40.4725183360006
          ],
          [
            117.49004423331228,
            40.472552103063265
          ],
          [
            117.49008323931831,
            40.47258587006234
          ],
          [
            117.49012224536342,
            40.47261963704784
          ],
          [
            117.49016125144767,
            40.472653404019745
          ],
          [
            117.49020025757103,
            40.47268717097805
          ],
          [
            117.49023925194179,
            40.4727209379728
          ],
          [
            117.4902782580779,
            40.4727546958988
          ],
          [
            117.4903172643186,
            40.472788462816375
          ],
          [
            117.49035627059841,
            40.47282222972032
          ],
          [
            117.49039527691734,
            40.47285599661071
          ],
          [
            117.49043428327539,
            40.47288976348748
          ],
          [
            117.4904732778808,
            40.47292353040073
          ],
          [
            117.49051228431709,
            40.47295729725034
          ],
          [
            117.49055129079248,
            40.472991064086365
          ],
          [
            117.49059029724145,
            40.47302482190365
          ],
          [
            117.49062930379509,
            40.4730585887125
          ],
          [
            117.49066831038783,
            40.473092355507745
          ],
          [
            117.49070730522787,
            40.47312612233945
          ],
          [
            117.49074631189885,
            40.473159889107535
          ],
          [
            117.49078531860896,
            40.47319365586201
          ],
          [
            117.49082432535815,
            40.47322742260291
          ],
          [
            117.49086333208089,
            40.473261180325096
          ],
          [
            117.49090232711652,
            40.47329494708889
          ],
          [
            117.49094133398305,
            40.47332871378904
          ],
          [
            117.49098034088873,
            40.473362480475544
          ],
          [
            117.4910193478335,
            40.47339624714849
          ],
          [
            117.49102763101988,
            40.47340341628557
          ],
          [
            117.4910672129264,
            40.47343678426156
          ],
          [
            117.49110679487212,
            40.47347015222356
          ],
          [
            117.49114638871457,
            40.4735035291266
          ],
          [
            117.49118597073874,
            40.47353689706064
          ],
          [
            117.49122555280213,
            40.4735702649807
          ],
          [
            117.49126513490476,
            40.4736036328868
          ],
          [
            117.49130472883849,
            40.473637000728765
          ],
          [
            117.49134431108519,
            40.47367037761203
          ],
          [
            117.4913838933055,
            40.473703745476165
          ],
          [
            117.49142347556499,
            40.473737113326344
          ],
          [
            117.49146306965562,
            40.473770481112375
          ],
          [
            117.49150265199356,
            40.4738038489346
          ]
        ]
      }
    },
    {
      "type": "Feature",
      "properties": {
        "Id": "CP-CONN-23",
        "road_name": "???????",
        "roadRole": "connector",
        "source": "RoadCenterLine.geojson",
        "sourceLayer": "RoadCenterLine",
        "sourceRecordNumber": 23,
        "segmentLengthMeters": 561.4,
        "speedUnit": "km/h",
        "speeds": {
          "2026-02-13T00:00:00": 84.8,
          "2026-02-13T00:15:00": 87.3,
          "2026-02-13T00:30:00": 86.2,
          "2026-02-13T00:45:00": 87.2,
          "2026-02-13T01:00:00": 86.6,
          "2026-02-13T01:15:00": 85.1,
          "2026-02-13T01:30:00": 84.6,
          "2026-02-13T01:45:00": 86.4,
          "2026-02-13T02:00:00": 86.8,
          "2026-02-13T02:15:00": 86.2,
          "2026-02-13T02:30:00": 83,
          "2026-02-13T02:45:00": 84.5,
          "2026-02-13T03:00:00": 84.3,
          "2026-02-13T03:15:00": 83.4,
          "2026-02-13T03:30:00": 84.2,
          "2026-02-13T03:45:00": 86.7,
          "2026-02-13T04:00:00": 86.2,
          "2026-02-13T04:15:00": 86.5,
          "2026-02-13T04:30:00": 86.3,
          "2026-02-13T04:45:00": 83,
          "2026-02-13T05:00:00": 85.2,
          "2026-02-13T05:15:00": 82.4,
          "2026-02-13T05:30:00": 85.4,
          "2026-02-13T05:45:00": 81.9,
          "2026-02-13T06:00:00": 83.2,
          "2026-02-13T06:15:00": 84,
          "2026-02-13T06:30:00": 79.6,
          "2026-02-13T06:45:00": 78.5,
          "2026-02-13T07:00:00": 77.5,
          "2026-02-13T07:15:00": 76.5,
          "2026-02-13T07:30:00": 73.9,
          "2026-02-13T07:45:00": 73.1,
          "2026-02-13T08:00:00": 75.2,
          "2026-02-13T08:15:00": 73.4,
          "2026-02-13T08:30:00": 72.7,
          "2026-02-13T08:45:00": 71.4,
          "2026-02-13T09:00:00": 73.4,
          "2026-02-13T09:15:00": 73.1,
          "2026-02-13T09:30:00": 72,
          "2026-02-13T09:45:00": 69.9,
          "2026-02-13T10:00:00": 68.4,
          "2026-02-13T10:15:00": 65.7,
          "2026-02-13T10:30:00": 66.5,
          "2026-02-13T10:45:00": 62.4,
          "2026-02-13T11:00:00": 62.1,
          "2026-02-13T11:15:00": 59.8,
          "2026-02-13T11:30:00": 58.5,
          "2026-02-13T11:45:00": 59.5,
          "2026-02-13T12:00:00": 62.2,
          "2026-02-13T12:15:00": 61.9,
          "2026-02-13T12:30:00": 64.7,
          "2026-02-13T12:45:00": 68.2,
          "2026-02-13T13:00:00": 71.9,
          "2026-02-13T13:15:00": 75.9,
          "2026-02-13T13:30:00": 77.7,
          "2026-02-13T13:45:00": 79.2,
          "2026-02-13T14:00:00": 79.9,
          "2026-02-13T14:15:00": 79.1,
          "2026-02-13T14:30:00": 80.8,
          "2026-02-13T14:45:00": 81,
          "2026-02-13T15:00:00": 78.7,
          "2026-02-13T15:15:00": 78.4,
          "2026-02-13T15:30:00": 81.4,
          "2026-02-13T15:45:00": 77.2,
          "2026-02-13T16:00:00": 77,
          "2026-02-13T16:15:00": 76.1,
          "2026-02-13T16:30:00": 77.1,
          "2026-02-13T16:45:00": 74,
          "2026-02-13T17:00:00": 72.5,
          "2026-02-13T17:15:00": 70.1,
          "2026-02-13T17:30:00": 69.4,
          "2026-02-13T17:45:00": 64.9,
          "2026-02-13T18:00:00": 60.6,
          "2026-02-13T18:15:00": 61.6,
          "2026-02-13T18:30:00": 56.5,
          "2026-02-13T18:45:00": 56.1,
          "2026-02-13T19:00:00": 56.3,
          "2026-02-13T19:15:00": 58.9,
          "2026-02-13T19:30:00": 59.1,
          "2026-02-13T19:45:00": 62.2,
          "2026-02-13T20:00:00": 63.5,
          "2026-02-13T20:15:00": 69.5,
          "2026-02-13T20:30:00": 68.9,
          "2026-02-13T20:45:00": 74.6,
          "2026-02-13T21:00:00": 76.1,
          "2026-02-13T21:15:00": 80.7,
          "2026-02-13T21:30:00": 78.3,
          "2026-02-13T21:45:00": 83.1,
          "2026-02-13T22:00:00": 83.9,
          "2026-02-13T22:15:00": 81.9,
          "2026-02-13T22:30:00": 83.9,
          "2026-02-13T22:45:00": 86.5,
          "2026-02-13T23:00:00": 85.8,
          "2026-02-13T23:15:00": 85.6,
          "2026-02-13T23:30:00": 82.5,
          "2026-02-13T23:45:00": 86.2
        },
        "traffic_level": {
          "2026-02-13T00:00:00": 2,
          "2026-02-13T00:15:00": 2,
          "2026-02-13T00:30:00": 2,
          "2026-02-13T00:45:00": 2,
          "2026-02-13T01:00:00": 2,
          "2026-02-13T01:15:00": 2,
          "2026-02-13T01:30:00": 2,
          "2026-02-13T01:45:00": 2,
          "2026-02-13T02:00:00": 2,
          "2026-02-13T02:15:00": 2,
          "2026-02-13T02:30:00": 2,
          "2026-02-13T02:45:00": 2,
          "2026-02-13T03:00:00": 2,
          "2026-02-13T03:15:00": 2,
          "2026-02-13T03:30:00": 2,
          "2026-02-13T03:45:00": 2,
          "2026-02-13T04:00:00": 2,
          "2026-02-13T04:15:00": 2,
          "2026-02-13T04:30:00": 2,
          "2026-02-13T04:45:00": 2,
          "2026-02-13T05:00:00": 2,
          "2026-02-13T05:15:00": 2,
          "2026-02-13T05:30:00": 2,
          "2026-02-13T05:45:00": 2,
          "2026-02-13T06:00:00": 2,
          "2026-02-13T06:15:00": 2,
          "2026-02-13T06:30:00": 2,
          "2026-02-13T06:45:00": 2,
          "2026-02-13T07:00:00": 2,
          "2026-02-13T07:15:00": 2,
          "2026-02-13T07:30:00": 2,
          "2026-02-13T07:45:00": 2,
          "2026-02-13T08:00:00": 2,
          "2026-02-13T08:15:00": 2,
          "2026-02-13T08:30:00": 2,
          "2026-02-13T08:45:00": 2,
          "2026-02-13T09:00:00": 2,
          "2026-02-13T09:15:00": 2,
          "2026-02-13T09:30:00": 2,
          "2026-02-13T09:45:00": 3,
          "2026-02-13T10:00:00": 3,
          "2026-02-13T10:15:00": 3,
          "2026-02-13T10:30:00": 3,
          "2026-02-13T10:45:00": 3,
          "2026-02-13T11:00:00": 3,
          "2026-02-13T11:15:00": 3,
          "2026-02-13T11:30:00": 3,
          "2026-02-13T11:45:00": 3,
          "2026-02-13T12:00:00": 3,
          "2026-02-13T12:15:00": 3,
          "2026-02-13T12:30:00": 3,
          "2026-02-13T12:45:00": 3,
          "2026-02-13T13:00:00": 2,
          "2026-02-13T13:15:00": 2,
          "2026-02-13T13:30:00": 2,
          "2026-02-13T13:45:00": 2,
          "2026-02-13T14:00:00": 2,
          "2026-02-13T14:15:00": 2,
          "2026-02-13T14:30:00": 2,
          "2026-02-13T14:45:00": 2,
          "2026-02-13T15:00:00": 2,
          "2026-02-13T15:15:00": 2,
          "2026-02-13T15:30:00": 2,
          "2026-02-13T15:45:00": 2,
          "2026-02-13T16:00:00": 2,
          "2026-02-13T16:15:00": 2,
          "2026-02-13T16:30:00": 2,
          "2026-02-13T16:45:00": 2,
          "2026-02-13T17:00:00": 2,
          "2026-02-13T17:15:00": 2,
          "2026-02-13T17:30:00": 3,
          "2026-02-13T17:45:00": 3,
          "2026-02-13T18:00:00": 3,
          "2026-02-13T18:15:00": 3,
          "2026-02-13T18:30:00": 3,
          "2026-02-13T18:45:00": 3,
          "2026-02-13T19:00:00": 3,
          "2026-02-13T19:15:00": 3,
          "2026-02-13T19:30:00": 3,
          "2026-02-13T19:45:00": 3,
          "2026-02-13T20:00:00": 3,
          "2026-02-13T20:15:00": 3,
          "2026-02-13T20:30:00": 3,
          "2026-02-13T20:45:00": 2,
          "2026-02-13T21:00:00": 2,
          "2026-02-13T21:15:00": 2,
          "2026-02-13T21:30:00": 2,
          "2026-02-13T21:45:00": 2,
          "2026-02-13T22:00:00": 2,
          "2026-02-13T22:15:00": 2,
          "2026-02-13T22:30:00": 2,
          "2026-02-13T22:45:00": 2,
          "2026-02-13T23:00:00": 2,
          "2026-02-13T23:15:00": 2,
          "2026-02-13T23:30:00": 2,
          "2026-02-13T23:45:00": 2
        }
      },
      "geometry": {
        "type": "LineString",
        "coordinates": [
          [
            117.41230113993402,
            40.39873497026221
          ],
          [
            117.41232375595732,
            40.39873303447834
          ],
          [
            117.4123886666682,
            40.398726517132935
          ],
          [
            117.41245332132567,
            40.39871857778927
          ],
          [
            117.41251763741828,
            40.3987092077366
          ],
          [
            117.41258157977016,
            40.39869843411763
          ],
          [
            117.4126450894829,
            40.39868625714314
          ],
          [
            117.41270810776815,
            40.39867269503476
          ],
          [
            117.41277059923053,
            40.39865773891409
          ],
          [
            117.41283249341309,
            40.39864142505569
          ],
          [
            117.41289375492074,
            40.39862374458136
          ],
          [
            117.41294400273911,
            40.3986002588123
          ],
          [
            117.41299425052243,
            40.398576773021496
          ],
          [
            117.41304449827071,
            40.39855328720896
          ],
          [
            117.41309474592889,
            40.398529792369295
          ],
          [
            117.4131449936071,
            40.398506306513205
          ],
          [
            117.41319524125028,
            40.398482820635394
          ],
          [
            117.41324548885838,
            40.3984593347358
          ],
          [
            117.41329573637643,
            40.3984358398091
          ],
          [
            117.41332366731753,
            40.39842278100294
          ],
          [
            117.41336722969064,
            40.3983924747365
          ],
          [
            117.41341078024578,
            40.39836216849578
          ],
          [
            117.41345434254072,
            40.3983318621966
          ],
          [
            117.4134978930177,
            40.398301555923155
          ],
          [
            117.41354145523445,
            40.3982712495912
          ],
          [
            117.41357462526844,
            40.39824815782734
          ],
          [
            117.4136111599759,
            40.39821284250706
          ],
          [
            117.41364768281132,
            40.39817751821198
          ],
          [
            117.4136842056086,
            40.39814219390535
          ],
          [
            117.41372072836779,
            40.39810686958716
          ],
          [
            117.41375725114398,
            40.39807155426274
          ],
          [
            117.41379378560572,
            40.398036229879274
          ],
          [
            117.41383030825054,
            40.39800090552639
          ],
          [
            117.41386683085726,
            40.397965581161934
          ],
          [
            117.41390335348098,
            40.39793026579129
          ],
          [
            117.41393987601145,
            40.397894941403706
          ],
          [
            117.41397641028259,
            40.39785961696241
          ],
          [
            117.41400912708474,
            40.39782797143231
          ],
          [
            117.41403032437722,
            40.39780408488777
          ],
          [
            117.41405304624648,
            40.39778103039531
          ],
          [
            117.41407725774174,
            40.39775887111803
          ],
          [
            117.41410287679729,
            40.39773767038766
          ],
          [
            117.41412984473985,
            40.39771746443559
          ],
          [
            117.41415810306181,
            40.39769831650919
          ],
          [
            117.41418758136686,
            40.39768027188742
          ],
          [
            117.41421818564619,
            40.397663366928235
          ],
          [
            117.41424986911665,
            40.397647655831626
          ],
          [
            117.41428252599124,
            40.397633174997885
          ],
          [
            117.41429728355128,
            40.3976271604565
          ],
          [
            117.41433129987394,
            40.39761347623131
          ],
          [
            117.41436614869951,
            40.39760109481617
          ],
          [
            117.41440174763368,
            40.39759002551117
          ],
          [
            117.4144380144478,
            40.39758030463251
          ],
          [
            117.41447485507956,
            40.39757195953338
          ],
          [
            117.41451219891388,
            40.397564999471854
          ],
          [
            117.41454994005477,
            40.3975594428382
          ],
          [
            117.41458798444029,
            40.3975553169859
          ],
          [
            117.41462624956654,
            40.39755261320496
          ],
          [
            117.41466465315048,
            40.39755135880682
          ],
          [
            117.41470307729683,
            40.39755153620312
          ],
          [
            117.41474145139088,
            40.39755315465262
          ],
          [
            117.41477968115002,
            40.39755620548803
          ],
          [
            117.41481766056806,
            40.39756068908977
          ],
          [
            117.41485530714098,
            40.39756659674856
          ],
          [
            117.41489252647544,
            40.39757390178676
          ],
          [
            117.41492923601186,
            40.397582586489946
          ],
          [
            117.41496535330117,
            40.3975926511545
          ],
          [
            117.41500077200492,
            40.39760404212933
          ],
          [
            117.41503542145243,
            40.397616759668765
          ],
          [
            117.41506920708362,
            40.39763075007965
          ],
          [
            117.41510206989545,
            40.397645995563465
          ],
          [
            117.41513390360394,
            40.39766245147487
          ],
          [
            117.41516464909502,
            40.39768008200477
          ],
          [
            117.41518490420215,
            40.397692725101926
          ],
          [
            117.41521499210617,
            40.39771260035888
          ],
          [
            117.41524381439497,
            40.397733533800995
          ],
          [
            117.41527131200885,
            40.39775549862473
          ],
          [
            117.41529742561133,
            40.39777842299977
          ],
          [
            117.41532207258473,
            40.39780228020718
          ],
          [
            117.41534522887297,
            40.39782698928442
          ],
          [
            117.41536682363652,
            40.397852523470235
          ],
          [
            117.4153868092612,
            40.39787880188669
          ],
          [
            117.41540513829864,
            40.3979057706718
          ],
          [
            117.415421786913,
            40.397933384884304
          ],
          [
            117.41543669571061,
            40.39796156368845
          ],
          [
            117.41544984079995,
            40.397990253137486
          ],
          [
            117.41546119817859,
            40.39801938127395
          ],
          [
            117.41547013044801,
            40.39804681607572
          ],
          [
            117.41548475725251,
            40.39809043138075
          ],
          [
            117.41549937235264,
            40.39813405573119
          ],
          [
            117.4155139874165,
            40.39817767107401
          ],
          [
            117.41552861427832,
            40.398221286372234
          ],
          [
            117.41554322943571,
            40.39826491071587
          ],
          [
            117.41554444119089,
            40.39826849957131
          ],
          [
            117.41554544831197,
            40.39831352364727
          ],
          [
            117.41554645543464,
            40.39835854772288
          ],
          [
            117.41554747428243,
            40.39840356275043
          ],
          [
            117.41554848140832,
            40.398448586825324
          ],
          [
            117.41554950025933,
            40.398493601852145
          ],
          [
            117.4155505073884,
            40.3985386259263
          ],
          [
            117.415551526298,
            40.39858364995773
          ],
          [
            117.41555253337492,
            40.3986286650258
          ],
          [
            117.41555354050881,
            40.39867368909883
          ],
          [
            117.41555455936786,
            40.398718704123844
          ],
          [
            117.41555556650496,
            40.39876372819615
          ],
          [
            117.41555658542259,
            40.39880875222575
          ],
          [
            117.4155575925075,
            40.39885376729198
          ],
          [
            117.41555861142837,
            40.398898791320875
          ],
          [
            117.41555961851648,
            40.39894380638638
          ],
          [
            117.41556062566157,
            40.39898883045686
          ],
          [
            117.41556164458724,
            40.399033854484614
          ],
          [
            117.41556265168016,
            40.39907886954903
          ],
          [
            117.41556367060907,
            40.399123893576075
          ],
          [
            117.41556467776057,
            40.39916891764509
          ],
          [
            117.41556569663732,
            40.39921393266604
          ],
          [
            117.41556670379202,
            40.39925895673434
          ],
          [
            117.41556772267197,
            40.39930397175456
          ],
          [
            117.41556872982989,
            40.399348995822116
          ],
          [
            117.41556957396008,
            40.39938666295122
          ],
          [
            117.41557228880703,
            40.39943163585308
          ],
          [
            117.41557499193415,
            40.399476617802186
          ],
          [
            117.4155777068442,
            40.39952159970853
          ],
          [
            117.41558040997903,
            40.399566581656785
          ],
          [
            117.41558311306233,
            40.39961155459927
          ],
          [
            117.41558582798395,
            40.3996565365043
          ],
          [
            117.41558853113035,
            40.399701518451245
          ],
          [
            117.41558984227315,
            40.399723181060494
          ],
          [
            117.4155990445056,
            40.399767653349116
          ],
          [
            117.4156082467504,
            40.399812125636615
          ],
          [
            117.41561744906292,
            40.399856606928296
          ],
          [
            117.41562323993892,
            40.39988459333252
          ],
          [
            117.41563971424905,
            40.399927823730216
          ],
          [
            117.41565620030423,
            40.39997104507747
          ],
          [
            117.4156695737308,
            40.40000613660646
          ]
        ]
      }
    },
    {
      "type": "Feature",
      "properties": {
        "Id": "CP-CONN-24",
        "road_name": "???????",
        "roadRole": "connector",
        "source": "RoadCenterLine.geojson",
        "sourceLayer": "RoadCenterLine",
        "sourceRecordNumber": 24,
        "segmentLengthMeters": 345.3,
        "speedUnit": "km/h",
        "speeds": {
          "2026-02-13T00:00:00": 75,
          "2026-02-13T00:15:00": 74.5,
          "2026-02-13T00:30:00": 74.5,
          "2026-02-13T00:45:00": 71.6,
          "2026-02-13T01:00:00": 73.6,
          "2026-02-13T01:15:00": 72.1,
          "2026-02-13T01:30:00": 74.9,
          "2026-02-13T01:45:00": 75,
          "2026-02-13T02:00:00": 75.5,
          "2026-02-13T02:15:00": 74.5,
          "2026-02-13T02:30:00": 71.3,
          "2026-02-13T02:45:00": 73.4,
          "2026-02-13T03:00:00": 73.3,
          "2026-02-13T03:15:00": 72,
          "2026-02-13T03:30:00": 71.2,
          "2026-02-13T03:45:00": 73.5,
          "2026-02-13T04:00:00": 70.9,
          "2026-02-13T04:15:00": 71,
          "2026-02-13T04:30:00": 70.1,
          "2026-02-13T04:45:00": 70.8,
          "2026-02-13T05:00:00": 73.4,
          "2026-02-13T05:15:00": 73,
          "2026-02-13T05:30:00": 72.6,
          "2026-02-13T05:45:00": 70,
          "2026-02-13T06:00:00": 71,
          "2026-02-13T06:15:00": 70.7,
          "2026-02-13T06:30:00": 69.7,
          "2026-02-13T06:45:00": 67.2,
          "2026-02-13T07:00:00": 64.9,
          "2026-02-13T07:15:00": 64.5,
          "2026-02-13T07:30:00": 63.9,
          "2026-02-13T07:45:00": 60.7,
          "2026-02-13T08:00:00": 61.5,
          "2026-02-13T08:15:00": 62.9,
          "2026-02-13T08:30:00": 59.7,
          "2026-02-13T08:45:00": 60.4,
          "2026-02-13T09:00:00": 63.7,
          "2026-02-13T09:15:00": 60.8,
          "2026-02-13T09:30:00": 60.4,
          "2026-02-13T09:45:00": 60.9,
          "2026-02-13T10:00:00": 60.9,
          "2026-02-13T10:15:00": 58.8,
          "2026-02-13T10:30:00": 56.6,
          "2026-02-13T10:45:00": 51.6,
          "2026-02-13T11:00:00": 51.4,
          "2026-02-13T11:15:00": 52,
          "2026-02-13T11:30:00": 51,
          "2026-02-13T11:45:00": 52.6,
          "2026-02-13T12:00:00": 50.5,
          "2026-02-13T12:15:00": 53.7,
          "2026-02-13T12:30:00": 54.7,
          "2026-02-13T12:45:00": 58.1,
          "2026-02-13T13:00:00": 63.3,
          "2026-02-13T13:15:00": 62.8,
          "2026-02-13T13:30:00": 65.7,
          "2026-02-13T13:45:00": 66.5,
          "2026-02-13T14:00:00": 67.2,
          "2026-02-13T14:15:00": 67.5,
          "2026-02-13T14:30:00": 69.5,
          "2026-02-13T14:45:00": 67.5,
          "2026-02-13T15:00:00": 67.7,
          "2026-02-13T15:15:00": 67.9,
          "2026-02-13T15:30:00": 70.8,
          "2026-02-13T15:45:00": 67.7,
          "2026-02-13T16:00:00": 69.3,
          "2026-02-13T16:15:00": 68.2,
          "2026-02-13T16:30:00": 65.7,
          "2026-02-13T16:45:00": 63.1,
          "2026-02-13T17:00:00": 60.4,
          "2026-02-13T17:15:00": 60.7,
          "2026-02-13T17:30:00": 55.3,
          "2026-02-13T17:45:00": 53.8,
          "2026-02-13T18:00:00": 52.4,
          "2026-02-13T18:15:00": 46.3,
          "2026-02-13T18:30:00": 46.9,
          "2026-02-13T18:45:00": 45.4,
          "2026-02-13T19:00:00": 44.5,
          "2026-02-13T19:15:00": 44.4,
          "2026-02-13T19:30:00": 47.4,
          "2026-02-13T19:45:00": 49.9,
          "2026-02-13T20:00:00": 52.2,
          "2026-02-13T20:15:00": 54.7,
          "2026-02-13T20:30:00": 58.9,
          "2026-02-13T20:45:00": 61.1,
          "2026-02-13T21:00:00": 63.3,
          "2026-02-13T21:15:00": 68.1,
          "2026-02-13T21:30:00": 70.2,
          "2026-02-13T21:45:00": 70.4,
          "2026-02-13T22:00:00": 72.6,
          "2026-02-13T22:15:00": 74.5,
          "2026-02-13T22:30:00": 70.9,
          "2026-02-13T22:45:00": 72.9,
          "2026-02-13T23:00:00": 75.3,
          "2026-02-13T23:15:00": 73,
          "2026-02-13T23:30:00": 74.4,
          "2026-02-13T23:45:00": 72.3
        },
        "traffic_level": {
          "2026-02-13T00:00:00": 2,
          "2026-02-13T00:15:00": 2,
          "2026-02-13T00:30:00": 2,
          "2026-02-13T00:45:00": 2,
          "2026-02-13T01:00:00": 2,
          "2026-02-13T01:15:00": 2,
          "2026-02-13T01:30:00": 2,
          "2026-02-13T01:45:00": 2,
          "2026-02-13T02:00:00": 2,
          "2026-02-13T02:15:00": 2,
          "2026-02-13T02:30:00": 2,
          "2026-02-13T02:45:00": 2,
          "2026-02-13T03:00:00": 2,
          "2026-02-13T03:15:00": 2,
          "2026-02-13T03:30:00": 2,
          "2026-02-13T03:45:00": 2,
          "2026-02-13T04:00:00": 2,
          "2026-02-13T04:15:00": 2,
          "2026-02-13T04:30:00": 2,
          "2026-02-13T04:45:00": 2,
          "2026-02-13T05:00:00": 2,
          "2026-02-13T05:15:00": 2,
          "2026-02-13T05:30:00": 2,
          "2026-02-13T05:45:00": 2,
          "2026-02-13T06:00:00": 2,
          "2026-02-13T06:15:00": 2,
          "2026-02-13T06:30:00": 3,
          "2026-02-13T06:45:00": 3,
          "2026-02-13T07:00:00": 3,
          "2026-02-13T07:15:00": 3,
          "2026-02-13T07:30:00": 3,
          "2026-02-13T07:45:00": 3,
          "2026-02-13T08:00:00": 3,
          "2026-02-13T08:15:00": 3,
          "2026-02-13T08:30:00": 3,
          "2026-02-13T08:45:00": 3,
          "2026-02-13T09:00:00": 3,
          "2026-02-13T09:15:00": 3,
          "2026-02-13T09:30:00": 3,
          "2026-02-13T09:45:00": 3,
          "2026-02-13T10:00:00": 3,
          "2026-02-13T10:15:00": 3,
          "2026-02-13T10:30:00": 3,
          "2026-02-13T10:45:00": 3,
          "2026-02-13T11:00:00": 3,
          "2026-02-13T11:15:00": 3,
          "2026-02-13T11:30:00": 3,
          "2026-02-13T11:45:00": 3,
          "2026-02-13T12:00:00": 3,
          "2026-02-13T12:15:00": 3,
          "2026-02-13T12:30:00": 3,
          "2026-02-13T12:45:00": 3,
          "2026-02-13T13:00:00": 3,
          "2026-02-13T13:15:00": 3,
          "2026-02-13T13:30:00": 3,
          "2026-02-13T13:45:00": 3,
          "2026-02-13T14:00:00": 3,
          "2026-02-13T14:15:00": 3,
          "2026-02-13T14:30:00": 3,
          "2026-02-13T14:45:00": 3,
          "2026-02-13T15:00:00": 3,
          "2026-02-13T15:15:00": 3,
          "2026-02-13T15:30:00": 2,
          "2026-02-13T15:45:00": 3,
          "2026-02-13T16:00:00": 3,
          "2026-02-13T16:15:00": 3,
          "2026-02-13T16:30:00": 3,
          "2026-02-13T16:45:00": 3,
          "2026-02-13T17:00:00": 3,
          "2026-02-13T17:15:00": 3,
          "2026-02-13T17:30:00": 3,
          "2026-02-13T17:45:00": 3,
          "2026-02-13T18:00:00": 3,
          "2026-02-13T18:15:00": 4,
          "2026-02-13T18:30:00": 4,
          "2026-02-13T18:45:00": 4,
          "2026-02-13T19:00:00": 4,
          "2026-02-13T19:15:00": 4,
          "2026-02-13T19:30:00": 4,
          "2026-02-13T19:45:00": 4,
          "2026-02-13T20:00:00": 3,
          "2026-02-13T20:15:00": 3,
          "2026-02-13T20:30:00": 3,
          "2026-02-13T20:45:00": 3,
          "2026-02-13T21:00:00": 3,
          "2026-02-13T21:15:00": 3,
          "2026-02-13T21:30:00": 2,
          "2026-02-13T21:45:00": 2,
          "2026-02-13T22:00:00": 2,
          "2026-02-13T22:15:00": 2,
          "2026-02-13T22:30:00": 2,
          "2026-02-13T22:45:00": 2,
          "2026-02-13T23:00:00": 2,
          "2026-02-13T23:15:00": 2,
          "2026-02-13T23:30:00": 2,
          "2026-02-13T23:45:00": 2
        }
      },
      "geometry": {
        "type": "LineString",
        "coordinates": [
          [
            117.4157719541244,
            40.39998213799685
          ],
          [
            117.41575208069591,
            40.39993975735504
          ],
          [
            117.41573584767946,
            40.399905126393364
          ],
          [
            117.41573954093614,
            40.39986019349843
          ],
          [
            117.41574322235363,
            40.39981525164006
          ],
          [
            117.41574691554561,
            40.3997703097389
          ],
          [
            117.41575059700924,
            40.39972537688498
          ],
          [
            117.4157542901919,
            40.39968043498293
          ],
          [
            117.41575523234138,
            40.39966891351376
          ],
          [
            117.41577582229164,
            40.39962672958955
          ],
          [
            117.41579640038188,
            40.399584536698534
          ],
          [
            117.41581699028109,
            40.39954235276662
          ],
          [
            117.4158375801548,
            40.399500168830876
          ],
          [
            117.41584011607624,
            40.399494972521694
          ],
          [
            117.41588147623358,
            40.39946290814866
          ],
          [
            117.4159228246281,
            40.39943085280855
          ],
          [
            117.41596418476242,
            40.3993987974113
          ],
          [
            117.4160055448575,
            40.399366741999295
          ],
          [
            117.41604690491337,
            40.39933468657249
          ],
          [
            117.41608826492998,
            40.39930263113092
          ],
          [
            117.41612962490738,
            40.39927057567455
          ],
          [
            117.41616556861193,
            40.39924270926083
          ],
          [
            117.41622151600903,
            40.399228639360864
          ],
          [
            117.41627746332719,
            40.39921456042857
          ],
          [
            117.4163334106773,
            40.39920049047461
          ],
          [
            117.4163893462249,
            40.3991864205361
          ],
          [
            117.41644529347252,
            40.399172341522835
          ],
          [
            117.41650124075211,
            40.39915827148792
          ],
          [
            117.41655718800821,
            40.39914420142603
          ],
          [
            117.4166131351853,
            40.399130122331805
          ],
          [
            117.41665355782189,
            40.39911995352108
          ],
          [
            117.41671220497372,
            40.399115842785704
          ],
          [
            117.41677085206265,
            40.399111723015295
          ],
          [
            117.41682949919972,
            40.39910761222051
          ],
          [
            117.41688814632941,
            40.39910350139598
          ],
          [
            117.41694679339615,
            40.399099381536445
          ],
          [
            117.41700545229006,
            40.39909527061002
          ],
          [
            117.417064099342,
            40.399091150691035
          ],
          [
            117.4171227464421,
            40.399087039747656
          ],
          [
            117.41718139347924,
            40.39908291976925
          ],
          [
            117.4172400405646,
            40.39907880876647
          ],
          [
            117.41729869936594,
            40.399074688686106
          ],
          [
            117.41735734643648,
            40.3990705776239
          ],
          [
            117.41741599344405,
            40.399066457526615
          ],
          [
            117.4174746404998,
            40.399062346404975
          ],
          [
            117.41753328749256,
            40.399058226248286
          ],
          [
            117.41755489303176,
            40.39905670734488
          ],
          [
            117.41761362753084,
            40.39905340633536
          ],
          [
            117.41767236202392,
            40.399050105296034
          ],
          [
            117.41773110823436,
            40.399046795179004
          ],
          [
            117.41778984271545,
            40.399043494080054
          ],
          [
            117.41784857713489,
            40.399040183945964
          ],
          [
            117.417907311604,
            40.3990368827874
          ],
          [
            117.4179660460671,
            40.39903358159903
          ],
          [
            117.41802479224752,
            40.39903027133294
          ],
          [
            117.41808352669864,
            40.399026970084954
          ],
          [
            117.41814226114377,
            40.39902366880716
          ],
          [
            117.41820099552719,
            40.39902035849421
          ],
          [
            117.41825972996031,
            40.399017057156804
          ],
          [
            117.4183184761107,
            40.39901374674163
          ],
          [
            117.41837721053184,
            40.39901044534461
          ],
          [
            117.41843594494699,
            40.399007143917764
          ],
          [
            117.4184946793004,
            40.399003833455794
          ],
          [
            117.41855341370355,
            40.39900053196934
          ],
          [
            117.4186121598797,
            40.39899723041042
          ],
          [
            117.4186708942151,
            40.398993919859016
          ],
          [
            117.41872962860026,
            40.39899061828314
          ],
          [
            117.41878836292362,
            40.398987307672115
          ],
          [
            117.4188470972968,
            40.39898400603661
          ],
          [
            117.41890584344297,
            40.39898070432865
          ],
          [
            117.41896457774831,
            40.398977393628186
          ],
          [
            117.4190233121035,
            40.398974091903256
          ],
          [
            117.41908204639687,
            40.398970781143184
          ],
          [
            117.41908520215554,
            40.398970607606074
          ]
        ]
      }
    },
    {
      "type": "Feature",
      "properties": {
        "Id": "CP-CONN-25",
        "road_name": "???????",
        "roadRole": "connector",
        "source": "RoadCenterLine.geojson",
        "sourceLayer": "RoadCenterLine",
        "sourceRecordNumber": 25,
        "segmentLengthMeters": 74.2,
        "speedUnit": "km/h",
        "speeds": {
          "2026-02-13T00:00:00": 76.5,
          "2026-02-13T00:15:00": 77.6,
          "2026-02-13T00:30:00": 78.6,
          "2026-02-13T00:45:00": 76.2,
          "2026-02-13T01:00:00": 76.4,
          "2026-02-13T01:15:00": 79.3,
          "2026-02-13T01:30:00": 76.5,
          "2026-02-13T01:45:00": 79.2,
          "2026-02-13T02:00:00": 75.5,
          "2026-02-13T02:15:00": 78.6,
          "2026-02-13T02:30:00": 75.5,
          "2026-02-13T02:45:00": 78,
          "2026-02-13T03:00:00": 78,
          "2026-02-13T03:15:00": 76.4,
          "2026-02-13T03:30:00": 78.7,
          "2026-02-13T03:45:00": 76.2,
          "2026-02-13T04:00:00": 75.9,
          "2026-02-13T04:15:00": 75.8,
          "2026-02-13T04:30:00": 74.2,
          "2026-02-13T04:45:00": 74.5,
          "2026-02-13T05:00:00": 77.4,
          "2026-02-13T05:15:00": 74.9,
          "2026-02-13T05:30:00": 75.8,
          "2026-02-13T05:45:00": 74,
          "2026-02-13T06:00:00": 74.8,
          "2026-02-13T06:15:00": 73.4,
          "2026-02-13T06:30:00": 71.4,
          "2026-02-13T06:45:00": 72,
          "2026-02-13T07:00:00": 72.9,
          "2026-02-13T07:15:00": 68.6,
          "2026-02-13T07:30:00": 69.9,
          "2026-02-13T07:45:00": 64.4,
          "2026-02-13T08:00:00": 63.9,
          "2026-02-13T08:15:00": 64,
          "2026-02-13T08:30:00": 62.8,
          "2026-02-13T08:45:00": 65.3,
          "2026-02-13T09:00:00": 65.2,
          "2026-02-13T09:15:00": 63.9,
          "2026-02-13T09:30:00": 63.9,
          "2026-02-13T09:45:00": 62.1,
          "2026-02-13T10:00:00": 63,
          "2026-02-13T10:15:00": 61,
          "2026-02-13T10:30:00": 55.4,
          "2026-02-13T10:45:00": 53.4,
          "2026-02-13T11:00:00": 53.1,
          "2026-02-13T11:15:00": 51.9,
          "2026-02-13T11:30:00": 51,
          "2026-02-13T11:45:00": 53.5,
          "2026-02-13T12:00:00": 55.9,
          "2026-02-13T12:15:00": 58.6,
          "2026-02-13T12:30:00": 58.4,
          "2026-02-13T12:45:00": 62.3,
          "2026-02-13T13:00:00": 64.8,
          "2026-02-13T13:15:00": 69.4,
          "2026-02-13T13:30:00": 69.2,
          "2026-02-13T13:45:00": 69.5,
          "2026-02-13T14:00:00": 70.4,
          "2026-02-13T14:15:00": 72,
          "2026-02-13T14:30:00": 74.4,
          "2026-02-13T14:45:00": 74.7,
          "2026-02-13T15:00:00": 72.9,
          "2026-02-13T15:15:00": 73.6,
          "2026-02-13T15:30:00": 71.9,
          "2026-02-13T15:45:00": 74.5,
          "2026-02-13T16:00:00": 73.5,
          "2026-02-13T16:15:00": 72.3,
          "2026-02-13T16:30:00": 71.1,
          "2026-02-13T16:45:00": 69.3,
          "2026-02-13T17:00:00": 70.3,
          "2026-02-13T17:15:00": 64.9,
          "2026-02-13T17:30:00": 64.4,
          "2026-02-13T17:45:00": 61.9,
          "2026-02-13T18:00:00": 59.5,
          "2026-02-13T18:15:00": 55.9,
          "2026-02-13T18:30:00": 53.7,
          "2026-02-13T18:45:00": 51.5,
          "2026-02-13T19:00:00": 49.4,
          "2026-02-13T19:15:00": 51,
          "2026-02-13T19:30:00": 52.1,
          "2026-02-13T19:45:00": 58.1,
          "2026-02-13T20:00:00": 60.6,
          "2026-02-13T20:15:00": 63.5,
          "2026-02-13T20:30:00": 67.5,
          "2026-02-13T20:45:00": 70,
          "2026-02-13T21:00:00": 72.3,
          "2026-02-13T21:15:00": 72.4,
          "2026-02-13T21:30:00": 74.1,
          "2026-02-13T21:45:00": 73.9,
          "2026-02-13T22:00:00": 77.3,
          "2026-02-13T22:15:00": 78.6,
          "2026-02-13T22:30:00": 78.3,
          "2026-02-13T22:45:00": 79.6,
          "2026-02-13T23:00:00": 76.1,
          "2026-02-13T23:15:00": 76.1,
          "2026-02-13T23:30:00": 77.6,
          "2026-02-13T23:45:00": 78.7
        },
        "traffic_level": {
          "2026-02-13T00:00:00": 2,
          "2026-02-13T00:15:00": 2,
          "2026-02-13T00:30:00": 2,
          "2026-02-13T00:45:00": 2,
          "2026-02-13T01:00:00": 2,
          "2026-02-13T01:15:00": 2,
          "2026-02-13T01:30:00": 2,
          "2026-02-13T01:45:00": 2,
          "2026-02-13T02:00:00": 2,
          "2026-02-13T02:15:00": 2,
          "2026-02-13T02:30:00": 2,
          "2026-02-13T02:45:00": 2,
          "2026-02-13T03:00:00": 2,
          "2026-02-13T03:15:00": 2,
          "2026-02-13T03:30:00": 2,
          "2026-02-13T03:45:00": 2,
          "2026-02-13T04:00:00": 2,
          "2026-02-13T04:15:00": 2,
          "2026-02-13T04:30:00": 2,
          "2026-02-13T04:45:00": 2,
          "2026-02-13T05:00:00": 2,
          "2026-02-13T05:15:00": 2,
          "2026-02-13T05:30:00": 2,
          "2026-02-13T05:45:00": 2,
          "2026-02-13T06:00:00": 2,
          "2026-02-13T06:15:00": 2,
          "2026-02-13T06:30:00": 2,
          "2026-02-13T06:45:00": 2,
          "2026-02-13T07:00:00": 2,
          "2026-02-13T07:15:00": 3,
          "2026-02-13T07:30:00": 3,
          "2026-02-13T07:45:00": 3,
          "2026-02-13T08:00:00": 3,
          "2026-02-13T08:15:00": 3,
          "2026-02-13T08:30:00": 3,
          "2026-02-13T08:45:00": 3,
          "2026-02-13T09:00:00": 3,
          "2026-02-13T09:15:00": 3,
          "2026-02-13T09:30:00": 3,
          "2026-02-13T09:45:00": 3,
          "2026-02-13T10:00:00": 3,
          "2026-02-13T10:15:00": 3,
          "2026-02-13T10:30:00": 3,
          "2026-02-13T10:45:00": 3,
          "2026-02-13T11:00:00": 3,
          "2026-02-13T11:15:00": 3,
          "2026-02-13T11:30:00": 3,
          "2026-02-13T11:45:00": 3,
          "2026-02-13T12:00:00": 3,
          "2026-02-13T12:15:00": 3,
          "2026-02-13T12:30:00": 3,
          "2026-02-13T12:45:00": 3,
          "2026-02-13T13:00:00": 3,
          "2026-02-13T13:15:00": 3,
          "2026-02-13T13:30:00": 3,
          "2026-02-13T13:45:00": 3,
          "2026-02-13T14:00:00": 2,
          "2026-02-13T14:15:00": 2,
          "2026-02-13T14:30:00": 2,
          "2026-02-13T14:45:00": 2,
          "2026-02-13T15:00:00": 2,
          "2026-02-13T15:15:00": 2,
          "2026-02-13T15:30:00": 2,
          "2026-02-13T15:45:00": 2,
          "2026-02-13T16:00:00": 2,
          "2026-02-13T16:15:00": 2,
          "2026-02-13T16:30:00": 2,
          "2026-02-13T16:45:00": 3,
          "2026-02-13T17:00:00": 2,
          "2026-02-13T17:15:00": 3,
          "2026-02-13T17:30:00": 3,
          "2026-02-13T17:45:00": 3,
          "2026-02-13T18:00:00": 3,
          "2026-02-13T18:15:00": 3,
          "2026-02-13T18:30:00": 3,
          "2026-02-13T18:45:00": 3,
          "2026-02-13T19:00:00": 4,
          "2026-02-13T19:15:00": 3,
          "2026-02-13T19:30:00": 3,
          "2026-02-13T19:45:00": 3,
          "2026-02-13T20:00:00": 3,
          "2026-02-13T20:15:00": 3,
          "2026-02-13T20:30:00": 3,
          "2026-02-13T20:45:00": 2,
          "2026-02-13T21:00:00": 2,
          "2026-02-13T21:15:00": 2,
          "2026-02-13T21:30:00": 2,
          "2026-02-13T21:45:00": 2,
          "2026-02-13T22:00:00": 2,
          "2026-02-13T22:15:00": 2,
          "2026-02-13T22:30:00": 2,
          "2026-02-13T22:45:00": 2,
          "2026-02-13T23:00:00": 2,
          "2026-02-13T23:15:00": 2,
          "2026-02-13T23:30:00": 2,
          "2026-02-13T23:45:00": 2
        }
      },
      "geometry": {
        "type": "LineString",
        "coordinates": [
          [
            117.41614972202807,
            40.40043396463207
          ],
          [
            117.41610622189951,
            40.400403601418816
          ],
          [
            117.41606273358926,
            40.40037323814645
          ],
          [
            117.41601924537346,
            40.4003428838627
          ],
          [
            117.41597574536212,
            40.4003125205993
          ],
          [
            117.41596965274228,
            40.400308264887535
          ],
          [
            117.4159306318137,
            40.400274535434406
          ],
          [
            117.4158916109241,
            40.400240805967734
          ],
          [
            117.41588141456383,
            40.40023199019892
          ],
          [
            117.41584293334964,
            40.400197898553046
          ],
          [
            117.41582988115256,
            40.40018631934492
          ],
          [
            117.4158024490726,
            40.40014647844004
          ],
          [
            117.41579473535283,
            40.40013528527992
          ],
          [
            117.41577310975954,
            40.40009339724245
          ],
          [
            117.41575768353603,
            40.40006354532359
          ],
          [
            117.41573718679386,
            40.40002132902064
          ],
          [
            117.4157166900775,
            40.39997911271363
          ],
          [
            117.41569620522148,
            40.399936905365536
          ],
          [
            117.41568688756726,
            40.39991773005308
          ],
          [
            117.4156793442481,
            40.39988635486481
          ]
        ]
      }
    },
    {
      "type": "Feature",
      "properties": {
        "Id": "CP-CONN-26",
        "road_name": "???????",
        "roadRole": "connector",
        "source": "RoadCenterLine.geojson",
        "sourceLayer": "RoadCenterLine",
        "sourceRecordNumber": 26,
        "segmentLengthMeters": 56.8,
        "speedUnit": "km/h",
        "speeds": {
          "2026-02-13T00:00:00": 82.3,
          "2026-02-13T00:15:00": 80.3,
          "2026-02-13T00:30:00": 82.5,
          "2026-02-13T00:45:00": 80.5,
          "2026-02-13T01:00:00": 83.4,
          "2026-02-13T01:15:00": 81.8,
          "2026-02-13T01:30:00": 82.4,
          "2026-02-13T01:45:00": 83.3,
          "2026-02-13T02:00:00": 79.8,
          "2026-02-13T02:15:00": 82.6,
          "2026-02-13T02:30:00": 79.5,
          "2026-02-13T02:45:00": 82.6,
          "2026-02-13T03:00:00": 82.7,
          "2026-02-13T03:15:00": 80.7,
          "2026-02-13T03:30:00": 81.5,
          "2026-02-13T03:45:00": 78.8,
          "2026-02-13T04:00:00": 80.9,
          "2026-02-13T04:15:00": 80.6,
          "2026-02-13T04:30:00": 78.3,
          "2026-02-13T04:45:00": 78.2,
          "2026-02-13T05:00:00": 77,
          "2026-02-13T05:15:00": 76.9,
          "2026-02-13T05:30:00": 79,
          "2026-02-13T05:45:00": 78.2,
          "2026-02-13T06:00:00": 78.7,
          "2026-02-13T06:15:00": 76.2,
          "2026-02-13T06:30:00": 77.7,
          "2026-02-13T06:45:00": 76.9,
          "2026-02-13T07:00:00": 76.5,
          "2026-02-13T07:15:00": 72.9,
          "2026-02-13T07:30:00": 71.7,
          "2026-02-13T07:45:00": 68.4,
          "2026-02-13T08:00:00": 71.1,
          "2026-02-13T08:15:00": 69.9,
          "2026-02-13T08:30:00": 70.7,
          "2026-02-13T08:45:00": 70.6,
          "2026-02-13T09:00:00": 72,
          "2026-02-13T09:15:00": 68.1,
          "2026-02-13T09:30:00": 68.8,
          "2026-02-13T09:45:00": 69.6,
          "2026-02-13T10:00:00": 67.4,
          "2026-02-13T10:15:00": 66.1,
          "2026-02-13T10:30:00": 62,
          "2026-02-13T10:45:00": 63.6,
          "2026-02-13T11:00:00": 59,
          "2026-02-13T11:15:00": 60.7,
          "2026-02-13T11:30:00": 60,
          "2026-02-13T11:45:00": 58.6,
          "2026-02-13T12:00:00": 60.7,
          "2026-02-13T12:15:00": 62.4,
          "2026-02-13T12:30:00": 64.9,
          "2026-02-13T12:45:00": 68.7,
          "2026-02-13T13:00:00": 72.7,
          "2026-02-13T13:15:00": 72.8,
          "2026-02-13T13:30:00": 73.7,
          "2026-02-13T13:45:00": 77.7,
          "2026-02-13T14:00:00": 78.6,
          "2026-02-13T14:15:00": 76.8,
          "2026-02-13T14:30:00": 79.5,
          "2026-02-13T14:45:00": 77.6,
          "2026-02-13T15:00:00": 78.3,
          "2026-02-13T15:15:00": 79.3,
          "2026-02-13T15:30:00": 77.6,
          "2026-02-13T15:45:00": 81.2,
          "2026-02-13T16:00:00": 77.5,
          "2026-02-13T16:15:00": 76.1,
          "2026-02-13T16:30:00": 75.8,
          "2026-02-13T16:45:00": 74.5,
          "2026-02-13T17:00:00": 74.2,
          "2026-02-13T17:15:00": 71.5,
          "2026-02-13T17:30:00": 66.3,
          "2026-02-13T17:45:00": 66.7,
          "2026-02-13T18:00:00": 62.7,
          "2026-02-13T18:15:00": 56.5,
          "2026-02-13T18:30:00": 55.5,
          "2026-02-13T18:45:00": 56.6,
          "2026-02-13T19:00:00": 53.3,
          "2026-02-13T19:15:00": 56.8,
          "2026-02-13T19:30:00": 56.1,
          "2026-02-13T19:45:00": 57.1,
          "2026-02-13T20:00:00": 60.5,
          "2026-02-13T20:15:00": 64.4,
          "2026-02-13T20:30:00": 68.7,
          "2026-02-13T20:45:00": 72.1,
          "2026-02-13T21:00:00": 75.1,
          "2026-02-13T21:15:00": 75.4,
          "2026-02-13T21:30:00": 77,
          "2026-02-13T21:45:00": 81.2,
          "2026-02-13T22:00:00": 81.5,
          "2026-02-13T22:15:00": 82.2,
          "2026-02-13T22:30:00": 80.8,
          "2026-02-13T22:45:00": 81.4,
          "2026-02-13T23:00:00": 81.1,
          "2026-02-13T23:15:00": 83.4,
          "2026-02-13T23:30:00": 80.5,
          "2026-02-13T23:45:00": 80.4
        },
        "traffic_level": {
          "2026-02-13T00:00:00": 2,
          "2026-02-13T00:15:00": 2,
          "2026-02-13T00:30:00": 2,
          "2026-02-13T00:45:00": 2,
          "2026-02-13T01:00:00": 2,
          "2026-02-13T01:15:00": 2,
          "2026-02-13T01:30:00": 2,
          "2026-02-13T01:45:00": 2,
          "2026-02-13T02:00:00": 2,
          "2026-02-13T02:15:00": 2,
          "2026-02-13T02:30:00": 2,
          "2026-02-13T02:45:00": 2,
          "2026-02-13T03:00:00": 2,
          "2026-02-13T03:15:00": 2,
          "2026-02-13T03:30:00": 2,
          "2026-02-13T03:45:00": 2,
          "2026-02-13T04:00:00": 2,
          "2026-02-13T04:15:00": 2,
          "2026-02-13T04:30:00": 2,
          "2026-02-13T04:45:00": 2,
          "2026-02-13T05:00:00": 2,
          "2026-02-13T05:15:00": 2,
          "2026-02-13T05:30:00": 2,
          "2026-02-13T05:45:00": 2,
          "2026-02-13T06:00:00": 2,
          "2026-02-13T06:15:00": 2,
          "2026-02-13T06:30:00": 2,
          "2026-02-13T06:45:00": 2,
          "2026-02-13T07:00:00": 2,
          "2026-02-13T07:15:00": 2,
          "2026-02-13T07:30:00": 2,
          "2026-02-13T07:45:00": 3,
          "2026-02-13T08:00:00": 2,
          "2026-02-13T08:15:00": 3,
          "2026-02-13T08:30:00": 2,
          "2026-02-13T08:45:00": 2,
          "2026-02-13T09:00:00": 2,
          "2026-02-13T09:15:00": 3,
          "2026-02-13T09:30:00": 3,
          "2026-02-13T09:45:00": 3,
          "2026-02-13T10:00:00": 3,
          "2026-02-13T10:15:00": 3,
          "2026-02-13T10:30:00": 3,
          "2026-02-13T10:45:00": 3,
          "2026-02-13T11:00:00": 3,
          "2026-02-13T11:15:00": 3,
          "2026-02-13T11:30:00": 3,
          "2026-02-13T11:45:00": 3,
          "2026-02-13T12:00:00": 3,
          "2026-02-13T12:15:00": 3,
          "2026-02-13T12:30:00": 3,
          "2026-02-13T12:45:00": 3,
          "2026-02-13T13:00:00": 2,
          "2026-02-13T13:15:00": 2,
          "2026-02-13T13:30:00": 2,
          "2026-02-13T13:45:00": 2,
          "2026-02-13T14:00:00": 2,
          "2026-02-13T14:15:00": 2,
          "2026-02-13T14:30:00": 2,
          "2026-02-13T14:45:00": 2,
          "2026-02-13T15:00:00": 2,
          "2026-02-13T15:15:00": 2,
          "2026-02-13T15:30:00": 2,
          "2026-02-13T15:45:00": 2,
          "2026-02-13T16:00:00": 2,
          "2026-02-13T16:15:00": 2,
          "2026-02-13T16:30:00": 2,
          "2026-02-13T16:45:00": 2,
          "2026-02-13T17:00:00": 2,
          "2026-02-13T17:15:00": 2,
          "2026-02-13T17:30:00": 3,
          "2026-02-13T17:45:00": 3,
          "2026-02-13T18:00:00": 3,
          "2026-02-13T18:15:00": 3,
          "2026-02-13T18:30:00": 3,
          "2026-02-13T18:45:00": 3,
          "2026-02-13T19:00:00": 3,
          "2026-02-13T19:15:00": 3,
          "2026-02-13T19:30:00": 3,
          "2026-02-13T19:45:00": 3,
          "2026-02-13T20:00:00": 3,
          "2026-02-13T20:15:00": 3,
          "2026-02-13T20:30:00": 3,
          "2026-02-13T20:45:00": 2,
          "2026-02-13T21:00:00": 2,
          "2026-02-13T21:15:00": 2,
          "2026-02-13T21:30:00": 2,
          "2026-02-13T21:45:00": 2,
          "2026-02-13T22:00:00": 2,
          "2026-02-13T22:15:00": 2,
          "2026-02-13T22:30:00": 2,
          "2026-02-13T22:45:00": 2,
          "2026-02-13T23:00:00": 2,
          "2026-02-13T23:15:00": 2,
          "2026-02-13T23:30:00": 2,
          "2026-02-13T23:45:00": 2
        }
      },
      "geometry": {
        "type": "LineString",
        "coordinates": [
          [
            117.41559730250843,
            40.400168225870736
          ],
          [
            117.41563509126856,
            40.400202752353486
          ],
          [
            117.41567289190192,
            40.40023728778649
          ],
          [
            117.41571068079473,
            40.400271823249064
          ],
          [
            117.41574846972625,
            40.40030635869892
          ],
          [
            117.41575091003696,
            40.400308592303205
          ],
          [
            117.41579329640524,
            40.40033985120395
          ],
          [
            117.41583569459192,
            40.40037111004643
          ],
          [
            117.41587808103861,
            40.40040236891535
          ],
          [
            117.41589895479667,
            40.40041776534901
          ],
          [
            117.41594524283573,
            40.40044560606725
          ],
          [
            117.41599153091289,
            40.400473446766625
          ],
          [
            117.41603781902812,
            40.40050128744715
          ],
          [
            117.41607689500796,
            40.400524795381656
          ]
        ]
      }
    },
    {
      "type": "Feature",
      "properties": {
        "Id": "CP-CONN-27",
        "road_name": "???????",
        "roadRole": "connector",
        "source": "RoadCenterLine.geojson",
        "sourceLayer": "RoadCenterLine",
        "sourceRecordNumber": 27,
        "segmentLengthMeters": 228.2,
        "speedUnit": "km/h",
        "speeds": {
          "2026-02-13T00:00:00": 87.5,
          "2026-02-13T00:15:00": 85,
          "2026-02-13T00:30:00": 84.6,
          "2026-02-13T00:45:00": 87.9,
          "2026-02-13T01:00:00": 87.3,
          "2026-02-13T01:15:00": 83.6,
          "2026-02-13T01:30:00": 86.3,
          "2026-02-13T01:45:00": 87.4,
          "2026-02-13T02:00:00": 87,
          "2026-02-13T02:15:00": 83.6,
          "2026-02-13T02:30:00": 85.4,
          "2026-02-13T02:45:00": 84.6,
          "2026-02-13T03:00:00": 86.3,
          "2026-02-13T03:15:00": 86.1,
          "2026-02-13T03:30:00": 83.9,
          "2026-02-13T03:45:00": 86,
          "2026-02-13T04:00:00": 81.6,
          "2026-02-13T04:15:00": 85.7,
          "2026-02-13T04:30:00": 85.3,
          "2026-02-13T04:45:00": 81.7,
          "2026-02-13T05:00:00": 83,
          "2026-02-13T05:15:00": 84.3,
          "2026-02-13T05:30:00": 81.8,
          "2026-02-13T05:45:00": 83.9,
          "2026-02-13T06:00:00": 82.5,
          "2026-02-13T06:15:00": 81.9,
          "2026-02-13T06:30:00": 82.5,
          "2026-02-13T06:45:00": 79,
          "2026-02-13T07:00:00": 75.8,
          "2026-02-13T07:15:00": 74.1,
          "2026-02-13T07:30:00": 70.3,
          "2026-02-13T07:45:00": 65.2,
          "2026-02-13T08:00:00": 55,
          "2026-02-13T08:15:00": 64,
          "2026-02-13T08:30:00": 63.6,
          "2026-02-13T08:45:00": 68.2,
          "2026-02-13T09:00:00": 72.7,
          "2026-02-13T09:15:00": 74,
          "2026-02-13T09:30:00": 74.4,
          "2026-02-13T09:45:00": 71.4,
          "2026-02-13T10:00:00": 71.8,
          "2026-02-13T10:15:00": 67,
          "2026-02-13T10:30:00": 67.9,
          "2026-02-13T10:45:00": 63.6,
          "2026-02-13T11:00:00": 62.3,
          "2026-02-13T11:15:00": 62.7,
          "2026-02-13T11:30:00": 61.2,
          "2026-02-13T11:45:00": 62.7,
          "2026-02-13T12:00:00": 66.2,
          "2026-02-13T12:15:00": 66,
          "2026-02-13T12:30:00": 68.6,
          "2026-02-13T12:45:00": 73.7,
          "2026-02-13T13:00:00": 74.1,
          "2026-02-13T13:15:00": 77.5,
          "2026-02-13T13:30:00": 78,
          "2026-02-13T13:45:00": 81.8,
          "2026-02-13T14:00:00": 81.7,
          "2026-02-13T14:15:00": 82.3,
          "2026-02-13T14:30:00": 84.3,
          "2026-02-13T14:45:00": 83.6,
          "2026-02-13T15:00:00": 85.1,
          "2026-02-13T15:15:00": 84.6,
          "2026-02-13T15:30:00": 83.6,
          "2026-02-13T15:45:00": 85.2,
          "2026-02-13T16:00:00": 82.5,
          "2026-02-13T16:15:00": 82.3,
          "2026-02-13T16:30:00": 81.8,
          "2026-02-13T16:45:00": 80.5,
          "2026-02-13T17:00:00": 77.2,
          "2026-02-13T17:15:00": 76,
          "2026-02-13T17:30:00": 74.5,
          "2026-02-13T17:45:00": 69.5,
          "2026-02-13T18:00:00": 68.5,
          "2026-02-13T18:15:00": 66.1,
          "2026-02-13T18:30:00": 62.9,
          "2026-02-13T18:45:00": 62.5,
          "2026-02-13T19:00:00": 62.9,
          "2026-02-13T19:15:00": 63.2,
          "2026-02-13T19:30:00": 63,
          "2026-02-13T19:45:00": 66.6,
          "2026-02-13T20:00:00": 68.1,
          "2026-02-13T20:15:00": 70.2,
          "2026-02-13T20:30:00": 73.4,
          "2026-02-13T20:45:00": 77,
          "2026-02-13T21:00:00": 78.5,
          "2026-02-13T21:15:00": 82.3,
          "2026-02-13T21:30:00": 84.6,
          "2026-02-13T21:45:00": 85.9,
          "2026-02-13T22:00:00": 84.2,
          "2026-02-13T22:15:00": 86.3,
          "2026-02-13T22:30:00": 85.9,
          "2026-02-13T22:45:00": 86.1,
          "2026-02-13T23:00:00": 84.9,
          "2026-02-13T23:15:00": 87.1,
          "2026-02-13T23:30:00": 84.7,
          "2026-02-13T23:45:00": 88
        },
        "traffic_level": {
          "2026-02-13T00:00:00": 2,
          "2026-02-13T00:15:00": 2,
          "2026-02-13T00:30:00": 2,
          "2026-02-13T00:45:00": 2,
          "2026-02-13T01:00:00": 2,
          "2026-02-13T01:15:00": 2,
          "2026-02-13T01:30:00": 2,
          "2026-02-13T01:45:00": 2,
          "2026-02-13T02:00:00": 2,
          "2026-02-13T02:15:00": 2,
          "2026-02-13T02:30:00": 2,
          "2026-02-13T02:45:00": 2,
          "2026-02-13T03:00:00": 2,
          "2026-02-13T03:15:00": 2,
          "2026-02-13T03:30:00": 2,
          "2026-02-13T03:45:00": 2,
          "2026-02-13T04:00:00": 2,
          "2026-02-13T04:15:00": 2,
          "2026-02-13T04:30:00": 2,
          "2026-02-13T04:45:00": 2,
          "2026-02-13T05:00:00": 2,
          "2026-02-13T05:15:00": 2,
          "2026-02-13T05:30:00": 2,
          "2026-02-13T05:45:00": 2,
          "2026-02-13T06:00:00": 2,
          "2026-02-13T06:15:00": 2,
          "2026-02-13T06:30:00": 2,
          "2026-02-13T06:45:00": 2,
          "2026-02-13T07:00:00": 2,
          "2026-02-13T07:15:00": 2,
          "2026-02-13T07:30:00": 2,
          "2026-02-13T07:45:00": 3,
          "2026-02-13T08:00:00": 3,
          "2026-02-13T08:15:00": 3,
          "2026-02-13T08:30:00": 3,
          "2026-02-13T08:45:00": 3,
          "2026-02-13T09:00:00": 2,
          "2026-02-13T09:15:00": 2,
          "2026-02-13T09:30:00": 2,
          "2026-02-13T09:45:00": 2,
          "2026-02-13T10:00:00": 2,
          "2026-02-13T10:15:00": 3,
          "2026-02-13T10:30:00": 3,
          "2026-02-13T10:45:00": 3,
          "2026-02-13T11:00:00": 3,
          "2026-02-13T11:15:00": 3,
          "2026-02-13T11:30:00": 3,
          "2026-02-13T11:45:00": 3,
          "2026-02-13T12:00:00": 3,
          "2026-02-13T12:15:00": 3,
          "2026-02-13T12:30:00": 3,
          "2026-02-13T12:45:00": 2,
          "2026-02-13T13:00:00": 2,
          "2026-02-13T13:15:00": 2,
          "2026-02-13T13:30:00": 2,
          "2026-02-13T13:45:00": 2,
          "2026-02-13T14:00:00": 2,
          "2026-02-13T14:15:00": 2,
          "2026-02-13T14:30:00": 2,
          "2026-02-13T14:45:00": 2,
          "2026-02-13T15:00:00": 2,
          "2026-02-13T15:15:00": 2,
          "2026-02-13T15:30:00": 2,
          "2026-02-13T15:45:00": 2,
          "2026-02-13T16:00:00": 2,
          "2026-02-13T16:15:00": 2,
          "2026-02-13T16:30:00": 2,
          "2026-02-13T16:45:00": 2,
          "2026-02-13T17:00:00": 2,
          "2026-02-13T17:15:00": 2,
          "2026-02-13T17:30:00": 2,
          "2026-02-13T17:45:00": 3,
          "2026-02-13T18:00:00": 3,
          "2026-02-13T18:15:00": 3,
          "2026-02-13T18:30:00": 3,
          "2026-02-13T18:45:00": 3,
          "2026-02-13T19:00:00": 3,
          "2026-02-13T19:15:00": 3,
          "2026-02-13T19:30:00": 3,
          "2026-02-13T19:45:00": 3,
          "2026-02-13T20:00:00": 3,
          "2026-02-13T20:15:00": 2,
          "2026-02-13T20:30:00": 2,
          "2026-02-13T20:45:00": 2,
          "2026-02-13T21:00:00": 2,
          "2026-02-13T21:15:00": 2,
          "2026-02-13T21:30:00": 2,
          "2026-02-13T21:45:00": 2,
          "2026-02-13T22:00:00": 2,
          "2026-02-13T22:15:00": 2,
          "2026-02-13T22:30:00": 2,
          "2026-02-13T22:45:00": 2,
          "2026-02-13T23:00:00": 2,
          "2026-02-13T23:15:00": 2,
          "2026-02-13T23:30:00": 2,
          "2026-02-13T23:45:00": 2
        }
      },
      "geometry": {
        "type": "LineString",
        "coordinates": [
          [
            117.41565693397362,
            40.400291441405955
          ],
          [
            117.4156173619136,
            40.40025809206046
          ],
          [
            117.41557778989265,
            40.40022474270102
          ],
          [
            117.41553820618701,
            40.400191402375334
          ],
          [
            117.4155308056586,
            40.400185161116994
          ],
          [
            117.41549355658914,
            40.400150272439255
          ],
          [
            117.41545631939272,
            40.40011539271214
          ],
          [
            117.41541907045563,
            40.40008051301495
          ],
          [
            117.4153818333362,
            40.40004563326304
          ],
          [
            117.41534458442075,
            40.4000107445357
          ],
          [
            117.41530734737829,
            40.39997586475901
          ],
          [
            117.41527009859519,
            40.399940985012215
          ],
          [
            117.41524462625854,
            40.399917121762044
          ],
          [
            117.41520697859879,
            40.399882495581906
          ],
          [
            117.41516934275681,
            40.399847869346814
          ],
          [
            117.41513169517431,
            40.39981324314139
          ],
          [
            117.41509404763042,
            40.39977861692328
          ],
          [
            117.41505640012517,
            40.39974399069254
          ],
          [
            117.41502384648446,
            40.39971403805117
          ],
          [
            117.41498388802408,
            40.39968096003763
          ],
          [
            117.41494394132664,
            40.39964787296228
          ],
          [
            117.41490398294452,
            40.39961479492033
          ],
          [
            117.41489106595316,
            40.39960408865663
          ],
          [
            117.41484582123724,
            40.39957526216431
          ],
          [
            117.41480058828365,
            40.39954642660634
          ],
          [
            117.41475534364483,
            40.39951760007796
          ],
          [
            117.41471011076837,
            40.399488764483905
          ],
          [
            117.41466486620664,
            40.39945993791944
          ],
          [
            117.41466037248311,
            40.39945707226234
          ],
          [
            117.4146103998305,
            40.39943325169918
          ],
          [
            117.41456041537867,
            40.399409422151045
          ],
          [
            117.41451044279628,
            40.399385601544154
          ],
          [
            117.41446047019376,
            40.399361771910044
          ],
          [
            117.41441049768163,
            40.39933795125943
          ],
          [
            117.41436051337031,
            40.3993141216238
          ],
          [
            117.41434745910992,
            40.39930790054829
          ],
          [
            117.41429415819258,
            40.39928874763683
          ],
          [
            117.41424086902913,
            40.399269585653094
          ],
          [
            117.41418756817188,
            40.39925043269208
          ],
          [
            117.41415342729873,
            40.39923816335844
          ],
          [
            117.41409811128707,
            40.399222700838614
          ],
          [
            117.41404279530053,
            40.39920723829218
          ],
          [
            117.41398747933911,
            40.399191775719096
          ],
          [
            117.41394914280015,
            40.399181052287766
          ],
          [
            117.41389183210505,
            40.39917069394424
          ],
          [
            117.41383452137214,
            40.39916032656684
          ],
          [
            117.4137771989327,
            40.399149968208434
          ],
          [
            117.41371988828963,
            40.39913960977936
          ],
          [
            117.41366256582977,
            40.39912924235859
          ],
          [
            117.41360525522137,
            40.39911888387249
          ],
          [
            117.41354818043077,
            40.399108560536696
          ]
        ]
      }
    },
    {
      "type": "Feature",
      "properties": {
        "Id": "CP-CONN-28",
        "road_name": "???????",
        "roadRole": "connector",
        "source": "RoadCenterLine.geojson",
        "sourceLayer": "RoadCenterLine",
        "sourceRecordNumber": 28,
        "segmentLengthMeters": 495.2,
        "speedUnit": "km/h",
        "speeds": {
          "2026-02-13T00:00:00": 82.4,
          "2026-02-13T00:15:00": 81.8,
          "2026-02-13T00:30:00": 81.1,
          "2026-02-13T00:45:00": 81.8,
          "2026-02-13T01:00:00": 82.1,
          "2026-02-13T01:15:00": 82.4,
          "2026-02-13T01:30:00": 83.3,
          "2026-02-13T01:45:00": 82.6,
          "2026-02-13T02:00:00": 80.8,
          "2026-02-13T02:15:00": 80.8,
          "2026-02-13T02:30:00": 81,
          "2026-02-13T02:45:00": 80.3,
          "2026-02-13T03:00:00": 80.4,
          "2026-02-13T03:15:00": 80.8,
          "2026-02-13T03:30:00": 80.5,
          "2026-02-13T03:45:00": 80,
          "2026-02-13T04:00:00": 79.7,
          "2026-02-13T04:15:00": 80.7,
          "2026-02-13T04:30:00": 81.3,
          "2026-02-13T04:45:00": 80,
          "2026-02-13T05:00:00": 81.2,
          "2026-02-13T05:15:00": 78.4,
          "2026-02-13T05:30:00": 80.1,
          "2026-02-13T05:45:00": 79.2,
          "2026-02-13T06:00:00": 79.9,
          "2026-02-13T06:15:00": 78,
          "2026-02-13T06:30:00": 78.4,
          "2026-02-13T06:45:00": 76.7,
          "2026-02-13T07:00:00": 73.7,
          "2026-02-13T07:15:00": 71.5,
          "2026-02-13T07:30:00": 70.6,
          "2026-02-13T07:45:00": 68.1,
          "2026-02-13T08:00:00": 62.8,
          "2026-02-13T08:15:00": 56.7,
          "2026-02-13T08:30:00": 62.5,
          "2026-02-13T08:45:00": 65.4,
          "2026-02-13T09:00:00": 63,
          "2026-02-13T09:15:00": 68.4,
          "2026-02-13T09:30:00": 69.8,
          "2026-02-13T09:45:00": 69.3,
          "2026-02-13T10:00:00": 67.2,
          "2026-02-13T10:15:00": 64.6,
          "2026-02-13T10:30:00": 62.1,
          "2026-02-13T10:45:00": 63.2,
          "2026-02-13T11:00:00": 58.7,
          "2026-02-13T11:15:00": 58.2,
          "2026-02-13T11:30:00": 59.1,
          "2026-02-13T11:45:00": 58.8,
          "2026-02-13T12:00:00": 62.7,
          "2026-02-13T12:15:00": 63.1,
          "2026-02-13T12:30:00": 67,
          "2026-02-13T12:45:00": 70.9,
          "2026-02-13T13:00:00": 72.9,
          "2026-02-13T13:15:00": 77.3,
          "2026-02-13T13:30:00": 79.4,
          "2026-02-13T13:45:00": 80.3,
          "2026-02-13T14:00:00": 81.8,
          "2026-02-13T14:15:00": 82.5,
          "2026-02-13T14:30:00": 81.7,
          "2026-02-13T14:45:00": 82.5,
          "2026-02-13T15:00:00": 83.5,
          "2026-02-13T15:15:00": 81.4,
          "2026-02-13T15:30:00": 83.7,
          "2026-02-13T15:45:00": 82.8,
          "2026-02-13T16:00:00": 84.1,
          "2026-02-13T16:15:00": 83,
          "2026-02-13T16:30:00": 81.4,
          "2026-02-13T16:45:00": 80,
          "2026-02-13T17:00:00": 76.6,
          "2026-02-13T17:15:00": 74.4,
          "2026-02-13T17:30:00": 72,
          "2026-02-13T17:45:00": 69.8,
          "2026-02-13T18:00:00": 65.6,
          "2026-02-13T18:15:00": 66.3,
          "2026-02-13T18:30:00": 62,
          "2026-02-13T18:45:00": 60.4,
          "2026-02-13T19:00:00": 61.4,
          "2026-02-13T19:15:00": 60.5,
          "2026-02-13T19:30:00": 63.9,
          "2026-02-13T19:45:00": 65.6,
          "2026-02-13T20:00:00": 66.3,
          "2026-02-13T20:15:00": 69.9,
          "2026-02-13T20:30:00": 73.7,
          "2026-02-13T20:45:00": 75.5,
          "2026-02-13T21:00:00": 77.3,
          "2026-02-13T21:15:00": 78.4,
          "2026-02-13T21:30:00": 78.7,
          "2026-02-13T21:45:00": 81.8,
          "2026-02-13T22:00:00": 84,
          "2026-02-13T22:15:00": 83.1,
          "2026-02-13T22:30:00": 83.4,
          "2026-02-13T22:45:00": 83.4,
          "2026-02-13T23:00:00": 82.9,
          "2026-02-13T23:15:00": 81.9,
          "2026-02-13T23:30:00": 84.3,
          "2026-02-13T23:45:00": 83
        },
        "traffic_level": {
          "2026-02-13T00:00:00": 2,
          "2026-02-13T00:15:00": 2,
          "2026-02-13T00:30:00": 2,
          "2026-02-13T00:45:00": 2,
          "2026-02-13T01:00:00": 2,
          "2026-02-13T01:15:00": 2,
          "2026-02-13T01:30:00": 2,
          "2026-02-13T01:45:00": 2,
          "2026-02-13T02:00:00": 2,
          "2026-02-13T02:15:00": 2,
          "2026-02-13T02:30:00": 2,
          "2026-02-13T02:45:00": 2,
          "2026-02-13T03:00:00": 2,
          "2026-02-13T03:15:00": 2,
          "2026-02-13T03:30:00": 2,
          "2026-02-13T03:45:00": 2,
          "2026-02-13T04:00:00": 2,
          "2026-02-13T04:15:00": 2,
          "2026-02-13T04:30:00": 2,
          "2026-02-13T04:45:00": 2,
          "2026-02-13T05:00:00": 2,
          "2026-02-13T05:15:00": 2,
          "2026-02-13T05:30:00": 2,
          "2026-02-13T05:45:00": 2,
          "2026-02-13T06:00:00": 2,
          "2026-02-13T06:15:00": 2,
          "2026-02-13T06:30:00": 2,
          "2026-02-13T06:45:00": 2,
          "2026-02-13T07:00:00": 2,
          "2026-02-13T07:15:00": 2,
          "2026-02-13T07:30:00": 2,
          "2026-02-13T07:45:00": 3,
          "2026-02-13T08:00:00": 3,
          "2026-02-13T08:15:00": 3,
          "2026-02-13T08:30:00": 3,
          "2026-02-13T08:45:00": 3,
          "2026-02-13T09:00:00": 3,
          "2026-02-13T09:15:00": 3,
          "2026-02-13T09:30:00": 3,
          "2026-02-13T09:45:00": 3,
          "2026-02-13T10:00:00": 3,
          "2026-02-13T10:15:00": 3,
          "2026-02-13T10:30:00": 3,
          "2026-02-13T10:45:00": 3,
          "2026-02-13T11:00:00": 3,
          "2026-02-13T11:15:00": 3,
          "2026-02-13T11:30:00": 3,
          "2026-02-13T11:45:00": 3,
          "2026-02-13T12:00:00": 3,
          "2026-02-13T12:15:00": 3,
          "2026-02-13T12:30:00": 3,
          "2026-02-13T12:45:00": 2,
          "2026-02-13T13:00:00": 2,
          "2026-02-13T13:15:00": 2,
          "2026-02-13T13:30:00": 2,
          "2026-02-13T13:45:00": 2,
          "2026-02-13T14:00:00": 2,
          "2026-02-13T14:15:00": 2,
          "2026-02-13T14:30:00": 2,
          "2026-02-13T14:45:00": 2,
          "2026-02-13T15:00:00": 2,
          "2026-02-13T15:15:00": 2,
          "2026-02-13T15:30:00": 2,
          "2026-02-13T15:45:00": 2,
          "2026-02-13T16:00:00": 2,
          "2026-02-13T16:15:00": 2,
          "2026-02-13T16:30:00": 2,
          "2026-02-13T16:45:00": 2,
          "2026-02-13T17:00:00": 2,
          "2026-02-13T17:15:00": 2,
          "2026-02-13T17:30:00": 2,
          "2026-02-13T17:45:00": 3,
          "2026-02-13T18:00:00": 3,
          "2026-02-13T18:15:00": 3,
          "2026-02-13T18:30:00": 3,
          "2026-02-13T18:45:00": 3,
          "2026-02-13T19:00:00": 3,
          "2026-02-13T19:15:00": 3,
          "2026-02-13T19:30:00": 3,
          "2026-02-13T19:45:00": 3,
          "2026-02-13T20:00:00": 3,
          "2026-02-13T20:15:00": 3,
          "2026-02-13T20:30:00": 2,
          "2026-02-13T20:45:00": 2,
          "2026-02-13T21:00:00": 2,
          "2026-02-13T21:15:00": 2,
          "2026-02-13T21:30:00": 2,
          "2026-02-13T21:45:00": 2,
          "2026-02-13T22:00:00": 2,
          "2026-02-13T22:15:00": 2,
          "2026-02-13T22:30:00": 2,
          "2026-02-13T22:45:00": 2,
          "2026-02-13T23:00:00": 2,
          "2026-02-13T23:15:00": 2,
          "2026-02-13T23:30:00": 2,
          "2026-02-13T23:45:00": 2
        }
      },
      "geometry": {
        "type": "LineString",
        "coordinates": [
          [
            117.41447785081284,
            40.39867513639047
          ],
          [
            117.41442477195041,
            40.39865562251901
          ],
          [
            117.41437169317368,
            40.39863611762832
          ],
          [
            117.41432641801075,
            40.398619475529806
          ],
          [
            117.41428463125611,
            40.39858774564332
          ],
          [
            117.41424285626444,
            40.398556006693816
          ],
          [
            117.41420106953305,
            40.398524267771045
          ],
          [
            117.41415929467502,
            40.39849253779597
          ],
          [
            117.41413645458402,
            40.39847518487669
          ],
          [
            117.41410518276966,
            40.398437032337284
          ],
          [
            117.41407392271441,
            40.39839887074148
          ],
          [
            117.41405622772889,
            40.39837727578354
          ],
          [
            117.41403689674426,
            40.398334739796496
          ],
          [
            117.41401757756302,
            40.39829220376359
          ],
          [
            117.41401152404178,
            40.39827889723971
          ],
          [
            117.41400717346727,
            40.398234002191614
          ],
          [
            117.41400281106478,
            40.39818909817978
          ],
          [
            117.41400162922149,
            40.39817691791626
          ],
          [
            117.4140093537825,
            40.39813227681656
          ],
          [
            117.41401706655476,
            40.39808763575823
          ],
          [
            117.4140247793171,
            40.3980429946991
          ],
          [
            117.41403249212462,
            40.39799836264448
          ],
          [
            117.41403523383771,
            40.39798252108852
          ],
          [
            117.41406541047907,
            40.39794385131183
          ],
          [
            117.41409559892,
            40.39790519049033
          ],
          [
            117.41412577549256,
            40.3978665206977
          ],
          [
            117.41415595208588,
            40.39782785990246
          ],
          [
            117.4141861285896,
            40.39778919009392
          ],
          [
            117.41419224104115,
            40.397781360396166
          ],
          [
            117.41421788498253,
            40.39776230286984
          ],
          [
            117.41424481925205,
            40.39774429436349
          ],
          [
            117.41427293822744,
            40.39772739829339
          ],
          [
            117.4143021950702,
            40.3977116598542
          ],
          [
            117.414332483993,
            40.39769711544634
          ],
          [
            117.41436374643428,
            40.397683819312014
          ],
          [
            117.41439587655204,
            40.397671798846446
          ],
          [
            117.41442878028329,
            40.39766108140262
          ],
          [
            117.41446238723323,
            40.39765171225991
          ],
          [
            117.41449659145006,
            40.39764370080304
          ],
          [
            117.41453129892659,
            40.39763708339063
          ],
          [
            117.4145664154901,
            40.397631869365455
          ],
          [
            117.41459479531296,
            40.39762871473619
          ],
          [
            117.41463372710592,
            40.39762715226606
          ],
          [
            117.41467270312825,
            40.39762703951615
          ],
          [
            117.41471165259952,
            40.39762835872927
          ],
          [
            117.41475046956877,
            40.397631119290956
          ],
          [
            117.41478907153203,
            40.397635312491744
          ],
          [
            117.4148273524277,
            40.397640929706796
          ],
          [
            117.41486524141988,
            40.39764794417396
          ],
          [
            117.41490264428083,
            40.39765635623173
          ],
          [
            117.41493946661683,
            40.39766613920264
          ],
          [
            117.41497562586808,
            40.39767727537245
          ],
          [
            117.41501103936396,
            40.39768972901634
          ],
          [
            117.41504563632304,
            40.39770348237795
          ],
          [
            117.41507931046148,
            40.39771849081182
          ],
          [
            117.4150827717579,
            40.39772012640076
          ],
          [
            117.41511312469328,
            40.39773904614554
          ],
          [
            117.41514225934688,
            40.39775905992648
          ],
          [
            117.41517009299116,
            40.39778012301379
          ],
          [
            117.41519656640038,
            40.397802181587856
          ],
          [
            117.41522163218274,
            40.39782519079206
          ],
          [
            117.4152452075544,
            40.39784909689136
          ],
          [
            117.41526725679113,
            40.397873836976174
          ],
          [
            117.41528773250026,
            40.39789936618987
          ],
          [
            117.41530657534409,
            40.39792561270207
          ],
          [
            117.41532373787413,
            40.397952522650755
          ],
          [
            117.41532843969364,
            40.39796051168754
          ],
          [
            117.41534368994506,
            40.398004007699925
          ],
          [
            117.41535892838215,
            40.39804749474683
          ],
          [
            117.41537417867323,
            40.39809099075433
          ],
          [
            117.41538941720535,
            40.39813448680171
          ],
          [
            117.41540466748079,
            40.39817797379899
          ],
          [
            117.4154199060526,
            40.39822146984151
          ],
          [
            117.4154282385306,
            40.39824522353486
          ],
          [
            117.41543102390433,
            40.39829019619568
          ],
          [
            117.41543382111625,
            40.398335177819135
          ],
          [
            117.4154366064979,
            40.39838015047913
          ],
          [
            117.41543940366242,
            40.39842512309637
          ],
          [
            117.41544220088626,
            40.398470104718484
          ],
          [
            117.41544498627982,
            40.39851507737718
          ],
          [
            117.41544778351161,
            40.398560058998456
          ],
          [
            117.41544825493519,
            40.39856776604577
          ],
          [
            117.41544946218451,
            40.39861278039576
          ],
          [
            117.41545065771214,
            40.39865780379306
          ],
          [
            117.41545185318627,
            40.3987028181846
          ],
          [
            117.41545306044118,
            40.39874783253348
          ],
          [
            117.41545425597437,
            40.39879285592964
          ],
          [
            117.41545545145404,
            40.3988378703201
          ],
          [
            117.41545665871452,
            40.39888288466789
          ],
          [
            117.41545785425325,
            40.39892790806292
          ],
          [
            117.41545904973846,
            40.39897292245229
          ],
          [
            117.41546025705989,
            40.399017945804275
          ],
          [
            117.41546145254883,
            40.399062960192865
          ],
          [
            117.4154626480396,
            40.3991079745811
          ],
          [
            117.41546385536657,
            40.399152997931985
          ],
          [
            117.41546505086107,
            40.39919801231945
          ],
          [
            117.41546563442192,
            40.399220127823156
          ],
          [
            117.41546965638717,
            40.399265051004654
          ],
          [
            117.41547367835803,
            40.39930997418559
          ],
          [
            117.4154777003345,
            40.39935489736605
          ],
          [
            117.41548172231656,
            40.39939982054597
          ],
          [
            117.41548574424887,
            40.399444734720056
          ],
          [
            117.4154897662421,
            40.399489657898975
          ],
          [
            117.41549377646191,
            40.399534581119674
          ],
          [
            117.41549779846635,
            40.39957950429753
          ],
          [
            117.4155018204764,
            40.39962442747489
          ],
          [
            117.41550584249205,
            40.39966935065172
          ],
          [
            117.41550986451331,
            40.39971427382805
          ],
          [
            117.41551388654014,
            40.39975919700385
          ],
          [
            117.41551790851723,
            40.399804111173815
          ],
          [
            117.41552193055529,
            40.399849034348584
          ],
          [
            117.41552533350855,
            40.3998871425564
          ],
          [
            117.41554087842272,
            40.399930574429874
          ],
          [
            117.41555303177384,
            40.39996457168182
          ],
          [
            117.41557284630021,
            40.40000697058059
          ],
          [
            117.415592660907,
            40.40004937848087
          ],
          [
            117.41561247548348,
            40.40009177737198
          ],
          [
            117.41563229014041,
            40.400134185264584
          ],
          [
            117.41563972665047,
            40.40015010733851
          ],
          [
            117.41567386533266,
            40.40018679925212
          ],
          [
            117.41570799232822,
            40.40022350020291
          ],
          [
            117.41573544329994,
            40.40025301171203
          ]
        ]
      }
    }
  ]
}