{
    "type": "FeatureCollection",
    "features": [
        {
            "type": "Feature",
            "properties": {
                "Id": "90217",
                "道路序": 1,
                "speeds": {
                    "2015-01-26T02:15:00": 30.030685,
                    "2015-01-26T02:30:00": 30.445892,
                    "2015-01-26T02:45:00": 32.163204,
                    "2015-01-26T03:00:00": 32.82828,
                    "2015-01-26T03:15:00": 33.749058,
                    "2015-01-26T03:30:00": 33.479134,
                    "2015-01-26T03:45:00": 32.94726,
                    "2015-01-26T04:00:00": 32.620823,
                    "2015-01-26T04:15:00": 33.06459,
                    "2015-01-26T04:30:00": 36.013138,
                    "2015-01-26T04:45:00": 36.625225,
                    "2015-01-26T05:00:00": 35.968422,
                    "2015-01-26T05:15:00": 35.285614,
                    "2015-01-26T05:30:00": 34.22313,
                    "2015-01-26T05:45:00": 32.461807,
                    "2015-01-26T06:00:00": 28.048365,
                    "2015-01-26T06:15:00": 30.342417,
                    "2015-01-26T06:30:00": 30.206402,
                    "2015-01-26T06:45:00": 30.653046,
                    "2015-01-26T07:00:00": 29.839718,
                    "2015-01-26T07:15:00": 28.316603,
                    "2015-01-26T07:30:00": 29.984571,
                    "2015-01-26T07:45:00": 29.59517,
                    "2015-01-26T08:00:00": 29.436415,
                    "2015-01-26T08:15:00": 27.620255,
                    "2015-01-26T08:30:00": 28.28953,
                    "2015-01-26T08:45:00": 28.310646,
                    "2015-01-26T09:00:00": 28.78329,
                    "2015-01-26T09:15:00": 30.13169,
                    "2015-01-26T09:30:00": 30.582771,
                    "2015-01-26T09:45:00": 28.689743,
                    "2015-01-26T10:00:00": 30.622046,
                    "2015-01-26T10:15:00": 33.135548,
                    "2015-01-26T10:30:00": 34.279068,
                    "2015-01-26T10:45:00": 35.939743,
                    "2015-01-26T11:00:00": 37.281418,
                    "2015-01-26T11:15:00": 37.1105,
                    "2015-01-26T11:30:00": 34.807644,
                    "2015-01-26T11:45:00": 35.711285,
                    "2015-01-26T12:00:00": 34.926327,
                    "2015-01-26T12:15:00": 32.694866,
                    "2015-01-26T12:30:00": 29.886312,
                    "2015-01-26T12:45:00": 30.477823,
                    "2015-01-26T13:00:00": 30.287533,
                    "2015-01-26T13:15:00": 30.15569,
                    "2015-01-26T13:30:00": 28.660736,
                    "2015-01-26T13:45:00": 28.450861,
                    "2015-01-26T14:00:00": 29.187046,
                    "2015-01-26T14:15:00": 27.892208,
                    "2015-01-26T14:30:00": 28.97447,
                    "2015-01-26T14:45:00": 31.315136,
                    "2015-01-26T15:00:00": 33.272808,
                    "2015-01-26T15:15:00": 34.356068,
                    "2015-01-26T15:30:00": 34.853966,
                    "2015-01-26T15:45:00": 35.355824,
                    "2015-01-26T16:00:00": 34.555008,
                    "2015-01-26T16:15:00": 34.014935,
                    "2015-01-26T16:30:00": 33.334675,
                    "2015-01-26T16:45:00": 32.98174,
                    "2015-01-26T17:00:00": 32.905685,
                    "2015-01-26T17:15:00": 33.337196,
                    "2015-01-26T17:30:00": 33.812473,
                    "2015-01-26T17:45:00": 32.76757,
                    "2015-01-26T18:00:00": 34.015385,
                    "2015-01-26T18:15:00": 35.409428,
                    "2015-01-26T18:30:00": 34.18444,
                    "2015-01-26T18:45:00": 33.43744,
                    "2015-01-26T19:00:00": 32.541904,
                    "2015-01-26T19:15:00": 34.510914,
                    "2015-01-26T19:30:00": 32.819527,
                    "2015-01-26T19:45:00": 32.813164,
                    "2015-01-26T20:00:00": 31.56297,
                    "2015-01-26T20:15:00": 30.26026,
                    "2015-01-26T20:30:00": 32.356613,
                    "2015-01-26T20:45:00": 32.559414,
                    "2015-01-26T21:00:00": 32.411213,
                    "2015-01-26T21:15:00": 32.860394,
                    "2015-01-26T21:30:00": 31.306202,
                    "2015-01-26T21:45:00": 31.926027,
                    "2015-01-26T22:00:00": 33.36831,
                    "2015-01-26T22:15:00": 32.938786,
                    "2015-01-26T22:30:00": 31.939949,
                    "2015-01-26T22:45:00": 31.697836,
                    "2015-01-26T23:00:00": 33.219536,
                    "2015-01-26T23:15:00": 31.747896,
                    "2015-01-26T23:30:00": 32.16625,
                    "2015-01-26T23:45:00": 33.579147,
                    "2015-01-27T00:00:00": 33.32198,
                    "2015-01-27T00:15:00": 32.677605,
                    "2015-01-27T00:30:00": 31.118082,
                    "2015-01-27T00:45:00": 33.113686,
                    "2015-01-27T01:00:00": 33.491318,
                    "2015-01-27T01:15:00": 32.670467,
                    "2015-01-27T01:30:00": 32.780376,
                    "2015-01-27T01:45:00": 33.639256,
                    "2015-01-27T02:00:00": 31.055973
                }
            },
            "geometry": {
                "type": "LineString",
                "coordinates": [
                    [
                        114.102577722084632,
                        22.540478437184191
                    ],
                    [
                        114.10262706410343,
                        22.538605256083549
                    ]
                ]
            }
        },
        {
            "type": "Feature",
            "properties": {
                "Id": "90218",
                "道路序": 2,
                "speeds": {
                    "2015-01-26T02:15:00": 12.274845,
                    "2015-01-26T02:30:00": 12.792861,
                    "2015-01-26T02:45:00": 12.937963,
                    "2015-01-26T03:00:00": 13.139523,
                    "2015-01-26T03:15:00": 13.369149,
                    "2015-01-26T03:30:00": 13.079935,
                    "2015-01-26T03:45:00": 13.126563,
                    "2015-01-26T04:00:00": 13.335808,
                    "2015-01-26T04:15:00": 13.298113,
                    "2015-01-26T04:30:00": 13.845361,
                    "2015-01-26T04:45:00": 13.396241,
                    "2015-01-26T05:00:00": 12.988479,
                    "2015-01-26T05:15:00": 12.055385,
                    "2015-01-26T05:30:00": 12.303703,
                    "2015-01-26T05:45:00": 12.974304,
                    "2015-01-26T06:00:00": 12.990533,
                    "2015-01-26T06:15:00": 13.0487,
                    "2015-01-26T06:30:00": 13.1935,
                    "2015-01-26T06:45:00": 12.214206,
                    "2015-01-26T07:00:00": 12.304284,
                    "2015-01-26T07:15:00": 11.900568,
                    "2015-01-26T07:30:00": 11.703471,
                    "2015-01-26T07:45:00": 11.580873,
                    "2015-01-26T08:00:00": 11.914488,
                    "2015-01-26T08:15:00": 10.905337,
                    "2015-01-26T08:30:00": 10.689204,
                    "2015-01-26T08:45:00": 10.6380825,
                    "2015-01-26T09:00:00": 10.559472,
                    "2015-01-26T09:15:00": 11.508866,
                    "2015-01-26T09:30:00": 10.952782,
                    "2015-01-26T09:45:00": 12.043221,
                    "2015-01-26T10:00:00": 12.219908,
                    "2015-01-26T10:15:00": 12.6226015,
                    "2015-01-26T10:30:00": 12.731684,
                    "2015-01-26T10:45:00": 13.1699505,
                    "2015-01-26T11:00:00": 13.131819,
                    "2015-01-26T11:15:00": 14.210768,
                    "2015-01-26T11:30:00": 14.141814,
                    "2015-01-26T11:45:00": 13.400873,
                    "2015-01-26T12:00:00": 14.246423,
                    "2015-01-26T12:15:00": 14.407221,
                    "2015-01-26T12:30:00": 14.308483,
                    "2015-01-26T12:45:00": 14.33533,
                    "2015-01-26T13:00:00": 13.972357,
                    "2015-01-26T13:15:00": 13.211601,
                    "2015-01-26T13:30:00": 13.140113,
                    "2015-01-26T13:45:00": 12.177921,
                    "2015-01-26T14:00:00": 12.959054,
                    "2015-01-26T14:15:00": 13.436063,
                    "2015-01-26T14:30:00": 13.287879,
                    "2015-01-26T14:45:00": 13.1956835,
                    "2015-01-26T15:00:00": 14.183085,
                    "2015-01-26T15:15:00": 13.458556,
                    "2015-01-26T15:30:00": 13.454759,
                    "2015-01-26T15:45:00": 13.953574,
                    "2015-01-26T16:00:00": 13.371991,
                    "2015-01-26T16:15:00": 12.581287,
                    "2015-01-26T16:30:00": 12.85003,
                    "2015-01-26T16:45:00": 12.79899,
                    "2015-01-26T17:00:00": 12.547293,
                    "2015-01-26T17:15:00": 12.120301,
                    "2015-01-26T17:30:00": 12.741755,
                    "2015-01-26T17:45:00": 12.27605,
                    "2015-01-26T18:00:00": 12.315939,
                    "2015-01-26T18:15:00": 12.689208,
                    "2015-01-26T18:30:00": 12.870895,
                    "2015-01-26T18:45:00": 12.364324,
                    "2015-01-26T19:00:00": 12.385021,
                    "2015-01-26T19:15:00": 12.51833,
                    "2015-01-26T19:30:00": 12.103544,
                    "2015-01-26T19:45:00": 12.742589,
                    "2015-01-26T20:00:00": 12.180836,
                    "2015-01-26T20:15:00": 12.729672,
                    "2015-01-26T20:30:00": 13.434704,
                    "2015-01-26T20:45:00": 13.336596,
                    "2015-01-26T21:00:00": 13.228257,
                    "2015-01-26T21:15:00": 12.547687,
                    "2015-01-26T21:30:00": 12.056081,
                    "2015-01-26T21:45:00": 12.397439,
                    "2015-01-26T22:00:00": 12.452232,
                    "2015-01-26T22:15:00": 12.592371,
                    "2015-01-26T22:30:00": 12.259571,
                    "2015-01-26T22:45:00": 12.522506,
                    "2015-01-26T23:00:00": 13.294057,
                    "2015-01-26T23:15:00": 12.770309,
                    "2015-01-26T23:30:00": 13.054302,
                    "2015-01-26T23:45:00": 12.779622,
                    "2015-01-27T00:00:00": 12.789136,
                    "2015-01-27T00:15:00": 13.5640955,
                    "2015-01-27T00:30:00": 13.274502,
                    "2015-01-27T00:45:00": 13.532761,
                    "2015-01-27T01:00:00": 13.131593,
                    "2015-01-27T01:15:00": 13.20322,
                    "2015-01-27T01:30:00": 12.792088,
                    "2015-01-27T01:45:00": 12.839681,
                    "2015-01-27T02:00:00": 13.158018
                }
            },
            "geometry": {
                "type": "LineString",
                "coordinates": [
                    [
                        114.09971256,
                        22.54113738
                    ],
                    [
                        114.09981282,
                        22.53864749
                    ]
                ]
            }
        },
        {
            "type": "Feature",
            "properties": {
                "Id": "90219",
                "道路序": 3,
                "speeds": {
                    "2015-01-26T02:15:00": 8.881506,
                    "2015-01-26T02:30:00": 9.5835085,
                    "2015-01-26T02:45:00": 9.388092,
                    "2015-01-26T03:00:00": 9.461217,
                    "2015-01-26T03:15:00": 10.0055275,
                    "2015-01-26T03:30:00": 10.444693,
                    "2015-01-26T03:45:00": 10.813473,
                    "2015-01-26T04:00:00": 10.72376,
                    "2015-01-26T04:15:00": 10.596336,
                    "2015-01-26T04:30:00": 10.55219,
                    "2015-01-26T04:45:00": 11.000801,
                    "2015-01-26T05:00:00": 11.240287,
                    "2015-01-26T05:15:00": 11.469117,
                    "2015-01-26T05:30:00": 11.8638525,
                    "2015-01-26T05:45:00": 12.252472,
                    "2015-01-26T06:00:00": 11.8880205,
                    "2015-01-26T06:15:00": 11.743845,
                    "2015-01-26T06:30:00": 11.139615,
                    "2015-01-26T06:45:00": 10.299009,
                    "2015-01-26T07:00:00": 9.036539,
                    "2015-01-26T07:15:00": 9.699244,
                    "2015-01-26T07:30:00": 9.834515,
                    "2015-01-26T07:45:00": 9.56389,
                    "2015-01-26T08:00:00": 9.174806,
                    "2015-01-26T08:15:00": 8.667796,
                    "2015-01-26T08:30:00": 8.243421,
                    "2015-01-26T08:45:00": 7.728741,
                    "2015-01-26T09:00:00": 8.376585,
                    "2015-01-26T09:15:00": 9.074229,
                    "2015-01-26T09:30:00": 8.450304,
                    "2015-01-26T09:45:00": 9.906199,
                    "2015-01-26T10:00:00": 10.708922,
                    "2015-01-26T10:15:00": 10.456818,
                    "2015-01-26T10:30:00": 11.581938,
                    "2015-01-26T10:45:00": 12.389332,
                    "2015-01-26T11:00:00": 12.608821,
                    "2015-01-26T11:15:00": 13.438065,
                    "2015-01-26T11:30:00": 12.996725,
                    "2015-01-26T11:45:00": 12.494051,
                    "2015-01-26T12:00:00": 12.4010725,
                    "2015-01-26T12:15:00": 13.77648,
                    "2015-01-26T12:30:00": 13.424346,
                    "2015-01-26T12:45:00": 12.68002,
                    "2015-01-26T13:00:00": 12.636618,
                    "2015-01-26T13:15:00": 12.246889,
                    "2015-01-26T13:30:00": 11.606855,
                    "2015-01-26T13:45:00": 11.2912445,
                    "2015-01-26T14:00:00": 10.330469,
                    "2015-01-26T14:15:00": 9.822731,
                    "2015-01-26T14:30:00": 9.860925,
                    "2015-01-26T14:45:00": 9.348554,
                    "2015-01-26T15:00:00": 10.331151,
                    "2015-01-26T15:15:00": 11.278664,
                    "2015-01-26T15:30:00": 12.285957,
                    "2015-01-26T15:45:00": 12.876579,
                    "2015-01-26T16:00:00": 11.904917,
                    "2015-01-26T16:15:00": 11.152715,
                    "2015-01-26T16:30:00": 10.9735565,
                    "2015-01-26T16:45:00": 11.087548,
                    "2015-01-26T17:00:00": 10.79951,
                    "2015-01-26T17:15:00": 10.376958,
                    "2015-01-26T17:30:00": 10.268073,
                    "2015-01-26T17:45:00": 10.7612095,
                    "2015-01-26T18:00:00": 10.755465,
                    "2015-01-26T18:15:00": 10.930336,
                    "2015-01-26T18:30:00": 10.633422,
                    "2015-01-26T18:45:00": 11.279466,
                    "2015-01-26T19:00:00": 10.655167,
                    "2015-01-26T19:15:00": 10.379718,
                    "2015-01-26T19:30:00": 10.569393,
                    "2015-01-26T19:45:00": 10.881198,
                    "2015-01-26T20:00:00": 11.23434,
                    "2015-01-26T20:15:00": 10.598832,
                    "2015-01-26T20:30:00": 10.4073715,
                    "2015-01-26T20:45:00": 10.702654,
                    "2015-01-26T21:00:00": 9.918161,
                    "2015-01-26T21:15:00": 9.715674,
                    "2015-01-26T21:30:00": 9.403429,
                    "2015-01-26T21:45:00": 9.684963,
                    "2015-01-26T22:00:00": 9.112841,
                    "2015-01-26T22:15:00": 10.000386,
                    "2015-01-26T22:30:00": 10.364204,
                    "2015-01-26T22:45:00": 10.391335,
                    "2015-01-26T23:00:00": 10.865684,
                    "2015-01-26T23:15:00": 10.691532,
                    "2015-01-26T23:30:00": 10.063666,
                    "2015-01-26T23:45:00": 10.295822,
                    "2015-01-27T00:00:00": 9.384214,
                    "2015-01-27T00:15:00": 9.069102,
                    "2015-01-27T00:30:00": 8.929468,
                    "2015-01-27T00:45:00": 8.66854,
                    "2015-01-27T01:00:00": 9.049106,
                    "2015-01-27T01:15:00": 9.964736,
                    "2015-01-27T01:30:00": 10.375753,
                    "2015-01-27T01:45:00": 10.24184,
                    "2015-01-27T02:00:00": 10.104318
                }
            },
            "geometry": {
                "type": "LineString",
                "coordinates": [
                    [
                        114.09971256,
                        22.54113738
                    ],
                    [
                        114.102380862739665,
                        22.541151785669417
                    ]
                ]
            }
        },
        {
            "type": "Feature",
            "properties": {
                "Id": "90220",
                "道路序": 4,
                "speeds": {
                    "2015-01-26T02:15:00": 10.583203,
                    "2015-01-26T02:30:00": 10.372686,
                    "2015-01-26T02:45:00": 10.732054,
                    "2015-01-26T03:00:00": 11.587209,
                    "2015-01-26T03:15:00": 11.029429,
                    "2015-01-26T03:30:00": 9.958385,
                    "2015-01-26T03:45:00": 10.014024,
                    "2015-01-26T04:00:00": 10.3438,
                    "2015-01-26T04:15:00": 10.904972,
                    "2015-01-26T04:30:00": 11.160241,
                    "2015-01-26T04:45:00": 11.292627,
                    "2015-01-26T05:00:00": 11.165588,
                    "2015-01-26T05:15:00": 10.402888,
                    "2015-01-26T05:30:00": 10.672504,
                    "2015-01-26T05:45:00": 10.66481,
                    "2015-01-26T06:00:00": 10.37391,
                    "2015-01-26T06:15:00": 10.603902,
                    "2015-01-26T06:30:00": 9.984863,
                    "2015-01-26T06:45:00": 10.005417,
                    "2015-01-26T07:00:00": 9.686706,
                    "2015-01-26T07:15:00": 9.230496,
                    "2015-01-26T07:30:00": 10.147068,
                    "2015-01-26T07:45:00": 9.960877,
                    "2015-01-26T08:00:00": 10.262202,
                    "2015-01-26T08:15:00": 9.850293,
                    "2015-01-26T08:30:00": 9.241368,
                    "2015-01-26T08:45:00": 9.83102,
                    "2015-01-26T09:00:00": 10.715917,
                    "2015-01-26T09:15:00": 10.24235,
                    "2015-01-26T09:30:00": 9.328201,
                    "2015-01-26T09:45:00": 8.871378,
                    "2015-01-26T10:00:00": 9.251165,
                    "2015-01-26T10:15:00": 10.186289,
                    "2015-01-26T10:30:00": 9.630439,
                    "2015-01-26T10:45:00": 10.147288,
                    "2015-01-26T11:00:00": 9.891386,
                    "2015-01-26T11:15:00": 10.014527,
                    "2015-01-26T11:30:00": 11.133034,
                    "2015-01-26T11:45:00": 10.308542,
                    "2015-01-26T12:00:00": 10.632501,
                    "2015-01-26T12:15:00": 10.50585,
                    "2015-01-26T12:30:00": 10.732313,
                    "2015-01-26T12:45:00": 10.974977,
                    "2015-01-26T13:00:00": 10.872279,
                    "2015-01-26T13:15:00": 10.750515,
                    "2015-01-26T13:30:00": 11.160376,
                    "2015-01-26T13:45:00": 11.618279,
                    "2015-01-26T14:00:00": 12.791742,
                    "2015-01-26T14:15:00": 12.541643,
                    "2015-01-26T14:30:00": 11.580988,
                    "2015-01-26T14:45:00": 11.1393795,
                    "2015-01-26T15:00:00": 11.095915,
                    "2015-01-26T15:15:00": 10.5137415,
                    "2015-01-26T15:30:00": 9.222855,
                    "2015-01-26T15:45:00": 9.040413,
                    "2015-01-26T16:00:00": 10.571059,
                    "2015-01-26T16:15:00": 11.155883,
                    "2015-01-26T16:30:00": 11.408055,
                    "2015-01-26T16:45:00": 11.074617,
                    "2015-01-26T17:00:00": 10.7659,
                    "2015-01-26T17:15:00": 10.833921,
                    "2015-01-26T17:30:00": 11.208626,
                    "2015-01-26T17:45:00": 10.946757,
                    "2015-01-26T18:00:00": 11.467859,
                    "2015-01-26T18:15:00": 11.663588,
                    "2015-01-26T18:30:00": 12.120431,
                    "2015-01-26T18:45:00": 11.380541,
                    "2015-01-26T19:00:00": 11.021883,
                    "2015-01-26T19:15:00": 10.868136,
                    "2015-01-26T19:30:00": 10.566456,
                    "2015-01-26T19:45:00": 11.262497,
                    "2015-01-26T20:00:00": 11.142587,
                    "2015-01-26T20:15:00": 10.89026,
                    "2015-01-26T20:30:00": 11.154942,
                    "2015-01-26T20:45:00": 11.273639,
                    "2015-01-26T21:00:00": 10.42193,
                    "2015-01-26T21:15:00": 10.994211,
                    "2015-01-26T21:30:00": 10.843483,
                    "2015-01-26T21:45:00": 10.809945,
                    "2015-01-26T22:00:00": 10.939341,
                    "2015-01-26T22:15:00": 10.904603,
                    "2015-01-26T22:30:00": 10.616454,
                    "2015-01-26T22:45:00": 10.641255,
                    "2015-01-26T23:00:00": 10.723472,
                    "2015-01-26T23:15:00": 10.762933,
                    "2015-01-26T23:30:00": 11.033634,
                    "2015-01-26T23:45:00": 11.5193405,
                    "2015-01-27T00:00:00": 11.309164,
                    "2015-01-27T00:15:00": 11.332262,
                    "2015-01-27T00:30:00": 11.42846,
                    "2015-01-27T00:45:00": 11.527837,
                    "2015-01-27T01:00:00": 10.739384,
                    "2015-01-27T01:15:00": 10.835568,
                    "2015-01-27T01:30:00": 10.62195,
                    "2015-01-27T01:45:00": 11.113608,
                    "2015-01-27T02:00:00": 11.225834
                }
            },
            "geometry": {
                "type": "LineString",
                "coordinates": [
                    [
                        114.09971256,
                        22.54113738
                    ],
                    [
                        114.0996726,
                        22.5434673
                    ],
                    [
                        114.099672600000019,
                        22.54350726
                    ]
                ]
            }
        },
        {
            "type": "Feature",
            "properties": {
                "Id": "90221",
                "道路序": 5,
                "speeds": {
                    "2015-01-26T02:15:00": 8.214035,
                    "2015-01-26T02:30:00": 8.805799,
                    "2015-01-26T02:45:00": 8.566539,
                    "2015-01-26T03:00:00": 8.368727,
                    "2015-01-26T03:15:00": 8.998484,
                    "2015-01-26T03:30:00": 8.930884,
                    "2015-01-26T03:45:00": 9.090866,
                    "2015-01-26T04:00:00": 8.565819,
                    "2015-01-26T04:15:00": 8.072403,
                    "2015-01-26T04:30:00": 7.957561,
                    "2015-01-26T04:45:00": 8.372787,
                    "2015-01-26T05:00:00": 8.297148,
                    "2015-01-26T05:15:00": 7.805989,
                    "2015-01-26T05:30:00": 8.06888,
                    "2015-01-26T05:45:00": 8.711501,
                    "2015-01-26T06:00:00": 8.217423,
                    "2015-01-26T06:15:00": 8.259828,
                    "2015-01-26T06:30:00": 8.308394,
                    "2015-01-26T06:45:00": 8.415244,
                    "2015-01-26T07:00:00": 8.398732,
                    "2015-01-26T07:15:00": 8.3085,
                    "2015-01-26T07:30:00": 7.757575,
                    "2015-01-26T07:45:00": 8.395224,
                    "2015-01-26T08:00:00": 8.024844,
                    "2015-01-26T08:15:00": 8.148538,
                    "2015-01-26T08:30:00": 8.545077,
                    "2015-01-26T08:45:00": 7.1972466,
                    "2015-01-26T09:00:00": 7.587479,
                    "2015-01-26T09:15:00": 8.2987995,
                    "2015-01-26T09:30:00": 8.002289,
                    "2015-01-26T09:45:00": 8.600662,
                    "2015-01-26T10:00:00": 8.853358,
                    "2015-01-26T10:15:00": 8.661355,
                    "2015-01-26T10:30:00": 7.2580256,
                    "2015-01-26T10:45:00": 7.3678946,
                    "2015-01-26T11:00:00": 7.8865104,
                    "2015-01-26T11:15:00": 7.958238,
                    "2015-01-26T11:30:00": 8.143599,
                    "2015-01-26T11:45:00": 8.142777,
                    "2015-01-26T12:00:00": 8.553871,
                    "2015-01-26T12:15:00": 9.125686,
                    "2015-01-26T12:30:00": 9.392912,
                    "2015-01-26T12:45:00": 8.938003,
                    "2015-01-26T13:00:00": 9.276822,
                    "2015-01-26T13:15:00": 10.09192,
                    "2015-01-26T13:30:00": 9.275645,
                    "2015-01-26T13:45:00": 8.39554,
                    "2015-01-26T14:00:00": 8.095468,
                    "2015-01-26T14:15:00": 7.8156705,
                    "2015-01-26T14:30:00": 7.4066315,
                    "2015-01-26T14:45:00": 6.772684,
                    "2015-01-26T15:00:00": 7.731146,
                    "2015-01-26T15:15:00": 8.813541,
                    "2015-01-26T15:30:00": 9.711307,
                    "2015-01-26T15:45:00": 9.474556,
                    "2015-01-26T16:00:00": 9.016268,
                    "2015-01-26T16:15:00": 8.121753,
                    "2015-01-26T16:30:00": 8.188622,
                    "2015-01-26T16:45:00": 8.2677765,
                    "2015-01-26T17:00:00": 8.296989,
                    "2015-01-26T17:15:00": 8.119881,
                    "2015-01-26T17:30:00": 8.335597,
                    "2015-01-26T17:45:00": 8.105687,
                    "2015-01-26T18:00:00": 7.8694844,
                    "2015-01-26T18:15:00": 8.007304,
                    "2015-01-26T18:30:00": 7.9044147,
                    "2015-01-26T18:45:00": 8.177213,
                    "2015-01-26T19:00:00": 7.71328,
                    "2015-01-26T19:15:00": 7.375311,
                    "2015-01-26T19:30:00": 7.366195,
                    "2015-01-26T19:45:00": 7.171686,
                    "2015-01-26T20:00:00": 7.6313233,
                    "2015-01-26T20:15:00": 7.7889295,
                    "2015-01-26T20:30:00": 7.9499817,
                    "2015-01-26T20:45:00": 8.858945,
                    "2015-01-26T21:00:00": 8.010098,
                    "2015-01-26T21:15:00": 8.712591,
                    "2015-01-26T21:30:00": 8.532636,
                    "2015-01-26T21:45:00": 8.699678,
                    "2015-01-26T22:00:00": 8.110324,
                    "2015-01-26T22:15:00": 8.610219,
                    "2015-01-26T22:30:00": 8.204972,
                    "2015-01-26T22:45:00": 9.2340765,
                    "2015-01-26T23:00:00": 9.976285,
                    "2015-01-26T23:15:00": 9.422898,
                    "2015-01-26T23:30:00": 9.569098,
                    "2015-01-26T23:45:00": 10.101078,
                    "2015-01-27T00:00:00": 9.321961,
                    "2015-01-27T00:15:00": 9.52238,
                    "2015-01-27T00:30:00": 8.840528,
                    "2015-01-27T00:45:00": 8.757476,
                    "2015-01-27T01:00:00": 8.644084,
                    "2015-01-27T01:15:00": 8.789133,
                    "2015-01-27T01:30:00": 8.797197,
                    "2015-01-27T01:45:00": 8.568823,
                    "2015-01-27T02:00:00": 8.227182
                }
            },
            "geometry": {
                "type": "LineString",
                "coordinates": [
                    [
                        114.099711359781622,
                        22.541207360300021
                    ],
                    [
                        114.10089336,
                        22.5412272
                    ]
                ]
            }
        },
        {
            "type": "Feature",
            "properties": {
                "Id": "90222",
                "道路序": 6,
                "speeds": {
                    "2015-01-26T02:15:00": 20.603235,
                    "2015-01-26T02:30:00": 21.12703,
                    "2015-01-26T02:45:00": 22.603224,
                    "2015-01-26T03:00:00": 21.748962,
                    "2015-01-26T03:15:00": 20.901377,
                    "2015-01-26T03:30:00": 21.60184,
                    "2015-01-26T03:45:00": 21.92453,
                    "2015-01-26T04:00:00": 19.713764,
                    "2015-01-26T04:15:00": 20.525084,
                    "2015-01-26T04:30:00": 22.265009,
                    "2015-01-26T04:45:00": 21.543226,
                    "2015-01-26T05:00:00": 20.93396,
                    "2015-01-26T05:15:00": 21.837275,
                    "2015-01-26T05:30:00": 21.569252,
                    "2015-01-26T05:45:00": 21.996166,
                    "2015-01-26T06:00:00": 21.550627,
                    "2015-01-26T06:15:00": 20.746704,
                    "2015-01-26T06:30:00": 20.024359,
                    "2015-01-26T06:45:00": 19.778244,
                    "2015-01-26T07:00:00": 19.36111,
                    "2015-01-26T07:15:00": 17.137323,
                    "2015-01-26T07:30:00": 18.75907,
                    "2015-01-26T07:45:00": 19.338696,
                    "2015-01-26T08:00:00": 17.757988,
                    "2015-01-26T08:15:00": 16.169525,
                    "2015-01-26T08:30:00": 18.457731,
                    "2015-01-26T08:45:00": 18.693108,
                    "2015-01-26T09:00:00": 19.670034,
                    "2015-01-26T09:15:00": 19.58901,
                    "2015-01-26T09:30:00": 19.155024,
                    "2015-01-26T09:45:00": 19.534067,
                    "2015-01-26T10:00:00": 20.134699,
                    "2015-01-26T10:15:00": 20.487654,
                    "2015-01-26T10:30:00": 20.310884,
                    "2015-01-26T10:45:00": 20.149147,
                    "2015-01-26T11:00:00": 19.441406,
                    "2015-01-26T11:15:00": 18.819887,
                    "2015-01-26T11:30:00": 19.12801,
                    "2015-01-26T11:45:00": 19.540754,
                    "2015-01-26T12:00:00": 20.30657,
                    "2015-01-26T12:15:00": 20.71321,
                    "2015-01-26T12:30:00": 22.162466,
                    "2015-01-26T12:45:00": 21.666553,
                    "2015-01-26T13:00:00": 20.387854,
                    "2015-01-26T13:15:00": 21.483839,
                    "2015-01-26T13:30:00": 21.122105,
                    "2015-01-26T13:45:00": 19.956053,
                    "2015-01-26T14:00:00": 21.806932,
                    "2015-01-26T14:15:00": 19.980179,
                    "2015-01-26T14:30:00": 20.709902,
                    "2015-01-26T14:45:00": 21.99535,
                    "2015-01-26T15:00:00": 20.88176,
                    "2015-01-26T15:15:00": 20.881557,
                    "2015-01-26T15:30:00": 21.994102,
                    "2015-01-26T15:45:00": 21.915348,
                    "2015-01-26T16:00:00": 19.861967,
                    "2015-01-26T16:15:00": 20.977472,
                    "2015-01-26T16:30:00": 21.918295,
                    "2015-01-26T16:45:00": 21.427275,
                    "2015-01-26T17:00:00": 22.374231,
                    "2015-01-26T17:15:00": 22.241787,
                    "2015-01-26T17:30:00": 23.29134,
                    "2015-01-26T17:45:00": 23.807499,
                    "2015-01-26T18:00:00": 22.316439,
                    "2015-01-26T18:15:00": 22.543684,
                    "2015-01-26T18:30:00": 21.611795,
                    "2015-01-26T18:45:00": 22.646746,
                    "2015-01-26T19:00:00": 21.947653,
                    "2015-01-26T19:15:00": 22.428213,
                    "2015-01-26T19:30:00": 21.506706,
                    "2015-01-26T19:45:00": 21.346413,
                    "2015-01-26T20:00:00": 20.808544,
                    "2015-01-26T20:15:00": 21.641815,
                    "2015-01-26T20:30:00": 20.53296,
                    "2015-01-26T20:45:00": 20.055616,
                    "2015-01-26T21:00:00": 20.195309,
                    "2015-01-26T21:15:00": 18.209898,
                    "2015-01-26T21:30:00": 18.55202,
                    "2015-01-26T21:45:00": 17.84317,
                    "2015-01-26T22:00:00": 17.484306,
                    "2015-01-26T22:15:00": 18.737034,
                    "2015-01-26T22:30:00": 18.244127,
                    "2015-01-26T22:45:00": 17.29744,
                    "2015-01-26T23:00:00": 18.257168,
                    "2015-01-26T23:15:00": 18.038727,
                    "2015-01-26T23:30:00": 18.45069,
                    "2015-01-26T23:45:00": 18.007088,
                    "2015-01-27T00:00:00": 18.325224,
                    "2015-01-27T00:15:00": 19.034609,
                    "2015-01-27T00:30:00": 18.755552,
                    "2015-01-27T00:45:00": 18.151134,
                    "2015-01-27T01:00:00": 18.897875,
                    "2015-01-27T01:15:00": 19.351995,
                    "2015-01-27T01:30:00": 19.34827,
                    "2015-01-27T01:45:00": 18.941986,
                    "2015-01-27T02:00:00": 20.013876
                }
            },
            "geometry": {
                "type": "LineString",
                "coordinates": [
                    [
                        114.10190388,
                        22.54263701
                    ],
                    [
                        114.1030845,
                        22.54285679
                    ]
                ]
            }
        },
        {
            "type": "Feature",
            "properties": {
                "Id": "90223",
                "道路序": 7,
                "speeds": {
                    "2015-01-26T02:15:00": 20.38279,
                    "2015-01-26T02:30:00": 20.491747,
                    "2015-01-26T02:45:00": 22.084633,
                    "2015-01-26T03:00:00": 21.909246,
                    "2015-01-26T03:15:00": 21.563068,
                    "2015-01-26T03:30:00": 23.051071,
                    "2015-01-26T03:45:00": 23.74381,
                    "2015-01-26T04:00:00": 21.69644,
                    "2015-01-26T04:15:00": 22.034788,
                    "2015-01-26T04:30:00": 22.45194,
                    "2015-01-26T04:45:00": 21.15101,
                    "2015-01-26T05:00:00": 20.456808,
                    "2015-01-26T05:15:00": 21.424889,
                    "2015-01-26T05:30:00": 21.842867,
                    "2015-01-26T05:45:00": 22.581854,
                    "2015-01-26T06:00:00": 22.028923,
                    "2015-01-26T06:15:00": 21.869833,
                    "2015-01-26T06:30:00": 21.433184,
                    "2015-01-26T06:45:00": 20.387169,
                    "2015-01-26T07:00:00": 19.966738,
                    "2015-01-26T07:15:00": 17.764479,
                    "2015-01-26T07:30:00": 19.53412,
                    "2015-01-26T07:45:00": 19.173025,
                    "2015-01-26T08:00:00": 17.431866,
                    "2015-01-26T08:15:00": 15.8656645,
                    "2015-01-26T08:30:00": 16.746956,
                    "2015-01-26T08:45:00": 17.17305,
                    "2015-01-26T09:00:00": 17.442575,
                    "2015-01-26T09:15:00": 17.292221,
                    "2015-01-26T09:30:00": 16.513144,
                    "2015-01-26T09:45:00": 16.490358,
                    "2015-01-26T10:00:00": 16.612774,
                    "2015-01-26T10:15:00": 17.392044,
                    "2015-01-26T10:30:00": 17.413984,
                    "2015-01-26T10:45:00": 17.857168,
                    "2015-01-26T11:00:00": 18.076815,
                    "2015-01-26T11:15:00": 17.652445,
                    "2015-01-26T11:30:00": 19.602839,
                    "2015-01-26T11:45:00": 19.959764,
                    "2015-01-26T12:00:00": 20.65317,
                    "2015-01-26T12:15:00": 21.611368,
                    "2015-01-26T12:30:00": 22.535639,
                    "2015-01-26T12:45:00": 22.337309,
                    "2015-01-26T13:00:00": 21.446787,
                    "2015-01-26T13:15:00": 21.806274,
                    "2015-01-26T13:30:00": 21.520458,
                    "2015-01-26T13:45:00": 20.381716,
                    "2015-01-26T14:00:00": 20.118511,
                    "2015-01-26T14:15:00": 18.116795,
                    "2015-01-26T14:30:00": 18.288824,
                    "2015-01-26T14:45:00": 18.712788,
                    "2015-01-26T15:00:00": 18.332548,
                    "2015-01-26T15:15:00": 18.036692,
                    "2015-01-26T15:30:00": 18.43814,
                    "2015-01-26T15:45:00": 20.07867,
                    "2015-01-26T16:00:00": 19.519283,
                    "2015-01-26T16:15:00": 21.04481,
                    "2015-01-26T16:30:00": 21.540033,
                    "2015-01-26T16:45:00": 20.583645,
                    "2015-01-26T17:00:00": 21.246532,
                    "2015-01-26T17:15:00": 21.148956,
                    "2015-01-26T17:30:00": 21.50125,
                    "2015-01-26T17:45:00": 21.531599,
                    "2015-01-26T18:00:00": 20.888998,
                    "2015-01-26T18:15:00": 20.730154,
                    "2015-01-26T18:30:00": 19.457478,
                    "2015-01-26T18:45:00": 19.841908,
                    "2015-01-26T19:00:00": 19.366987,
                    "2015-01-26T19:15:00": 20.016956,
                    "2015-01-26T19:30:00": 19.535177,
                    "2015-01-26T19:45:00": 19.427233,
                    "2015-01-26T20:00:00": 19.074709,
                    "2015-01-26T20:15:00": 19.384382,
                    "2015-01-26T20:30:00": 19.600664,
                    "2015-01-26T20:45:00": 20.137247,
                    "2015-01-26T21:00:00": 21.139338,
                    "2015-01-26T21:15:00": 20.20753,
                    "2015-01-26T21:30:00": 20.795328,
                    "2015-01-26T21:45:00": 19.097832,
                    "2015-01-26T22:00:00": 18.691212,
                    "2015-01-26T22:15:00": 17.78892,
                    "2015-01-26T22:30:00": 17.284277,
                    "2015-01-26T22:45:00": 16.27696,
                    "2015-01-26T23:00:00": 16.538094,
                    "2015-01-26T23:15:00": 16.440922,
                    "2015-01-26T23:30:00": 17.076155,
                    "2015-01-26T23:45:00": 17.63956,
                    "2015-01-27T00:00:00": 17.998112,
                    "2015-01-27T00:15:00": 19.616802,
                    "2015-01-27T00:30:00": 19.803617,
                    "2015-01-27T00:45:00": 19.279913,
                    "2015-01-27T01:00:00": 19.467922,
                    "2015-01-27T01:15:00": 19.397308,
                    "2015-01-27T01:30:00": 18.32174,
                    "2015-01-27T01:45:00": 18.358402,
                    "2015-01-27T02:00:00": 18.42437
                }
            },
            "geometry": {
                "type": "LineString",
                "coordinates": [
                    [
                        114.1030845,
                        22.54285679
                    ],
                    [
                        114.10392492,
                        22.54302666
                    ]
                ]
            }
        },
        {
            "type": "Feature",
            "properties": {
                "Id": "90224",
                "道路序": 8,
                "speeds": {
                    "2015-01-26T02:15:00": 13.7687235,
                    "2015-01-26T02:30:00": 14.556374,
                    "2015-01-26T02:45:00": 15.614241,
                    "2015-01-26T03:00:00": 15.764786,
                    "2015-01-26T03:15:00": 15.267799,
                    "2015-01-26T03:30:00": 15.376512,
                    "2015-01-26T03:45:00": 15.319635,
                    "2015-01-26T04:00:00": 13.613234,
                    "2015-01-26T04:15:00": 13.67863,
                    "2015-01-26T04:30:00": 14.798437,
                    "2015-01-26T04:45:00": 14.295643,
                    "2015-01-26T05:00:00": 14.458802,
                    "2015-01-26T05:15:00": 15.073828,
                    "2015-01-26T05:30:00": 14.882996,
                    "2015-01-26T05:45:00": 15.193245,
                    "2015-01-26T06:00:00": 15.763615,
                    "2015-01-26T06:15:00": 14.639036,
                    "2015-01-26T06:30:00": 13.450631,
                    "2015-01-26T06:45:00": 12.791853,
                    "2015-01-26T07:00:00": 11.7432785,
                    "2015-01-26T07:15:00": 10.764186,
                    "2015-01-26T07:30:00": 11.594015,
                    "2015-01-26T07:45:00": 12.866676,
                    "2015-01-26T08:00:00": 12.217604,
                    "2015-01-26T08:15:00": 11.695739,
                    "2015-01-26T08:30:00": 12.269982,
                    "2015-01-26T08:45:00": 12.827071,
                    "2015-01-26T09:00:00": 13.502798,
                    "2015-01-26T09:15:00": 13.427649,
                    "2015-01-26T09:30:00": 13.46795,
                    "2015-01-26T09:45:00": 13.351893,
                    "2015-01-26T10:00:00": 13.149627,
                    "2015-01-26T10:15:00": 13.378687,
                    "2015-01-26T10:30:00": 13.768301,
                    "2015-01-26T10:45:00": 13.541545,
                    "2015-01-26T11:00:00": 13.549614,
                    "2015-01-26T11:15:00": 13.244457,
                    "2015-01-26T11:30:00": 13.60168,
                    "2015-01-26T11:45:00": 13.682216,
                    "2015-01-26T12:00:00": 13.974051,
                    "2015-01-26T12:15:00": 15.06009,
                    "2015-01-26T12:30:00": 16.024744,
                    "2015-01-26T12:45:00": 15.237204,
                    "2015-01-26T13:00:00": 13.938536,
                    "2015-01-26T13:15:00": 13.229093,
                    "2015-01-26T13:30:00": 12.443429,
                    "2015-01-26T13:45:00": 11.6047,
                    "2015-01-26T14:00:00": 12.700142,
                    "2015-01-26T14:15:00": 12.639234,
                    "2015-01-26T14:30:00": 12.938932,
                    "2015-01-26T14:45:00": 14.482976,
                    "2015-01-26T15:00:00": 14.62719,
                    "2015-01-26T15:15:00": 14.447397,
                    "2015-01-26T15:30:00": 13.9443245,
                    "2015-01-26T15:45:00": 13.636001,
                    "2015-01-26T16:00:00": 13.380924,
                    "2015-01-26T16:15:00": 13.107607,
                    "2015-01-26T16:30:00": 13.847655,
                    "2015-01-26T16:45:00": 13.341889,
                    "2015-01-26T17:00:00": 14.552745,
                    "2015-01-26T17:15:00": 14.889783,
                    "2015-01-26T17:30:00": 16.244656,
                    "2015-01-26T17:45:00": 17.208754,
                    "2015-01-26T18:00:00": 16.490688,
                    "2015-01-26T18:15:00": 16.353756,
                    "2015-01-26T18:30:00": 16.569641,
                    "2015-01-26T18:45:00": 16.329752,
                    "2015-01-26T19:00:00": 15.216592,
                    "2015-01-26T19:15:00": 15.417308,
                    "2015-01-26T19:30:00": 14.962509,
                    "2015-01-26T19:45:00": 14.518045,
                    "2015-01-26T20:00:00": 15.228717,
                    "2015-01-26T20:15:00": 15.250452,
                    "2015-01-26T20:30:00": 14.723604,
                    "2015-01-26T20:45:00": 14.326901,
                    "2015-01-26T21:00:00": 14.373673,
                    "2015-01-26T21:15:00": 13.547065,
                    "2015-01-26T21:30:00": 13.483838,
                    "2015-01-26T21:45:00": 13.099077,
                    "2015-01-26T22:00:00": 12.128241,
                    "2015-01-26T22:15:00": 12.607208,
                    "2015-01-26T22:30:00": 12.180225,
                    "2015-01-26T22:45:00": 11.279562,
                    "2015-01-26T23:00:00": 11.961769,
                    "2015-01-26T23:15:00": 12.015405,
                    "2015-01-26T23:30:00": 11.951977,
                    "2015-01-26T23:45:00": 12.560335,
                    "2015-01-27T00:00:00": 12.550356,
                    "2015-01-27T00:15:00": 14.326609,
                    "2015-01-27T00:30:00": 14.827968,
                    "2015-01-27T00:45:00": 14.684153,
                    "2015-01-27T01:00:00": 14.731937,
                    "2015-01-27T01:15:00": 14.420599,
                    "2015-01-27T01:30:00": 13.932257,
                    "2015-01-27T01:45:00": 13.539211,
                    "2015-01-27T02:00:00": 13.722488
                }
            },
            "geometry": {
                "type": "LineString",
                "coordinates": [
                    [
                        114.1030845,
                        22.54285679
                    ],
                    [
                        114.10295436,
                        22.5435668
                    ]
                ]
            }
        },
        {
            "type": "Feature",
            "properties": {
                "Id": "90225",
                "道路序": 9,
                "speeds": {
                    "2015-01-26T02:15:00": 1.8396642,
                    "2015-01-26T02:30:00": 1.764394,
                    "2015-01-26T02:45:00": 1.4060172,
                    "2015-01-26T03:00:00": 2.0283675,
                    "2015-01-26T03:15:00": 1.5403357,
                    "2015-01-26T03:30:00": 1.3795279,
                    "2015-01-26T03:45:00": 1.5127879,
                    "2015-01-26T04:00:00": 1.1488718,
                    "2015-01-26T04:15:00": 0.5634653,
                    "2015-01-26T04:30:00": 0.46978924,
                    "2015-01-26T04:45:00": 0.49408728,
                    "2015-01-26T05:00:00": 0.43869668,
                    "2015-01-26T05:15:00": 0.6088405,
                    "2015-01-26T05:30:00": 0.94983387,
                    "2015-01-26T05:45:00": 1.7655653,
                    "2015-01-26T06:00:00": 2.0355318,
                    "2015-01-26T06:15:00": 1.4776273,
                    "2015-01-26T06:30:00": 0.69347566,
                    "2015-01-26T06:45:00": 0.30979997,
                    "2015-01-26T07:00:00": 0.16783261,
                    "2015-01-26T07:15:00": 0.36528894,
                    "2015-01-26T07:30:00": 0.29075322,
                    "2015-01-26T07:45:00": 1.1949886,
                    "2015-01-26T08:00:00": 0.98320884,
                    "2015-01-26T08:15:00": 0.4696524,
                    "2015-01-26T08:30:00": 0.08534313,
                    "2015-01-26T08:45:00": 0.04243996,
                    "2015-01-26T09:00:00": 0.49117842,
                    "2015-01-26T09:15:00": 0.9310223,
                    "2015-01-26T09:30:00": 0.8184747,
                    "2015-01-26T09:45:00": 0.70380545,
                    "2015-01-26T10:00:00": 0.41916513,
                    "2015-01-26T10:15:00": 0.30448148,
                    "2015-01-26T10:30:00": 0.9094531,
                    "2015-01-26T10:45:00": 0.8851431,
                    "2015-01-26T11:00:00": 1.0527669,
                    "2015-01-26T11:15:00": 1.4854562,
                    "2015-01-26T11:30:00": 1.0921156,
                    "2015-01-26T11:45:00": 1.1890942,
                    "2015-01-26T12:00:00": 1.3059978,
                    "2015-01-26T12:15:00": 1.9829155,
                    "2015-01-26T12:30:00": 2.6384153,
                    "2015-01-26T12:45:00": 2.4409518,
                    "2015-01-26T13:00:00": 2.0425446,
                    "2015-01-26T13:15:00": 1.280483,
                    "2015-01-26T13:30:00": 0.91142356,
                    "2015-01-26T13:45:00": 0.42003873,
                    "2015-01-26T14:00:00": 0.15641561,
                    "2015-01-26T14:15:00": 0.8354862,
                    "2015-01-26T14:30:00": 0.5486546,
                    "2015-01-26T14:45:00": 0.58179444,
                    "2015-01-26T15:00:00": 1.3622764,
                    "2015-01-26T15:15:00": 1.3388689,
                    "2015-01-26T15:30:00": 1.5727698,
                    "2015-01-26T15:45:00": 1.965988,
                    "2015-01-26T16:00:00": 2.5823767,
                    "2015-01-26T16:15:00": 1.6661843,
                    "2015-01-26T16:30:00": 1.7084395,
                    "2015-01-26T16:45:00": 2.1716573,
                    "2015-01-26T17:00:00": 2.686793,
                    "2015-01-26T17:15:00": 2.2639415,
                    "2015-01-26T17:30:00": 2.315535,
                    "2015-01-26T17:45:00": 2.6981645,
                    "2015-01-26T18:00:00": 2.24453,
                    "2015-01-26T18:15:00": 2.103381,
                    "2015-01-26T18:30:00": 2.5512433,
                    "2015-01-26T18:45:00": 3.0178885,
                    "2015-01-26T19:00:00": 2.224012,
                    "2015-01-26T19:15:00": 1.883921,
                    "2015-01-26T19:30:00": 2.00328,
                    "2015-01-26T19:45:00": 1.484909,
                    "2015-01-26T20:00:00": 1.6198778,
                    "2015-01-26T20:15:00": 1.5700985,
                    "2015-01-26T20:30:00": 0.9359424,
                    "2015-01-26T20:45:00": 1.1329379,
                    "2015-01-26T21:00:00": 1.1660249,
                    "2015-01-26T21:15:00": 0.8806838,
                    "2015-01-26T21:30:00": 0.8117186,
                    "2015-01-26T21:45:00": 0.7313771,
                    "2015-01-26T22:00:00": 0.20970376,
                    "2015-01-26T22:15:00": 0.08585674,
                    "2015-01-26T22:30:00": 0.017628316,
                    "2015-01-26T22:45:00": 0.32680425,
                    "2015-01-26T23:00:00": 0.7566616,
                    "2015-01-26T23:15:00": 0.9922762,
                    "2015-01-26T23:30:00": 1.1566216,
                    "2015-01-26T23:45:00": 1.1850189,
                    "2015-01-27T00:00:00": 1.4332889,
                    "2015-01-27T00:15:00": 1.5558879,
                    "2015-01-27T00:30:00": 1.778583,
                    "2015-01-27T00:45:00": 1.6249324,
                    "2015-01-27T01:00:00": 1.0461403,
                    "2015-01-27T01:15:00": 0.6538341,
                    "2015-01-27T01:30:00": 0.85149926,
                    "2015-01-27T01:45:00": 0.9680862,
                    "2015-01-27T02:00:00": 1.114328
                }
            },
            "geometry": {
                "type": "LineString",
                "coordinates": [
                    [
                        114.10295436,
                        22.5435668
                    ],
                    [
                        114.10374474,
                        22.54371665
                    ]
                ]
            }
        },
        {
            "type": "Feature",
            "properties": {
                "Id": "90226",
                "道路序": 10,
                "speeds": {
                    "2015-01-26T02:15:00": 10.787395,
                    "2015-01-26T02:30:00": 10.319064,
                    "2015-01-26T02:45:00": 10.86519,
                    "2015-01-26T03:00:00": 11.721587,
                    "2015-01-26T03:15:00": 10.688522,
                    "2015-01-26T03:30:00": 11.277272,
                    "2015-01-26T03:45:00": 10.758733,
                    "2015-01-26T04:00:00": 10.519785,
                    "2015-01-26T04:15:00": 10.281312,
                    "2015-01-26T04:30:00": 10.108835,
                    "2015-01-26T04:45:00": 9.05032,
                    "2015-01-26T05:00:00": 9.016993,
                    "2015-01-26T05:15:00": 9.640726,
                    "2015-01-26T05:30:00": 9.813203,
                    "2015-01-26T05:45:00": 10.461939,
                    "2015-01-26T06:00:00": 11.667936,
                    "2015-01-26T06:15:00": 10.970431,
                    "2015-01-26T06:30:00": 10.105835,
                    "2015-01-26T06:45:00": 9.574686,
                    "2015-01-26T07:00:00": 10.060167,
                    "2015-01-26T07:15:00": 8.874133,
                    "2015-01-26T07:30:00": 9.47194,
                    "2015-01-26T07:45:00": 9.258706,
                    "2015-01-26T08:00:00": 8.947637,
                    "2015-01-26T08:15:00": 8.774795,
                    "2015-01-26T08:30:00": 8.871138,
                    "2015-01-26T08:45:00": 9.072827,
                    "2015-01-26T09:00:00": 8.851265,
                    "2015-01-26T09:15:00": 9.133582,
                    "2015-01-26T09:30:00": 8.941531,
                    "2015-01-26T09:45:00": 8.5812025,
                    "2015-01-26T10:00:00": 8.048926,
                    "2015-01-26T10:15:00": 8.582033,
                    "2015-01-26T10:30:00": 8.949312,
                    "2015-01-26T10:45:00": 8.302466,
                    "2015-01-26T11:00:00": 7.867022,
                    "2015-01-26T11:15:00": 7.876104,
                    "2015-01-26T11:30:00": 7.656514,
                    "2015-01-26T11:45:00": 8.421542,
                    "2015-01-26T12:00:00": 8.62135,
                    "2015-01-26T12:15:00": 10.170117,
                    "2015-01-26T12:30:00": 11.494543,
                    "2015-01-26T12:45:00": 11.330279,
                    "2015-01-26T13:00:00": 10.917318,
                    "2015-01-26T13:15:00": 10.781606,
                    "2015-01-26T13:30:00": 11.067143,
                    "2015-01-26T13:45:00": 10.188118,
                    "2015-01-26T14:00:00": 10.786554,
                    "2015-01-26T14:15:00": 9.747892,
                    "2015-01-26T14:30:00": 7.861747,
                    "2015-01-26T14:45:00": 8.66638,
                    "2015-01-26T15:00:00": 8.599947,
                    "2015-01-26T15:15:00": 9.18839,
                    "2015-01-26T15:30:00": 8.8287525,
                    "2015-01-26T15:45:00": 9.349854,
                    "2015-01-26T16:00:00": 8.928517,
                    "2015-01-26T16:15:00": 9.094851,
                    "2015-01-26T16:30:00": 9.871946,
                    "2015-01-26T16:45:00": 10.397248,
                    "2015-01-26T17:00:00": 11.371277,
                    "2015-01-26T17:15:00": 10.644078,
                    "2015-01-26T17:30:00": 12.208854,
                    "2015-01-26T17:45:00": 12.575724,
                    "2015-01-26T18:00:00": 12.34904,
                    "2015-01-26T18:15:00": 12.377577,
                    "2015-01-26T18:30:00": 13.3153305,
                    "2015-01-26T18:45:00": 13.287754,
                    "2015-01-26T19:00:00": 11.992091,
                    "2015-01-26T19:15:00": 12.489654,
                    "2015-01-26T19:30:00": 11.941138,
                    "2015-01-26T19:45:00": 11.588174,
                    "2015-01-26T20:00:00": 12.487887,
                    "2015-01-26T20:15:00": 11.648674,
                    "2015-01-26T20:30:00": 10.997389,
                    "2015-01-26T20:45:00": 10.898272,
                    "2015-01-26T21:00:00": 10.891581,
                    "2015-01-26T21:15:00": 10.003842,
                    "2015-01-26T21:30:00": 9.878675,
                    "2015-01-26T21:45:00": 9.430818,
                    "2015-01-26T22:00:00": 8.39592,
                    "2015-01-26T22:15:00": 8.745947,
                    "2015-01-26T22:30:00": 8.596443,
                    "2015-01-26T22:45:00": 7.95626,
                    "2015-01-26T23:00:00": 8.344127,
                    "2015-01-26T23:15:00": 8.411985,
                    "2015-01-26T23:30:00": 8.841761,
                    "2015-01-26T23:45:00": 9.084098,
                    "2015-01-27T00:00:00": 9.1568575,
                    "2015-01-27T00:15:00": 9.35836,
                    "2015-01-27T00:30:00": 10.377635,
                    "2015-01-27T00:45:00": 10.386361,
                    "2015-01-27T01:00:00": 10.036786,
                    "2015-01-27T01:15:00": 10.238346,
                    "2015-01-27T01:30:00": 10.172926,
                    "2015-01-27T01:45:00": 10.367742,
                    "2015-01-27T02:00:00": 10.420044
                }
            },
            "geometry": {
                "type": "LineString",
                "coordinates": [
                    [
                        114.10295436,
                        22.5435668
                    ],
                    [
                        114.10195374,
                        22.54338693
                    ]
                ]
            }
        },
        {
            "type": "Feature",
            "properties": {
                "Id": "92231",
                "道路序": 11,
                "speeds": {
                    "2015-01-26T02:15:00": 12.143443,
                    "2015-01-26T02:30:00": 12.397358,
                    "2015-01-26T02:45:00": 12.705893,
                    "2015-01-26T03:00:00": 12.608326,
                    "2015-01-26T03:15:00": 11.353224,
                    "2015-01-26T03:30:00": 11.522844,
                    "2015-01-26T03:45:00": 11.4769125,
                    "2015-01-26T04:00:00": 10.568203,
                    "2015-01-26T04:15:00": 11.215092,
                    "2015-01-26T04:30:00": 11.239543,
                    "2015-01-26T04:45:00": 10.216775,
                    "2015-01-26T05:00:00": 10.877112,
                    "2015-01-26T05:15:00": 10.284311,
                    "2015-01-26T05:30:00": 10.583352,
                    "2015-01-26T05:45:00": 11.114055,
                    "2015-01-26T06:00:00": 11.672319,
                    "2015-01-26T06:15:00": 12.935774,
                    "2015-01-26T06:30:00": 13.231008,
                    "2015-01-26T06:45:00": 10.841323,
                    "2015-01-26T07:00:00": 12.098447,
                    "2015-01-26T07:15:00": 11.80147,
                    "2015-01-26T07:30:00": 13.710402,
                    "2015-01-26T07:45:00": 12.640472,
                    "2015-01-26T08:00:00": 12.613524,
                    "2015-01-26T08:15:00": 11.998423,
                    "2015-01-26T08:30:00": 11.94014,
                    "2015-01-26T08:45:00": 11.821045,
                    "2015-01-26T09:00:00": 10.86086,
                    "2015-01-26T09:15:00": 10.917122,
                    "2015-01-26T09:30:00": 14.160972,
                    "2015-01-26T09:45:00": 15.847967,
                    "2015-01-26T10:00:00": 15.762794,
                    "2015-01-26T10:15:00": 14.1843815,
                    "2015-01-26T10:30:00": 13.307511,
                    "2015-01-26T10:45:00": 12.492179,
                    "2015-01-26T11:00:00": 14.122307,
                    "2015-01-26T11:15:00": 14.187814,
                    "2015-01-26T11:30:00": 10.087931,
                    "2015-01-26T11:45:00": 11.960905,
                    "2015-01-26T12:00:00": 11.997664,
                    "2015-01-26T12:15:00": 11.957362,
                    "2015-01-26T12:30:00": 13.720002,
                    "2015-01-26T12:45:00": 13.670571,
                    "2015-01-26T13:00:00": 13.693131,
                    "2015-01-26T13:15:00": 10.470084,
                    "2015-01-26T13:30:00": 11.127648,
                    "2015-01-26T13:45:00": 9.225374,
                    "2015-01-26T14:00:00": 9.158476,
                    "2015-01-26T14:15:00": 10.038288,
                    "2015-01-26T14:30:00": 10.406753,
                    "2015-01-26T14:45:00": 11.183493,
                    "2015-01-26T15:00:00": 10.354018,
                    "2015-01-26T15:15:00": 10.310947,
                    "2015-01-26T15:30:00": 10.339738,
                    "2015-01-26T15:45:00": 11.421323,
                    "2015-01-26T16:00:00": 13.047462,
                    "2015-01-26T16:15:00": 13.060461,
                    "2015-01-26T16:30:00": 11.592504,
                    "2015-01-26T16:45:00": 12.000424,
                    "2015-01-26T17:00:00": 11.3719635,
                    "2015-01-26T17:15:00": 11.202501,
                    "2015-01-26T17:30:00": 12.354459,
                    "2015-01-26T17:45:00": 10.964844,
                    "2015-01-26T18:00:00": 11.351026,
                    "2015-01-26T18:15:00": 12.452477,
                    "2015-01-26T18:30:00": 13.078783,
                    "2015-01-26T18:45:00": 12.828463,
                    "2015-01-26T19:00:00": 13.060221,
                    "2015-01-26T19:15:00": 13.127331,
                    "2015-01-26T19:30:00": 12.002944,
                    "2015-01-26T19:45:00": 12.631856,
                    "2015-01-26T20:00:00": 11.719451,
                    "2015-01-26T20:15:00": 11.501023,
                    "2015-01-26T20:30:00": 10.7821,
                    "2015-01-26T20:45:00": 11.229526,
                    "2015-01-26T21:00:00": 10.099182,
                    "2015-01-26T21:15:00": 9.452764,
                    "2015-01-26T21:30:00": 9.745564,
                    "2015-01-26T21:45:00": 9.321707,
                    "2015-01-26T22:00:00": 9.7417,
                    "2015-01-26T22:15:00": 9.290204,
                    "2015-01-26T22:30:00": 9.822255,
                    "2015-01-26T22:45:00": 9.020727,
                    "2015-01-26T23:00:00": 9.448185,
                    "2015-01-26T23:15:00": 10.793668,
                    "2015-01-26T23:30:00": 10.940973,
                    "2015-01-26T23:45:00": 9.987695,
                    "2015-01-27T00:00:00": 10.386361,
                    "2015-01-27T00:15:00": 12.294074,
                    "2015-01-27T00:30:00": 12.233373,
                    "2015-01-27T00:45:00": 11.784727,
                    "2015-01-27T01:00:00": 11.442899,
                    "2015-01-27T01:15:00": 11.988165,
                    "2015-01-27T01:30:00": 10.593942,
                    "2015-01-27T01:45:00": 13.289137,
                    "2015-01-27T02:00:00": 13.686113
                }
            },
            "geometry": {
                "type": "LineString",
                "coordinates": [
                    [
                        114.10390494,
                        22.54314663
                    ],
                    [
                        114.10456518,
                        22.54327655
                    ]
                ]
            }
        },
        {
            "type": "Feature",
            "properties": {
                "Id": "92237",
                "道路序": 12,
                "speeds": {
                    "2015-01-26T02:15:00": 17.41775,
                    "2015-01-26T02:30:00": 17.67968,
                    "2015-01-26T02:45:00": 17.98078,
                    "2015-01-26T03:00:00": 18.083424,
                    "2015-01-26T03:15:00": 17.984135,
                    "2015-01-26T03:30:00": 18.250366,
                    "2015-01-26T03:45:00": 18.28546,
                    "2015-01-26T04:00:00": 17.944078,
                    "2015-01-26T04:15:00": 18.138329,
                    "2015-01-26T04:30:00": 17.95053,
                    "2015-01-26T04:45:00": 17.897675,
                    "2015-01-26T05:00:00": 17.770046,
                    "2015-01-26T05:15:00": 17.816242,
                    "2015-01-26T05:30:00": 17.77682,
                    "2015-01-26T05:45:00": 17.53967,
                    "2015-01-26T06:00:00": 17.108488,
                    "2015-01-26T06:15:00": 16.951208,
                    "2015-01-26T06:30:00": 17.034693,
                    "2015-01-26T06:45:00": 18.0198,
                    "2015-01-26T07:00:00": 17.328419,
                    "2015-01-26T07:15:00": 17.198183,
                    "2015-01-26T07:30:00": 17.660297,
                    "2015-01-26T07:45:00": 16.970438,
                    "2015-01-26T08:00:00": 16.399132,
                    "2015-01-26T08:15:00": 16.823109,
                    "2015-01-26T08:30:00": 17.753326,
                    "2015-01-26T08:45:00": 15.730585,
                    "2015-01-26T09:00:00": 16.071522,
                    "2015-01-26T09:15:00": 15.507929,
                    "2015-01-26T09:30:00": 14.828198,
                    "2015-01-26T09:45:00": 16.116844,
                    "2015-01-26T10:00:00": 17.416952,
                    "2015-01-26T10:15:00": 15.153596,
                    "2015-01-26T10:30:00": 15.685451,
                    "2015-01-26T10:45:00": 15.991739,
                    "2015-01-26T11:00:00": 15.7522335,
                    "2015-01-26T11:15:00": 15.06406,
                    "2015-01-26T11:30:00": 15.245133,
                    "2015-01-26T11:45:00": 15.107837,
                    "2015-01-26T12:00:00": 15.2504425,
                    "2015-01-26T12:15:00": 16.417929,
                    "2015-01-26T12:30:00": 17.034893,
                    "2015-01-26T12:45:00": 17.027895,
                    "2015-01-26T13:00:00": 17.80536,
                    "2015-01-26T13:15:00": 18.41524,
                    "2015-01-26T13:30:00": 18.550117,
                    "2015-01-26T13:45:00": 18.68335,
                    "2015-01-26T14:00:00": 18.006498,
                    "2015-01-26T14:15:00": 17.787777,
                    "2015-01-26T14:30:00": 18.424465,
                    "2015-01-26T14:45:00": 18.156363,
                    "2015-01-26T15:00:00": 17.62661,
                    "2015-01-26T15:15:00": 17.537933,
                    "2015-01-26T15:30:00": 18.059074,
                    "2015-01-26T15:45:00": 18.230835,
                    "2015-01-26T16:00:00": 18.160225,
                    "2015-01-26T16:15:00": 18.375854,
                    "2015-01-26T16:30:00": 18.443113,
                    "2015-01-26T16:45:00": 18.389112,
                    "2015-01-26T17:00:00": 18.047665,
                    "2015-01-26T17:15:00": 18.044529,
                    "2015-01-26T17:30:00": 17.691252,
                    "2015-01-26T17:45:00": 17.43211,
                    "2015-01-26T18:00:00": 16.813965,
                    "2015-01-26T18:15:00": 16.638182,
                    "2015-01-26T18:30:00": 17.138872,
                    "2015-01-26T18:45:00": 16.671883,
                    "2015-01-26T19:00:00": 16.995327,
                    "2015-01-26T19:15:00": 16.705185,
                    "2015-01-26T19:30:00": 17.156878,
                    "2015-01-26T19:45:00": 17.063858,
                    "2015-01-26T20:00:00": 17.183163,
                    "2015-01-26T20:15:00": 17.151861,
                    "2015-01-26T20:30:00": 17.205542,
                    "2015-01-26T20:45:00": 17.565567,
                    "2015-01-26T21:00:00": 17.856178,
                    "2015-01-26T21:15:00": 18.013367,
                    "2015-01-26T21:30:00": 18.039015,
                    "2015-01-26T21:45:00": 17.983236,
                    "2015-01-26T22:00:00": 17.752483,
                    "2015-01-26T22:15:00": 17.980923,
                    "2015-01-26T22:30:00": 17.227472,
                    "2015-01-26T22:45:00": 17.166992,
                    "2015-01-26T23:00:00": 17.707045,
                    "2015-01-26T23:15:00": 17.658089,
                    "2015-01-26T23:30:00": 17.611086,
                    "2015-01-26T23:45:00": 17.006779,
                    "2015-01-27T00:00:00": 17.476055,
                    "2015-01-27T00:15:00": 17.507755,
                    "2015-01-27T00:30:00": 17.653217,
                    "2015-01-27T00:45:00": 17.910564,
                    "2015-01-27T01:00:00": 18.056799,
                    "2015-01-27T01:15:00": 18.205534,
                    "2015-01-27T01:30:00": 18.069206,
                    "2015-01-27T01:45:00": 18.126106,
                    "2015-01-27T02:00:00": 17.90034
                }
            },
            "geometry": {
                "type": "LineString",
                "coordinates": [
                    [
                        114.104571260831705,
                        22.543872504896701
                    ],
                    [
                        114.104690283336481,
                        22.544006756434015
                    ],
                    [
                        114.105214509527002,
                        22.544108689304394
                    ],
                    [
                        114.105265475962199,
                        22.544101408385082
                    ]
                ]
            }
        },
        {
            "type": "Feature",
            "properties": {
                "Id": "92241",
                "道路序": 13,
                "speeds": {
                    "2015-01-26T02:15:00": 24.015419,
                    "2015-01-26T02:30:00": 24.085735,
                    "2015-01-26T02:45:00": 24.528711,
                    "2015-01-26T03:00:00": 24.829052,
                    "2015-01-26T03:15:00": 23.68259,
                    "2015-01-26T03:30:00": 24.484674,
                    "2015-01-26T03:45:00": 25.305433,
                    "2015-01-26T04:00:00": 25.389265,
                    "2015-01-26T04:15:00": 25.423218,
                    "2015-01-26T04:30:00": 27.230516,
                    "2015-01-26T04:45:00": 27.589909,
                    "2015-01-26T05:00:00": 28.646729,
                    "2015-01-26T05:15:00": 29.684776,
                    "2015-01-26T05:30:00": 30.327484,
                    "2015-01-26T05:45:00": 31.593239,
                    "2015-01-26T06:00:00": 29.908907,
                    "2015-01-26T06:15:00": 25.211979,
                    "2015-01-26T06:30:00": 25.464113,
                    "2015-01-26T06:45:00": 20.380108,
                    "2015-01-26T07:00:00": 25.532879,
                    "2015-01-26T07:15:00": 25.23645,
                    "2015-01-26T07:30:00": 26.28192,
                    "2015-01-26T07:45:00": 26.348078,
                    "2015-01-26T08:00:00": 24.840044,
                    "2015-01-26T08:15:00": 24.755861,
                    "2015-01-26T08:30:00": 25.145023,
                    "2015-01-26T08:45:00": 25.399956,
                    "2015-01-26T09:00:00": 27.064016,
                    "2015-01-26T09:15:00": 27.296331,
                    "2015-01-26T09:30:00": 23.315039,
                    "2015-01-26T09:45:00": 26.507845,
                    "2015-01-26T10:00:00": 26.78853,
                    "2015-01-26T10:15:00": 27.618713,
                    "2015-01-26T10:30:00": 26.625994,
                    "2015-01-26T10:45:00": 27.302336,
                    "2015-01-26T11:00:00": 26.772747,
                    "2015-01-26T11:15:00": 28.114933,
                    "2015-01-26T11:30:00": 28.259918,
                    "2015-01-26T11:45:00": 27.486303,
                    "2015-01-26T12:00:00": 27.033089,
                    "2015-01-26T12:15:00": 25.18281,
                    "2015-01-26T12:30:00": 23.798393,
                    "2015-01-26T12:45:00": 22.050404,
                    "2015-01-26T13:00:00": 20.622507,
                    "2015-01-26T13:15:00": 21.019737,
                    "2015-01-26T13:30:00": 21.571503,
                    "2015-01-26T13:45:00": 21.90905,
                    "2015-01-26T14:00:00": 21.040037,
                    "2015-01-26T14:15:00": 21.440409,
                    "2015-01-26T14:30:00": 23.108192,
                    "2015-01-26T14:45:00": 23.848293,
                    "2015-01-26T15:00:00": 23.758265,
                    "2015-01-26T15:15:00": 23.059948,
                    "2015-01-26T15:30:00": 23.37779,
                    "2015-01-26T15:45:00": 23.722868,
                    "2015-01-26T16:00:00": 22.949896,
                    "2015-01-26T16:15:00": 22.739843,
                    "2015-01-26T16:30:00": 23.814152,
                    "2015-01-26T16:45:00": 24.135363,
                    "2015-01-26T17:00:00": 23.490452,
                    "2015-01-26T17:15:00": 23.355022,
                    "2015-01-26T17:30:00": 23.248913,
                    "2015-01-26T17:45:00": 23.02807,
                    "2015-01-26T18:00:00": 24.421568,
                    "2015-01-26T18:15:00": 26.251207,
                    "2015-01-26T18:30:00": 26.730577,
                    "2015-01-26T18:45:00": 24.031292,
                    "2015-01-26T19:00:00": 21.948017,
                    "2015-01-26T19:15:00": 23.14527,
                    "2015-01-26T19:30:00": 22.940607,
                    "2015-01-26T19:45:00": 25.552378,
                    "2015-01-26T20:00:00": 24.742037,
                    "2015-01-26T20:15:00": 26.166588,
                    "2015-01-26T20:30:00": 25.91465,
                    "2015-01-26T20:45:00": 26.391624,
                    "2015-01-26T21:00:00": 25.122286,
                    "2015-01-26T21:15:00": 23.717108,
                    "2015-01-26T21:30:00": 25.056458,
                    "2015-01-26T21:45:00": 26.101719,
                    "2015-01-26T22:00:00": 26.838816,
                    "2015-01-26T22:15:00": 26.756365,
                    "2015-01-26T22:30:00": 27.050518,
                    "2015-01-26T22:45:00": 26.0963,
                    "2015-01-26T23:00:00": 25.59086,
                    "2015-01-26T23:15:00": 26.361174,
                    "2015-01-26T23:30:00": 23.300758,
                    "2015-01-26T23:45:00": 25.113804,
                    "2015-01-27T00:00:00": 25.7528,
                    "2015-01-27T00:15:00": 24.319801,
                    "2015-01-27T00:30:00": 24.275406,
                    "2015-01-27T00:45:00": 23.908525,
                    "2015-01-27T01:00:00": 23.201656,
                    "2015-01-27T01:15:00": 23.246017,
                    "2015-01-27T01:30:00": 21.006811,
                    "2015-01-27T01:45:00": 20.037947,
                    "2015-01-27T02:00:00": 19.753529
                }
            },
            "geometry": {
                "type": "LineString",
                "coordinates": [
                    [
                        114.105088065900603,
                        22.541213532782017
                    ],
                    [
                        114.104757563883055,
                        22.543170406285999
                    ]
                ]
            }
        },
        {
            "type": "Feature",
            "properties": {
                "Id": "92688",
                "道路序": 14,
                "speeds": {
                    "2015-01-26T02:15:00": 0.22780728,
                    "2015-01-26T02:30:00": 0.16462615,
                    "2015-01-26T02:45:00": 0.5171661,
                    "2015-01-26T03:00:00": 0.79333186,
                    "2015-01-26T03:15:00": 0.7523127,
                    "2015-01-26T03:30:00": 0.51478285,
                    "2015-01-26T03:45:00": 0.51379883,
                    "2015-01-26T04:00:00": 0.2683368,
                    "2015-01-26T04:15:00": 1.4111221,
                    "2015-01-26T04:30:00": 1.7656709,
                    "2015-01-26T04:45:00": 1.7916561,
                    "2015-01-26T05:00:00": 2.0358245,
                    "2015-01-26T05:15:00": 1.9200296,
                    "2015-01-26T05:30:00": 1.7107195,
                    "2015-01-26T05:45:00": 1.1231025,
                    "2015-01-26T06:00:00": 1.1364852,
                    "2015-01-26T06:15:00": 1.0204575,
                    "2015-01-26T06:30:00": 0.9773647,
                    "2015-01-26T06:45:00": 0.435207,
                    "2015-01-26T07:00:00": 0.26261032,
                    "2015-01-26T07:15:00": 0.7397197,
                    "2015-01-26T07:30:00": 0.5655342,
                    "2015-01-26T07:45:00": 0.4905784,
                    "2015-01-26T08:00:00": 0.07318451,
                    "2015-01-26T08:15:00": 0.070916474,
                    "2015-01-26T08:30:00": 0.043805584,
                    "2015-01-26T08:45:00": 0.009040962,
                    "2015-01-26T09:00:00": 0.3117584,
                    "2015-01-26T09:15:00": 0.5500755,
                    "2015-01-26T09:30:00": 0.7511847,
                    "2015-01-26T09:45:00": 0.5985155,
                    "2015-01-26T10:00:00": 0.8600866,
                    "2015-01-26T10:15:00": 0.14844987,
                    "2015-01-26T10:30:00": 0.0779822,
                    "2015-01-26T10:45:00": 0.6837699,
                    "2015-01-26T11:00:00": 0.50934196,
                    "2015-01-26T11:15:00": 0.4171995,
                    "2015-01-26T11:30:00": 1.2636827,
                    "2015-01-26T11:45:00": 1.271226,
                    "2015-01-26T12:00:00": 1.1432654,
                    "2015-01-26T12:15:00": 1.7706822,
                    "2015-01-26T12:30:00": 1.1449454,
                    "2015-01-26T12:45:00": 0.7423405,
                    "2015-01-26T13:00:00": 0.9761335,
                    "2015-01-26T13:15:00": 0.39659032,
                    "2015-01-26T13:30:00": 0.31317922,
                    "2015-01-26T13:45:00": 0.5079139,
                    "2015-01-26T14:00:00": 0.49804494,
                    "2015-01-26T14:15:00": 0.0444992,
                    "2015-01-26T14:30:00": 0.52601504,
                    "2015-01-26T14:45:00": 0.48965678,
                    "2015-01-26T15:00:00": 0.9098011,
                    "2015-01-26T15:15:00": 1.4178783,
                    "2015-01-26T15:30:00": 1.4753208,
                    "2015-01-26T15:45:00": 1.6420039,
                    "2015-01-26T16:00:00": 0.49863294,
                    "2015-01-26T16:15:00": 0.11357244,
                    "2015-01-26T16:30:00": 0.5882217,
                    "2015-01-26T16:45:00": 0.35021907,
                    "2015-01-26T17:00:00": 0.30816072,
                    "2015-01-26T17:15:00": 0.48812315,
                    "2015-01-26T17:30:00": 1.0901164,
                    "2015-01-26T17:45:00": 1.2882831,
                    "2015-01-26T18:00:00": 1.3097299,
                    "2015-01-26T18:15:00": 2.2324696,
                    "2015-01-26T18:30:00": 1.7242317,
                    "2015-01-26T18:45:00": 1.0962557,
                    "2015-01-26T19:00:00": 0.42995572,
                    "2015-01-26T19:15:00": 0.22629766,
                    "2015-01-26T19:30:00": 0.109849975,
                    "2015-01-26T19:45:00": 0.32117376,
                    "2015-01-26T20:00:00": 0.22712807,
                    "2015-01-26T20:15:00": 0.8638163,
                    "2015-01-26T20:30:00": 0.34442058,
                    "2015-01-26T20:45:00": 0.35269594,
                    "2015-01-26T21:00:00": 0.09231046,
                    "2015-01-26T21:15:00": 0.12762709,
                    "2015-01-26T21:30:00": 0.23718905,
                    "2015-01-26T21:45:00": 0.8142698,
                    "2015-01-26T22:00:00": 1.0049701,
                    "2015-01-26T22:15:00": 0.48967838,
                    "2015-01-26T22:30:00": 0.09890337,
                    "2015-01-26T22:45:00": 0.0891424,
                    "2015-01-26T23:00:00": 0.6585646,
                    "2015-01-26T23:15:00": 0.98329043,
                    "2015-01-26T23:30:00": 0.77771235,
                    "2015-01-26T23:45:00": 0.92944306,
                    "2015-01-27T00:00:00": 1.1623096,
                    "2015-01-27T00:15:00": 0.31964734,
                    "2015-01-27T00:30:00": 0.003038455,
                    "2015-01-27T00:45:00": 0.080999054,
                    "2015-01-27T01:00:00": 1.1114695,
                    "2015-01-27T01:15:00": 1.9504622,
                    "2015-01-27T01:30:00": 1.7736126,
                    "2015-01-27T01:45:00": 1.7487074,
                    "2015-01-27T02:00:00": 1.2818534
                }
            },
            "geometry": {
                "type": "LineString",
                "coordinates": [
                    [
                        114.104440670560351,
                        22.54053075761216
                    ],
                    [
                        114.102547498934712,
                        22.540524748026243
                    ]
                ]
            }
        },
        {
            "type": "Feature",
            "properties": {
                "Id": "92689",
                "道路序": 15,
                "speeds": {
                    "2015-01-26T02:15:00": 14.773016,
                    "2015-01-26T02:30:00": 14.938302,
                    "2015-01-26T02:45:00": 15.153846,
                    "2015-01-26T03:00:00": 15.18388,
                    "2015-01-26T03:15:00": 15.225808,
                    "2015-01-26T03:30:00": 14.874466,
                    "2015-01-26T03:45:00": 14.966018,
                    "2015-01-26T04:00:00": 14.697871,
                    "2015-01-26T04:15:00": 15.685661,
                    "2015-01-26T04:30:00": 16.23124,
                    "2015-01-26T04:45:00": 16.23397,
                    "2015-01-26T05:00:00": 16.560347,
                    "2015-01-26T05:15:00": 16.81092,
                    "2015-01-26T05:30:00": 16.276634,
                    "2015-01-26T05:45:00": 15.823553,
                    "2015-01-26T06:00:00": 15.81847,
                    "2015-01-26T06:15:00": 15.537468,
                    "2015-01-26T06:30:00": 16.296814,
                    "2015-01-26T06:45:00": 16.238462,
                    "2015-01-26T07:00:00": 16.211996,
                    "2015-01-26T07:15:00": 16.0277,
                    "2015-01-26T07:30:00": 15.472456,
                    "2015-01-26T07:45:00": 16.172525,
                    "2015-01-26T08:00:00": 15.122967,
                    "2015-01-26T08:15:00": 14.485592,
                    "2015-01-26T08:30:00": 15.056816,
                    "2015-01-26T08:45:00": 14.5208435,
                    "2015-01-26T09:00:00": 14.966124,
                    "2015-01-26T09:15:00": 15.449329,
                    "2015-01-26T09:30:00": 15.310664,
                    "2015-01-26T09:45:00": 14.858611,
                    "2015-01-26T10:00:00": 15.369004,
                    "2015-01-26T10:15:00": 14.406482,
                    "2015-01-26T10:30:00": 13.791111,
                    "2015-01-26T10:45:00": 13.070724,
                    "2015-01-26T11:00:00": 14.237,
                    "2015-01-26T11:15:00": 15.148926,
                    "2015-01-26T11:30:00": 15.20139,
                    "2015-01-26T11:45:00": 15.615086,
                    "2015-01-26T12:00:00": 15.484831,
                    "2015-01-26T12:15:00": 16.208569,
                    "2015-01-26T12:30:00": 15.380477,
                    "2015-01-26T12:45:00": 15.42242,
                    "2015-01-26T13:00:00": 15.686712,
                    "2015-01-26T13:15:00": 16.078419,
                    "2015-01-26T13:30:00": 15.757524,
                    "2015-01-26T13:45:00": 14.970396,
                    "2015-01-26T14:00:00": 14.412789,
                    "2015-01-26T14:15:00": 14.631812,
                    "2015-01-26T14:30:00": 13.9695635,
                    "2015-01-26T14:45:00": 13.368545,
                    "2015-01-26T15:00:00": 13.077991,
                    "2015-01-26T15:15:00": 14.246682,
                    "2015-01-26T15:30:00": 15.317673,
                    "2015-01-26T15:45:00": 15.319722,
                    "2015-01-26T16:00:00": 14.375742,
                    "2015-01-26T16:15:00": 14.397693,
                    "2015-01-26T16:30:00": 14.463622,
                    "2015-01-26T16:45:00": 14.915723,
                    "2015-01-26T17:00:00": 14.996077,
                    "2015-01-26T17:15:00": 14.538431,
                    "2015-01-26T17:30:00": 14.522092,
                    "2015-01-26T17:45:00": 14.508997,
                    "2015-01-26T18:00:00": 14.140024,
                    "2015-01-26T18:15:00": 13.2872505,
                    "2015-01-26T18:30:00": 13.753459,
                    "2015-01-26T18:45:00": 15.060133,
                    "2015-01-26T19:00:00": 14.733603,
                    "2015-01-26T19:15:00": 15.4070215,
                    "2015-01-26T19:30:00": 14.867084,
                    "2015-01-26T19:45:00": 14.641125,
                    "2015-01-26T20:00:00": 14.329416,
                    "2015-01-26T20:15:00": 14.094371,
                    "2015-01-26T20:30:00": 14.775983,
                    "2015-01-26T20:45:00": 15.052578,
                    "2015-01-26T21:00:00": 14.581253,
                    "2015-01-26T21:15:00": 14.5763035,
                    "2015-01-26T21:30:00": 15.005235,
                    "2015-01-26T21:45:00": 15.881125,
                    "2015-01-26T22:00:00": 15.158708,
                    "2015-01-26T22:15:00": 15.491052,
                    "2015-01-26T22:30:00": 14.878066,
                    "2015-01-26T22:45:00": 15.919584,
                    "2015-01-26T23:00:00": 15.82112,
                    "2015-01-26T23:15:00": 14.797041,
                    "2015-01-26T23:30:00": 15.41307,
                    "2015-01-26T23:45:00": 15.137578,
                    "2015-01-27T00:00:00": 15.065231,
                    "2015-01-27T00:15:00": 15.175192,
                    "2015-01-27T00:30:00": 14.499939,
                    "2015-01-27T00:45:00": 14.050258,
                    "2015-01-27T01:00:00": 15.025011,
                    "2015-01-27T01:15:00": 15.648158,
                    "2015-01-27T01:30:00": 15.304866,
                    "2015-01-27T01:45:00": 14.863632,
                    "2015-01-27T02:00:00": 14.491712
                }
            },
            "geometry": {
                "type": "LineString",
                "coordinates": [
                    [
                        114.102582921492626,
                        22.540524860469777
                    ],
                    [
                        114.102593105639102,
                        22.541027088828258
                    ],
                    [
                        114.10254414,
                        22.54120695
                    ],
                    [
                        114.102511270687231,
                        22.54122213645222
                    ]
                ]
            }
        },
        {
            "type": "Feature",
            "properties": {
                "Id": "92690",
                "道路序": 16,
                "speeds": {
                    "2015-01-26T02:15:00": 3.4872289,
                    "2015-01-26T02:30:00": 3.8269286,
                    "2015-01-26T02:45:00": 4.0158215,
                    "2015-01-26T03:00:00": 4.1397505,
                    "2015-01-26T03:15:00": 3.5529447,
                    "2015-01-26T03:30:00": 3.162311,
                    "2015-01-26T03:45:00": 2.9970393,
                    "2015-01-26T04:00:00": 2.6550453,
                    "2015-01-26T04:15:00": 2.942592,
                    "2015-01-26T04:30:00": 3.1561935,
                    "2015-01-26T04:45:00": 3.3300717,
                    "2015-01-26T05:00:00": 3.54429,
                    "2015-01-26T05:15:00": 3.7170162,
                    "2015-01-26T05:30:00": 4.391457,
                    "2015-01-26T05:45:00": 4.35465,
                    "2015-01-26T06:00:00": 4.1735764,
                    "2015-01-26T06:15:00": 3.8529067,
                    "2015-01-26T06:30:00": 3.5016124,
                    "2015-01-26T06:45:00": 3.1778898,
                    "2015-01-26T07:00:00": 2.9552763,
                    "2015-01-26T07:15:00": 3.1846292,
                    "2015-01-26T07:30:00": 2.6141894,
                    "2015-01-26T07:45:00": 2.9260316,
                    "2015-01-26T08:00:00": 3.5250416,
                    "2015-01-26T08:15:00": 3.1326635,
                    "2015-01-26T08:30:00": 3.3773623,
                    "2015-01-26T08:45:00": 2.9728494,
                    "2015-01-26T09:00:00": 3.946057,
                    "2015-01-26T09:15:00": 4.417397,
                    "2015-01-26T09:30:00": 4.0189033,
                    "2015-01-26T09:45:00": 4.266703,
                    "2015-01-26T10:00:00": 3.7516873,
                    "2015-01-26T10:15:00": 3.2358124,
                    "2015-01-26T10:30:00": 3.6186578,
                    "2015-01-26T10:45:00": 2.979963,
                    "2015-01-26T11:00:00": 2.3863173,
                    "2015-01-26T11:15:00": 2.4493446,
                    "2015-01-26T11:30:00": 3.0329657,
                    "2015-01-26T11:45:00": 2.80338,
                    "2015-01-26T12:00:00": 2.5998538,
                    "2015-01-26T12:15:00": 2.8091087,
                    "2015-01-26T12:30:00": 2.8689418,
                    "2015-01-26T12:45:00": 2.6971517,
                    "2015-01-26T13:00:00": 2.1816583,
                    "2015-01-26T13:15:00": 1.4321249,
                    "2015-01-26T13:30:00": 1.8155149,
                    "2015-01-26T13:45:00": 1.5236745,
                    "2015-01-26T14:00:00": 2.438259,
                    "2015-01-26T14:15:00": 2.5895145,
                    "2015-01-26T14:30:00": 2.5324943,
                    "2015-01-26T14:45:00": 2.6934028,
                    "2015-01-26T15:00:00": 3.0319192,
                    "2015-01-26T15:15:00": 3.7762542,
                    "2015-01-26T15:30:00": 4.230988,
                    "2015-01-26T15:45:00": 3.618288,
                    "2015-01-26T16:00:00": 2.3962078,
                    "2015-01-26T16:15:00": 2.6054916,
                    "2015-01-26T16:30:00": 2.4371166,
                    "2015-01-26T16:45:00": 2.3670402,
                    "2015-01-26T17:00:00": 2.8386006,
                    "2015-01-26T17:15:00": 2.6179838,
                    "2015-01-26T17:30:00": 2.7667432,
                    "2015-01-26T17:45:00": 3.1227896,
                    "2015-01-26T18:00:00": 2.5155475,
                    "2015-01-26T18:15:00": 2.2601566,
                    "2015-01-26T18:30:00": 2.596969,
                    "2015-01-26T18:45:00": 3.0330567,
                    "2015-01-26T19:00:00": 2.906781,
                    "2015-01-26T19:15:00": 3.0266871,
                    "2015-01-26T19:30:00": 2.7784722,
                    "2015-01-26T19:45:00": 2.5167835,
                    "2015-01-26T20:00:00": 2.4769573,
                    "2015-01-26T20:15:00": 2.8438327,
                    "2015-01-26T20:30:00": 2.4702876,
                    "2015-01-26T20:45:00": 2.5522945,
                    "2015-01-26T21:00:00": 2.0821958,
                    "2015-01-26T21:15:00": 2.2496877,
                    "2015-01-26T21:30:00": 2.902125,
                    "2015-01-26T21:45:00": 3.447914,
                    "2015-01-26T22:00:00": 3.1492765,
                    "2015-01-26T22:15:00": 3.1365538,
                    "2015-01-26T22:30:00": 2.4690707,
                    "2015-01-26T22:45:00": 2.8860183,
                    "2015-01-26T23:00:00": 2.310591,
                    "2015-01-26T23:15:00": 2.6921594,
                    "2015-01-26T23:30:00": 2.7326338,
                    "2015-01-26T23:45:00": 2.3172367,
                    "2015-01-27T00:00:00": 2.3980055,
                    "2015-01-27T00:15:00": 2.5921688,
                    "2015-01-27T00:30:00": 3.1553533,
                    "2015-01-27T00:45:00": 2.5524194,
                    "2015-01-27T01:00:00": 3.2031574,
                    "2015-01-27T01:15:00": 4.063981,
                    "2015-01-27T01:30:00": 3.874447,
                    "2015-01-27T01:45:00": 3.2329323,
                    "2015-01-27T02:00:00": 3.9130878
                }
            },
            "geometry": {
                "type": "LineString",
                "coordinates": [
                    [
                        114.104440670560365,
                        22.540530757612164
                    ],
                    [
                        114.10448526,
                        22.53848679
                    ]
                ]
            }
        },
        {
            "type": "Feature",
            "properties": {
                "Id": "92691",
                "道路序": 17,
                "speeds": {
                    "2015-01-26T02:15:00": 11.660938,
                    "2015-01-26T02:30:00": 11.42486,
                    "2015-01-26T02:45:00": 11.971821,
                    "2015-01-26T03:00:00": 12.123009,
                    "2015-01-26T03:15:00": 12.395548,
                    "2015-01-26T03:30:00": 12.396935,
                    "2015-01-26T03:45:00": 12.518838,
                    "2015-01-26T04:00:00": 12.205546,
                    "2015-01-26T04:15:00": 13.160044,
                    "2015-01-26T04:30:00": 13.59844,
                    "2015-01-26T04:45:00": 13.368021,
                    "2015-01-26T05:00:00": 13.665848,
                    "2015-01-26T05:15:00": 13.908156,
                    "2015-01-26T05:30:00": 13.875252,
                    "2015-01-26T05:45:00": 13.52713,
                    "2015-01-26T06:00:00": 13.508664,
                    "2015-01-26T06:15:00": 13.173598,
                    "2015-01-26T06:30:00": 13.281687,
                    "2015-01-26T06:45:00": 12.865241,
                    "2015-01-26T07:00:00": 12.688895,
                    "2015-01-26T07:15:00": 12.611753,
                    "2015-01-26T07:30:00": 12.369872,
                    "2015-01-26T07:45:00": 12.783026,
                    "2015-01-26T08:00:00": 13.057657,
                    "2015-01-26T08:15:00": 12.886203,
                    "2015-01-26T08:30:00": 12.7081,
                    "2015-01-26T08:45:00": 12.493379,
                    "2015-01-26T09:00:00": 12.428592,
                    "2015-01-26T09:15:00": 12.093301,
                    "2015-01-26T09:30:00": 12.754744,
                    "2015-01-26T09:45:00": 12.975984,
                    "2015-01-26T10:00:00": 13.365727,
                    "2015-01-26T10:15:00": 12.682098,
                    "2015-01-26T10:30:00": 12.115237,
                    "2015-01-26T10:45:00": 11.305703,
                    "2015-01-26T11:00:00": 11.871278,
                    "2015-01-26T11:15:00": 12.46322,
                    "2015-01-26T11:30:00": 12.954042,
                    "2015-01-26T11:45:00": 13.9511795,
                    "2015-01-26T12:00:00": 14.554367,
                    "2015-01-26T12:15:00": 14.979545,
                    "2015-01-26T12:30:00": 15.135711,
                    "2015-01-26T12:45:00": 15.016083,
                    "2015-01-26T13:00:00": 14.302041,
                    "2015-01-26T13:15:00": 14.183307,
                    "2015-01-26T13:30:00": 13.775002,
                    "2015-01-26T13:45:00": 12.664626,
                    "2015-01-26T14:00:00": 12.410001,
                    "2015-01-26T14:15:00": 12.318353,
                    "2015-01-26T14:30:00": 11.879145,
                    "2015-01-26T14:45:00": 11.5208235,
                    "2015-01-26T15:00:00": 11.0694475,
                    "2015-01-26T15:15:00": 11.010603,
                    "2015-01-26T15:30:00": 10.774391,
                    "2015-01-26T15:45:00": 10.994734,
                    "2015-01-26T16:00:00": 11.251961,
                    "2015-01-26T16:15:00": 11.634038,
                    "2015-01-26T16:30:00": 12.005882,
                    "2015-01-26T16:45:00": 12.3555155,
                    "2015-01-26T17:00:00": 12.84283,
                    "2015-01-26T17:15:00": 12.553744,
                    "2015-01-26T17:30:00": 12.170319,
                    "2015-01-26T17:45:00": 11.888673,
                    "2015-01-26T18:00:00": 11.134032,
                    "2015-01-26T18:15:00": 10.540593,
                    "2015-01-26T18:30:00": 10.724667,
                    "2015-01-26T18:45:00": 11.370226,
                    "2015-01-26T19:00:00": 11.209192,
                    "2015-01-26T19:15:00": 11.650896,
                    "2015-01-26T19:30:00": 11.339184,
                    "2015-01-26T19:45:00": 11.162007,
                    "2015-01-26T20:00:00": 11.077175,
                    "2015-01-26T20:15:00": 10.845331,
                    "2015-01-26T20:30:00": 11.266505,
                    "2015-01-26T20:45:00": 11.560865,
                    "2015-01-26T21:00:00": 11.639875,
                    "2015-01-26T21:15:00": 11.345164,
                    "2015-01-26T21:30:00": 11.355523,
                    "2015-01-26T21:45:00": 11.856676,
                    "2015-01-26T22:00:00": 11.658745,
                    "2015-01-26T22:15:00": 11.951329,
                    "2015-01-26T22:30:00": 11.563506,
                    "2015-01-26T22:45:00": 11.807964,
                    "2015-01-26T23:00:00": 11.474075,
                    "2015-01-26T23:15:00": 11.317833,
                    "2015-01-26T23:30:00": 11.603154,
                    "2015-01-26T23:45:00": 11.266654,
                    "2015-01-27T00:00:00": 11.074118,
                    "2015-01-27T00:15:00": 11.481209,
                    "2015-01-27T00:30:00": 11.376691,
                    "2015-01-27T00:45:00": 11.301296,
                    "2015-01-27T01:00:00": 11.775362,
                    "2015-01-27T01:15:00": 12.066881,
                    "2015-01-27T01:30:00": 11.972526,
                    "2015-01-27T01:45:00": 11.863237,
                    "2015-01-27T02:00:00": 11.954991
                }
            },
            "geometry": {
                "type": "LineString",
                "coordinates": [
                    [
                        114.104441794945572,
                        22.540479216104789
                    ],
                    [
                        114.10456536,
                        22.54052669
                    ],
                    [
                        114.104725063412587,
                        22.540630314028022
                    ],
                    [
                        114.104861522861441,
                        22.540814534283971
                    ],
                    [
                        114.105038920144949,
                        22.54103628088836
                    ],
                    [
                        114.10514568,
                        22.54108658
                    ]
                ]
            }
        },
        {
            "type": "Feature",
            "properties": {
                "Id": "92692",
                "道路序": 18,
                "speeds": {
                    "2015-01-26T02:15:00": 8.98297,
                    "2015-01-26T02:30:00": 8.372067,
                    "2015-01-26T02:45:00": 8.856569,
                    "2015-01-26T03:00:00": 9.316269,
                    "2015-01-26T03:15:00": 9.63882,
                    "2015-01-26T03:30:00": 9.877447,
                    "2015-01-26T03:45:00": 10.411912,
                    "2015-01-26T04:00:00": 10.481528,
                    "2015-01-26T04:15:00": 10.654259,
                    "2015-01-26T04:30:00": 10.77309,
                    "2015-01-26T04:45:00": 10.749147,
                    "2015-01-26T05:00:00": 11.249681,
                    "2015-01-26T05:15:00": 10.981855,
                    "2015-01-26T05:30:00": 10.678985,
                    "2015-01-26T05:45:00": 10.676532,
                    "2015-01-26T06:00:00": 10.426697,
                    "2015-01-26T06:15:00": 10.230517,
                    "2015-01-26T06:30:00": 10.892022,
                    "2015-01-26T06:45:00": 10.423576,
                    "2015-01-26T07:00:00": 10.210914,
                    "2015-01-26T07:15:00": 10.124608,
                    "2015-01-26T07:30:00": 10.11771,
                    "2015-01-26T07:45:00": 10.982681,
                    "2015-01-26T08:00:00": 11.6097975,
                    "2015-01-26T08:15:00": 10.606023,
                    "2015-01-26T08:30:00": 10.080836,
                    "2015-01-26T08:45:00": 9.812641,
                    "2015-01-26T09:00:00": 10.374385,
                    "2015-01-26T09:15:00": 10.145383,
                    "2015-01-26T09:30:00": 10.45662,
                    "2015-01-26T09:45:00": 11.087289,
                    "2015-01-26T10:00:00": 11.1529255,
                    "2015-01-26T10:15:00": 10.718705,
                    "2015-01-26T10:30:00": 10.384768,
                    "2015-01-26T10:45:00": 10.379977,
                    "2015-01-26T11:00:00": 11.103297,
                    "2015-01-26T11:15:00": 11.928807,
                    "2015-01-26T11:30:00": 12.592322,
                    "2015-01-26T11:45:00": 13.407094,
                    "2015-01-26T12:00:00": 14.066938,
                    "2015-01-26T12:15:00": 14.197908,
                    "2015-01-26T12:30:00": 14.924325,
                    "2015-01-26T12:45:00": 14.739325,
                    "2015-01-26T13:00:00": 14.56451,
                    "2015-01-26T13:15:00": 13.928393,
                    "2015-01-26T13:30:00": 13.486406,
                    "2015-01-26T13:45:00": 12.471346,
                    "2015-01-26T14:00:00": 12.033358,
                    "2015-01-26T14:15:00": 11.571512,
                    "2015-01-26T14:30:00": 10.982235,
                    "2015-01-26T14:45:00": 10.652445,
                    "2015-01-26T15:00:00": 10.057123,
                    "2015-01-26T15:15:00": 10.214778,
                    "2015-01-26T15:30:00": 10.65784,
                    "2015-01-26T15:45:00": 10.44284,
                    "2015-01-26T16:00:00": 10.353001,
                    "2015-01-26T16:15:00": 9.783134,
                    "2015-01-26T16:30:00": 10.161583,
                    "2015-01-26T16:45:00": 10.985326,
                    "2015-01-26T17:00:00": 11.380685,
                    "2015-01-26T17:15:00": 11.367441,
                    "2015-01-26T17:30:00": 11.368449,
                    "2015-01-26T17:45:00": 10.983401,
                    "2015-01-26T18:00:00": 10.162303,
                    "2015-01-26T18:15:00": 9.605066,
                    "2015-01-26T18:30:00": 9.4690075,
                    "2015-01-26T18:45:00": 9.439209,
                    "2015-01-26T19:00:00": 9.431188,
                    "2015-01-26T19:15:00": 9.234418,
                    "2015-01-26T19:30:00": 9.110297,
                    "2015-01-26T19:45:00": 9.091015,
                    "2015-01-26T20:00:00": 9.192988,
                    "2015-01-26T20:15:00": 9.031917,
                    "2015-01-26T20:30:00": 9.20962,
                    "2015-01-26T20:45:00": 9.490502,
                    "2015-01-26T21:00:00": 9.279606,
                    "2015-01-26T21:15:00": 9.769234,
                    "2015-01-26T21:30:00": 9.390454,
                    "2015-01-26T21:45:00": 9.369564,
                    "2015-01-26T22:00:00": 9.071604,
                    "2015-01-26T22:15:00": 8.8353195,
                    "2015-01-26T22:30:00": 8.850209,
                    "2015-01-26T22:45:00": 9.091567,
                    "2015-01-26T23:00:00": 8.926113,
                    "2015-01-26T23:15:00": 8.929857,
                    "2015-01-26T23:30:00": 8.949854,
                    "2015-01-26T23:45:00": 8.917218,
                    "2015-01-27T00:00:00": 8.79436,
                    "2015-01-27T00:15:00": 8.960016,
                    "2015-01-27T00:30:00": 8.980945,
                    "2015-01-27T00:45:00": 9.268638,
                    "2015-01-27T01:00:00": 9.421204,
                    "2015-01-27T01:15:00": 9.123248,
                    "2015-01-27T01:30:00": 9.1483135,
                    "2015-01-27T01:45:00": 9.564188,
                    "2015-01-27T02:00:00": 9.676611
                }
            },
            "geometry": {
                "type": "LineString",
                "coordinates": [
                    [
                        114.10456536,
                        22.54052669
                    ],
                    [
                        114.1046154,
                        22.53933675
                    ]
                ]
            }
        },
        {
            "type": "Feature",
            "properties": {
                "Id": "92693",
                "道路序": 19,
                "speeds": {
                    "2015-01-26T02:15:00": 11.763631,
                    "2015-01-26T02:30:00": 11.289277,
                    "2015-01-26T02:45:00": 11.744071,
                    "2015-01-26T03:00:00": 12.065278,
                    "2015-01-26T03:15:00": 12.356772,
                    "2015-01-26T03:30:00": 12.971438,
                    "2015-01-26T03:45:00": 13.222569,
                    "2015-01-26T04:00:00": 13.165496,
                    "2015-01-26T04:15:00": 13.283415,
                    "2015-01-26T04:30:00": 13.753684,
                    "2015-01-26T04:45:00": 13.573839,
                    "2015-01-26T05:00:00": 14.257915,
                    "2015-01-26T05:15:00": 14.243999,
                    "2015-01-26T05:30:00": 13.983383,
                    "2015-01-26T05:45:00": 13.8853655,
                    "2015-01-26T06:00:00": 13.671925,
                    "2015-01-26T06:15:00": 13.033877,
                    "2015-01-26T06:30:00": 14.010129,
                    "2015-01-26T06:45:00": 13.961494,
                    "2015-01-26T07:00:00": 13.953651,
                    "2015-01-26T07:15:00": 13.737633,
                    "2015-01-26T07:30:00": 13.086765,
                    "2015-01-26T07:45:00": 13.498511,
                    "2015-01-26T08:00:00": 13.560639,
                    "2015-01-26T08:15:00": 12.788886,
                    "2015-01-26T08:30:00": 12.679286,
                    "2015-01-26T08:45:00": 12.783289,
                    "2015-01-26T09:00:00": 13.15482,
                    "2015-01-26T09:15:00": 13.062386,
                    "2015-01-26T09:30:00": 13.232347,
                    "2015-01-26T09:45:00": 13.560342,
                    "2015-01-26T10:00:00": 13.355022,
                    "2015-01-26T10:15:00": 13.160341,
                    "2015-01-26T10:30:00": 12.437313,
                    "2015-01-26T10:45:00": 12.723749,
                    "2015-01-26T11:00:00": 13.3215275,
                    "2015-01-26T11:15:00": 14.6588125,
                    "2015-01-26T11:30:00": 15.7258625,
                    "2015-01-26T11:45:00": 16.203913,
                    "2015-01-26T12:00:00": 16.599934,
                    "2015-01-26T12:15:00": 16.750425,
                    "2015-01-26T12:30:00": 17.149563,
                    "2015-01-26T12:45:00": 17.183039,
                    "2015-01-26T13:00:00": 17.132618,
                    "2015-01-26T13:15:00": 16.70941,
                    "2015-01-26T13:30:00": 15.878577,
                    "2015-01-26T13:45:00": 14.802239,
                    "2015-01-26T14:00:00": 14.215702,
                    "2015-01-26T14:15:00": 13.693669,
                    "2015-01-26T14:30:00": 13.549508,
                    "2015-01-26T14:45:00": 13.805324,
                    "2015-01-26T15:00:00": 13.446172,
                    "2015-01-26T15:15:00": 13.690804,
                    "2015-01-26T15:30:00": 14.067307,
                    "2015-01-26T15:45:00": 14.174628,
                    "2015-01-26T16:00:00": 13.396567,
                    "2015-01-26T16:15:00": 12.310174,
                    "2015-01-26T16:30:00": 12.791598,
                    "2015-01-26T16:45:00": 13.565564,
                    "2015-01-26T17:00:00": 14.247969,
                    "2015-01-26T17:15:00": 14.124169,
                    "2015-01-26T17:30:00": 13.781194,
                    "2015-01-26T17:45:00": 13.074904,
                    "2015-01-26T18:00:00": 12.691363,
                    "2015-01-26T18:15:00": 12.395303,
                    "2015-01-26T18:30:00": 12.389313,
                    "2015-01-26T18:45:00": 12.733171,
                    "2015-01-26T19:00:00": 12.452827,
                    "2015-01-26T19:15:00": 12.67222,
                    "2015-01-26T19:30:00": 12.417024,
                    "2015-01-26T19:45:00": 12.313471,
                    "2015-01-26T20:00:00": 12.308513,
                    "2015-01-26T20:15:00": 12.336847,
                    "2015-01-26T20:30:00": 12.601337,
                    "2015-01-26T20:45:00": 12.318406,
                    "2015-01-26T21:00:00": 12.323431,
                    "2015-01-26T21:15:00": 12.145151,
                    "2015-01-26T21:30:00": 11.87399,
                    "2015-01-26T21:45:00": 11.932819,
                    "2015-01-26T22:00:00": 11.7378645,
                    "2015-01-26T22:15:00": 12.0344515,
                    "2015-01-26T22:30:00": 12.030295,
                    "2015-01-26T22:45:00": 11.968681,
                    "2015-01-26T23:00:00": 11.818808,
                    "2015-01-26T23:15:00": 11.478981,
                    "2015-01-26T23:30:00": 11.64888,
                    "2015-01-26T23:45:00": 11.262747,
                    "2015-01-27T00:00:00": 11.441651,
                    "2015-01-27T00:15:00": 11.3914995,
                    "2015-01-27T00:30:00": 11.41285,
                    "2015-01-27T00:45:00": 11.533246,
                    "2015-01-27T01:00:00": 11.861851,
                    "2015-01-27T01:15:00": 12.049265,
                    "2015-01-27T01:30:00": 12.366887,
                    "2015-01-27T01:45:00": 12.567554,
                    "2015-01-27T02:00:00": 12.703205
                }
            },
            "geometry": {
                "type": "LineString",
                "coordinates": [
                    [
                        114.10456536,
                        22.54052669
                    ],
                    [
                        114.1052256,
                        22.54044659
                    ]
                ]
            }
        },
        {
            "type": "Feature",
            "properties": {
                "Id": "92694",
                "道路序": 20,
                "speeds": {
                    "2015-01-26T02:15:00": 9.58096,
                    "2015-01-26T02:30:00": 9.8464575,
                    "2015-01-26T02:45:00": 9.684896,
                    "2015-01-26T03:00:00": 9.649549,
                    "2015-01-26T03:15:00": 9.676122,
                    "2015-01-26T03:30:00": 9.473908,
                    "2015-01-26T03:45:00": 9.488664,
                    "2015-01-26T04:00:00": 9.5265465,
                    "2015-01-26T04:15:00": 9.916693,
                    "2015-01-26T04:30:00": 10.251095,
                    "2015-01-26T04:45:00": 10.740939,
                    "2015-01-26T05:00:00": 10.601972,
                    "2015-01-26T05:15:00": 10.365947,
                    "2015-01-26T05:30:00": 10.855815,
                    "2015-01-26T05:45:00": 10.5840435,
                    "2015-01-26T06:00:00": 9.990086,
                    "2015-01-26T06:15:00": 9.858108,
                    "2015-01-26T06:30:00": 9.750706,
                    "2015-01-26T06:45:00": 9.3502245,
                    "2015-01-26T07:00:00": 9.530343,
                    "2015-01-26T07:15:00": 10.192875,
                    "2015-01-26T07:30:00": 10.182565,
                    "2015-01-26T07:45:00": 9.8945875,
                    "2015-01-26T08:00:00": 9.765581,
                    "2015-01-26T08:15:00": 9.9542,
                    "2015-01-26T08:30:00": 10.241658,
                    "2015-01-26T08:45:00": 10.135951,
                    "2015-01-26T09:00:00": 9.76366,
                    "2015-01-26T09:15:00": 10.093835,
                    "2015-01-26T09:30:00": 10.613194,
                    "2015-01-26T09:45:00": 11.5141945,
                    "2015-01-26T10:00:00": 11.213373,
                    "2015-01-26T10:15:00": 10.92233,
                    "2015-01-26T10:30:00": 10.8048525,
                    "2015-01-26T10:45:00": 10.914837,
                    "2015-01-26T11:00:00": 10.797441,
                    "2015-01-26T11:15:00": 10.36516,
                    "2015-01-26T11:30:00": 11.040219,
                    "2015-01-26T11:45:00": 11.186944,
                    "2015-01-26T12:00:00": 10.496168,
                    "2015-01-26T12:15:00": 10.794095,
                    "2015-01-26T12:30:00": 10.751369,
                    "2015-01-26T12:45:00": 9.906991,
                    "2015-01-26T13:00:00": 8.7974415,
                    "2015-01-26T13:15:00": 7.608681,
                    "2015-01-26T13:30:00": 7.30798,
                    "2015-01-26T13:45:00": 7.1131926,
                    "2015-01-26T14:00:00": 6.78718,
                    "2015-01-26T14:15:00": 6.9328294,
                    "2015-01-26T14:30:00": 7.581119,
                    "2015-01-26T14:45:00": 8.506696,
                    "2015-01-26T15:00:00": 9.371691,
                    "2015-01-26T15:15:00": 9.64519,
                    "2015-01-26T15:30:00": 9.192389,
                    "2015-01-26T15:45:00": 9.238771,
                    "2015-01-26T16:00:00": 9.516096,
                    "2015-01-26T16:15:00": 9.832028,
                    "2015-01-26T16:30:00": 10.301223,
                    "2015-01-26T16:45:00": 10.308254,
                    "2015-01-26T17:00:00": 9.719803,
                    "2015-01-26T17:15:00": 9.301494,
                    "2015-01-26T17:30:00": 8.8631115,
                    "2015-01-26T17:45:00": 8.239638,
                    "2015-01-26T18:00:00": 6.7205596,
                    "2015-01-26T18:15:00": 6.350094,
                    "2015-01-26T18:30:00": 6.6983643,
                    "2015-01-26T18:45:00": 7.6740346,
                    "2015-01-26T19:00:00": 8.633092,
                    "2015-01-26T19:15:00": 9.745829,
                    "2015-01-26T19:30:00": 10.034995,
                    "2015-01-26T19:45:00": 9.70244,
                    "2015-01-26T20:00:00": 8.923986,
                    "2015-01-26T20:15:00": 8.161354,
                    "2015-01-26T20:30:00": 7.9378953,
                    "2015-01-26T20:45:00": 8.071491,
                    "2015-01-26T21:00:00": 8.118042,
                    "2015-01-26T21:15:00": 8.093485,
                    "2015-01-26T21:30:00": 8.219541,
                    "2015-01-26T21:45:00": 8.384601,
                    "2015-01-26T22:00:00": 8.663337,
                    "2015-01-26T22:15:00": 8.873394,
                    "2015-01-26T22:30:00": 9.076692,
                    "2015-01-26T22:45:00": 9.30989,
                    "2015-01-26T23:00:00": 9.465705,
                    "2015-01-26T23:15:00": 9.30002,
                    "2015-01-26T23:30:00": 9.020637,
                    "2015-01-26T23:45:00": 8.594691,
                    "2015-01-27T00:00:00": 8.007722,
                    "2015-01-27T00:15:00": 7.9321737,
                    "2015-01-27T00:30:00": 8.395958,
                    "2015-01-27T00:45:00": 8.125103,
                    "2015-01-27T01:00:00": 8.6011715,
                    "2015-01-27T01:15:00": 9.372194,
                    "2015-01-27T01:30:00": 9.481199,
                    "2015-01-27T01:45:00": 9.843308,
                    "2015-01-27T02:00:00": 10.505864
                }
            },
            "geometry": {
                "type": "LineString",
                "coordinates": [
                    [
                        114.104485041031822,
                        22.538496827441147
                    ],
                    [
                        114.10269444,
                        22.53846708
                    ]
                ]
            }
        },
        {
            "type": "Feature",
            "properties": {
                "Id": "92695",
                "道路序": 21,
                "speeds": {
                    "2015-01-26T02:15:00": 0.9527139,
                    "2015-01-26T02:30:00": 0.98945373,
                    "2015-01-26T02:45:00": 1.1524262,
                    "2015-01-26T03:00:00": 1.2834494,
                    "2015-01-26T03:15:00": 1.3767439,
                    "2015-01-26T03:30:00": 0.9540627,
                    "2015-01-26T03:45:00": 0.6137606,
                    "2015-01-26T04:00:00": 0.57077587,
                    "2015-01-26T04:15:00": 0.7134608,
                    "2015-01-26T04:30:00": 0.8637635,
                    "2015-01-26T04:45:00": 0.970455,
                    "2015-01-26T05:00:00": 0.9310943,
                    "2015-01-26T05:15:00": 0.5901394,
                    "2015-01-26T05:30:00": 0.77612114,
                    "2015-01-26T05:45:00": 0.8984969,
                    "2015-01-26T06:00:00": 1.1563144,
                    "2015-01-26T06:15:00": 0.62681204,
                    "2015-01-26T06:30:00": 0.15905325,
                    "2015-01-26T06:45:00": 0.06724681,
                    "2015-01-26T07:00:00": 0.28659394,
                    "2015-01-26T07:15:00": 0.3120848,
                    "2015-01-26T07:30:00": 0.11512767,
                    "2015-01-26T07:45:00": 0.15692441,
                    "2015-01-26T08:00:00": 0.2509269,
                    "2015-01-26T08:15:00": 0.7372548,
                    "2015-01-26T08:30:00": 0.62368476,
                    "2015-01-26T08:45:00": 0.1335936,
                    "2015-01-26T09:00:00": 0.44186953,
                    "2015-01-26T09:15:00": 0.9860481,
                    "2015-01-26T09:30:00": 1.6961849,
                    "2015-01-26T09:45:00": 1.6904632,
                    "2015-01-26T10:00:00": 1.7889225,
                    "2015-01-26T10:15:00": 1.7357831,
                    "2015-01-26T10:30:00": 1.7990794,
                    "2015-01-26T10:45:00": 1.4924116,
                    "2015-01-26T11:00:00": 0.6242392,
                    "2015-01-26T11:15:00": 0.490696,
                    "2015-01-26T11:30:00": 0.45907545,
                    "2015-01-26T11:45:00": 0.9405097,
                    "2015-01-26T12:00:00": 0.9649109,
                    "2015-01-26T12:15:00": 1.2010319,
                    "2015-01-26T12:30:00": 1.4838818,
                    "2015-01-26T12:45:00": 0.77423227,
                    "2015-01-26T13:00:00": 0.24157873,
                    "2015-01-26T13:15:00": 0.59990996,
                    "2015-01-26T13:30:00": 0.902853,
                    "2015-01-26T13:45:00": 0.93298316,
                    "2015-01-26T14:00:00": 0.57896,
                    "2015-01-26T14:15:00": 0.62248474,
                    "2015-01-26T14:30:00": 1.0805833,
                    "2015-01-26T14:45:00": 1.3738782,
                    "2015-01-26T15:00:00": 0.7298267,
                    "2015-01-26T15:15:00": 0.43009973,
                    "2015-01-26T15:30:00": 0.14761464,
                    "2015-01-26T15:45:00": 0.030528547,
                    "2015-01-26T16:00:00": 0.20297644,
                    "2015-01-26T16:15:00": 0.2401507,
                    "2015-01-26T16:30:00": 0.9013098,
                    "2015-01-26T16:45:00": 0.36845702,
                    "2015-01-26T17:00:00": 0.3564592,
                    "2015-01-26T17:15:00": 0.16813982,
                    "2015-01-26T17:30:00": 0.034625422,
                    "2015-01-26T17:45:00": 0.46023226,
                    "2015-01-26T18:00:00": 0.5748871,
                    "2015-01-26T18:15:00": 0.701883,
                    "2015-01-26T18:30:00": 1.2046368,
                    "2015-01-26T18:45:00": 2.444619,
                    "2015-01-26T19:00:00": 2.1960633,
                    "2015-01-26T19:15:00": 2.445099,
                    "2015-01-26T19:30:00": 2.098317,
                    "2015-01-26T19:45:00": 1.007886,
                    "2015-01-26T20:00:00": 0.36047688,
                    "2015-01-26T20:15:00": 0.036125448,
                    "2015-01-26T20:30:00": 0.017059507,
                    "2015-01-26T20:45:00": 0.4346622,
                    "2015-01-26T21:00:00": 0.3064951,
                    "2015-01-26T21:15:00": 0.10345386,
                    "2015-01-26T21:30:00": 0.22708488,
                    "2015-01-26T21:45:00": 0.32541463,
                    "2015-01-26T22:00:00": 0.2454284,
                    "2015-01-26T22:15:00": 0.27939862,
                    "2015-01-26T22:30:00": 0.25737342,
                    "2015-01-26T22:45:00": 0.49126962,
                    "2015-01-26T23:00:00": 0.062240317,
                    "2015-01-26T23:15:00": 0.26465276,
                    "2015-01-26T23:30:00": 0.50497144,
                    "2015-01-26T23:45:00": 0.21406224,
                    "2015-01-27T00:00:00": 0.45535776,
                    "2015-01-27T00:15:00": 0.4446512,
                    "2015-01-27T00:30:00": 0.3286475,
                    "2015-01-27T00:45:00": 0.5591452,
                    "2015-01-27T01:00:00": 0.200178,
                    "2015-01-27T01:15:00": 0.67868656,
                    "2015-01-27T01:30:00": 1.0822275,
                    "2015-01-27T01:45:00": 0.82373077,
                    "2015-01-27T02:00:00": 0.87741256
                }
            },
            "geometry": {
                "type": "LineString",
                "coordinates": [
                    [
                        114.10269444,
                        22.53846708
                    ],
                    [
                        114.10207398,
                        22.53840719
                    ],
                    [
                        114.10173378,
                        22.53839724
                    ]
                ]
            }
        },
        {
            "type": "Feature",
            "properties": {
                "Id": "92696",
                "道路序": 22,
                "speeds": {
                    "2015-01-26T02:15:00": 11.031123,
                    "2015-01-26T02:30:00": 11.343431,
                    "2015-01-26T02:45:00": 11.069193,
                    "2015-01-26T03:00:00": 11.322704,
                    "2015-01-26T03:15:00": 11.602473,
                    "2015-01-26T03:30:00": 11.233783,
                    "2015-01-26T03:45:00": 11.045653,
                    "2015-01-26T04:00:00": 10.954898,
                    "2015-01-26T04:15:00": 11.085163,
                    "2015-01-26T04:30:00": 11.148572,
                    "2015-01-26T04:45:00": 11.629229,
                    "2015-01-26T05:00:00": 11.461735,
                    "2015-01-26T05:15:00": 11.344329,
                    "2015-01-26T05:30:00": 12.002267,
                    "2015-01-26T05:45:00": 11.915496,
                    "2015-01-26T06:00:00": 11.434451,
                    "2015-01-26T06:15:00": 11.164144,
                    "2015-01-26T06:30:00": 11.060318,
                    "2015-01-26T06:45:00": 10.919368,
                    "2015-01-26T07:00:00": 10.901133,
                    "2015-01-26T07:15:00": 11.471724,
                    "2015-01-26T07:30:00": 12.012175,
                    "2015-01-26T07:45:00": 11.516182,
                    "2015-01-26T08:00:00": 11.430568,
                    "2015-01-26T08:15:00": 12.016202,
                    "2015-01-26T08:30:00": 12.18314,
                    "2015-01-26T08:45:00": 11.938608,
                    "2015-01-26T09:00:00": 11.524851,
                    "2015-01-26T09:15:00": 11.756397,
                    "2015-01-26T09:30:00": 12.586222,
                    "2015-01-26T09:45:00": 13.388177,
                    "2015-01-26T10:00:00": 13.317525,
                    "2015-01-26T10:15:00": 13.024374,
                    "2015-01-26T10:30:00": 13.265708,
                    "2015-01-26T10:45:00": 12.964406,
                    "2015-01-26T11:00:00": 12.453269,
                    "2015-01-26T11:15:00": 12.210058,
                    "2015-01-26T11:30:00": 12.638648,
                    "2015-01-26T11:45:00": 12.921095,
                    "2015-01-26T12:00:00": 12.789606,
                    "2015-01-26T12:15:00": 13.233715,
                    "2015-01-26T12:30:00": 13.078878,
                    "2015-01-26T12:45:00": 12.193709,
                    "2015-01-26T13:00:00": 10.81775,
                    "2015-01-26T13:15:00": 9.970074,
                    "2015-01-26T13:30:00": 9.892241,
                    "2015-01-26T13:45:00": 9.5537195,
                    "2015-01-26T14:00:00": 8.57826,
                    "2015-01-26T14:15:00": 8.19039,
                    "2015-01-26T14:30:00": 8.757563,
                    "2015-01-26T14:45:00": 9.903416,
                    "2015-01-26T15:00:00": 11.219882,
                    "2015-01-26T15:15:00": 11.590905,
                    "2015-01-26T15:30:00": 10.840191,
                    "2015-01-26T15:45:00": 11.091821,
                    "2015-01-26T16:00:00": 11.308305,
                    "2015-01-26T16:15:00": 11.147189,
                    "2015-01-26T16:30:00": 11.849365,
                    "2015-01-26T16:45:00": 11.62021,
                    "2015-01-26T17:00:00": 11.217108,
                    "2015-01-26T17:15:00": 10.92448,
                    "2015-01-26T17:30:00": 10.945634,
                    "2015-01-26T17:45:00": 10.733264,
                    "2015-01-26T18:00:00": 9.505872,
                    "2015-01-26T18:15:00": 9.370759,
                    "2015-01-26T18:30:00": 9.617599,
                    "2015-01-26T18:45:00": 10.618153,
                    "2015-01-26T19:00:00": 11.342265,
                    "2015-01-26T19:15:00": 12.138753,
                    "2015-01-26T19:30:00": 12.106353,
                    "2015-01-26T19:45:00": 11.625979,
                    "2015-01-26T20:00:00": 10.643613,
                    "2015-01-26T20:15:00": 10.127493,
                    "2015-01-26T20:30:00": 9.785506,
                    "2015-01-26T20:45:00": 9.808455,
                    "2015-01-26T21:00:00": 9.985314,
                    "2015-01-26T21:15:00": 9.927286,
                    "2015-01-26T21:30:00": 10.38316,
                    "2015-01-26T21:45:00": 10.152232,
                    "2015-01-26T22:00:00": 10.531636,
                    "2015-01-26T22:15:00": 10.305576,
                    "2015-01-26T22:30:00": 10.204011,
                    "2015-01-26T22:45:00": 10.454648,
                    "2015-01-26T23:00:00": 10.6767,
                    "2015-01-26T23:15:00": 10.701622,
                    "2015-01-26T23:30:00": 10.714985,
                    "2015-01-26T23:45:00": 10.475864,
                    "2015-01-27T00:00:00": 10.021747,
                    "2015-01-27T00:15:00": 10.151134,
                    "2015-01-27T00:30:00": 10.609474,
                    "2015-01-27T00:45:00": 10.484941,
                    "2015-01-27T01:00:00": 10.70479,
                    "2015-01-27T01:15:00": 11.177402,
                    "2015-01-27T01:30:00": 11.037464,
                    "2015-01-27T01:45:00": 11.162934,
                    "2015-01-27T02:00:00": 11.893632
                }
            },
            "geometry": {
                "type": "LineString",
                "coordinates": [
                    [
                        114.103935,
                        22.53847689
                    ],
                    [
                        114.104279928460002,
                        22.538270750984456
                    ],
                    [
                        114.104584229701018,
                        22.538192395950492
                    ],
                    [
                        114.10509564,
                        22.53770676
                    ]
                ]
            }
        },
        {
            "type": "Feature",
            "properties": {
                "Id": "92697",
                "道路序": 23,
                "speeds": {
                    "2015-01-26T02:15:00": 7.2611165,
                    "2015-01-26T02:30:00": 7.7275457,
                    "2015-01-26T02:45:00": 7.567247,
                    "2015-01-26T03:00:00": 7.9095745,
                    "2015-01-26T03:15:00": 7.33391,
                    "2015-01-26T03:30:00": 6.4343643,
                    "2015-01-26T03:45:00": 6.495863,
                    "2015-01-26T04:00:00": 6.1901116,
                    "2015-01-26T04:15:00": 6.5061927,
                    "2015-01-26T04:30:00": 7.5833273,
                    "2015-01-26T04:45:00": 7.8105583,
                    "2015-01-26T05:00:00": 7.9360137,
                    "2015-01-26T05:15:00": 7.7080817,
                    "2015-01-26T05:30:00": 8.614616,
                    "2015-01-26T05:45:00": 7.7896543,
                    "2015-01-26T06:00:00": 7.7226353,
                    "2015-01-26T06:15:00": 6.776927,
                    "2015-01-26T06:30:00": 6.1495657,
                    "2015-01-26T06:45:00": 6.4228296,
                    "2015-01-26T07:00:00": 6.2486873,
                    "2015-01-26T07:15:00": 6.967716,
                    "2015-01-26T07:30:00": 5.878308,
                    "2015-01-26T07:45:00": 5.9156957,
                    "2015-01-26T08:00:00": 7.357579,
                    "2015-01-26T08:15:00": 7.2110806,
                    "2015-01-26T08:30:00": 7.406713,
                    "2015-01-26T08:45:00": 7.120551,
                    "2015-01-26T09:00:00": 7.2373133,
                    "2015-01-26T09:15:00": 8.144409,
                    "2015-01-26T09:30:00": 8.104348,
                    "2015-01-26T09:45:00": 8.6107235,
                    "2015-01-26T10:00:00": 6.9962144,
                    "2015-01-26T10:15:00": 7.2752147,
                    "2015-01-26T10:30:00": 8.044928,
                    "2015-01-26T10:45:00": 7.4995947,
                    "2015-01-26T11:00:00": 5.508677,
                    "2015-01-26T11:15:00": 5.954682,
                    "2015-01-26T11:30:00": 6.3461676,
                    "2015-01-26T11:45:00": 6.3496237,
                    "2015-01-26T12:00:00": 7.0232773,
                    "2015-01-26T12:15:00": 7.0644236,
                    "2015-01-26T12:30:00": 7.276722,
                    "2015-01-26T12:45:00": 6.243047,
                    "2015-01-26T13:00:00": 5.1551604,
                    "2015-01-26T13:15:00": 5.0357246,
                    "2015-01-26T13:30:00": 4.3650374,
                    "2015-01-26T13:45:00": 3.8219006,
                    "2015-01-26T14:00:00": 4.576904,
                    "2015-01-26T14:15:00": 4.3894267,
                    "2015-01-26T14:30:00": 4.2640486,
                    "2015-01-26T14:45:00": 4.5950193,
                    "2015-01-26T15:00:00": 5.297963,
                    "2015-01-26T15:15:00": 6.4792066,
                    "2015-01-26T15:30:00": 6.703582,
                    "2015-01-26T15:45:00": 6.608444,
                    "2015-01-26T16:00:00": 6.163563,
                    "2015-01-26T16:15:00": 6.2120724,
                    "2015-01-26T16:30:00": 6.1184945,
                    "2015-01-26T16:45:00": 5.9660964,
                    "2015-01-26T17:00:00": 6.4002547,
                    "2015-01-26T17:15:00": 6.611852,
                    "2015-01-26T17:30:00": 6.620497,
                    "2015-01-26T17:45:00": 7.3390846,
                    "2015-01-26T18:00:00": 6.260817,
                    "2015-01-26T18:15:00": 6.1137905,
                    "2015-01-26T18:30:00": 6.495239,
                    "2015-01-26T18:45:00": 6.534652,
                    "2015-01-26T19:00:00": 6.8831964,
                    "2015-01-26T19:15:00": 8.045043,
                    "2015-01-26T19:30:00": 7.591444,
                    "2015-01-26T19:45:00": 6.8038654,
                    "2015-01-26T20:00:00": 5.683688,
                    "2015-01-26T20:15:00": 6.6642017,
                    "2015-01-26T20:30:00": 6.4021654,
                    "2015-01-26T20:45:00": 6.9089584,
                    "2015-01-26T21:00:00": 6.291125,
                    "2015-01-26T21:15:00": 6.163774,
                    "2015-01-26T21:30:00": 6.449998,
                    "2015-01-26T21:45:00": 7.084867,
                    "2015-01-26T22:00:00": 7.5414176,
                    "2015-01-26T22:15:00": 7.445008,
                    "2015-01-26T22:30:00": 7.032882,
                    "2015-01-26T22:45:00": 7.185045,
                    "2015-01-26T23:00:00": 7.186283,
                    "2015-01-26T23:15:00": 7.1352057,
                    "2015-01-26T23:30:00": 7.1716285,
                    "2015-01-26T23:45:00": 6.6607027,
                    "2015-01-27T00:00:00": 6.419004,
                    "2015-01-27T00:15:00": 6.4302263,
                    "2015-01-27T00:30:00": 7.3083878,
                    "2015-01-27T00:45:00": 6.480997,
                    "2015-01-27T01:00:00": 7.7307715,
                    "2015-01-27T01:15:00": 8.712783,
                    "2015-01-27T01:30:00": 8.509552,
                    "2015-01-27T01:45:00": 7.1985426,
                    "2015-01-27T02:00:00": 7.615382
                }
            },
            "geometry": {
                "type": "LineString",
                "coordinates": [
                    [
                        114.104485041031808,
                        22.538496827441151
                    ],
                    [
                        114.10468542,
                        22.53848679
                    ],
                    [
                        114.1051356,
                        22.53850673
                    ],
                    [
                        114.105551047722784,
                        22.538585384465343
                    ],
                    [
                        114.10595604,
                        22.53874658
                    ],
                    [
                        114.1062363,
                        22.53905649
                    ]
                ]
            }
        },
        {
            "type": "Feature",
            "properties": {
                "Id": "92856",
                "道路序": 24,
                "speeds": {
                    "2015-01-26T02:15:00": 20.18851,
                    "2015-01-26T02:30:00": 19.666441,
                    "2015-01-26T02:45:00": 19.904457,
                    "2015-01-26T03:00:00": 19.488434,
                    "2015-01-26T03:15:00": 19.82191,
                    "2015-01-26T03:30:00": 21.232862,
                    "2015-01-26T03:45:00": 21.413427,
                    "2015-01-26T04:00:00": 21.599503,
                    "2015-01-26T04:15:00": 21.758638,
                    "2015-01-26T04:30:00": 22.753937,
                    "2015-01-26T04:45:00": 22.632187,
                    "2015-01-26T05:00:00": 22.09383,
                    "2015-01-26T05:15:00": 22.052366,
                    "2015-01-26T05:30:00": 22.797329,
                    "2015-01-26T05:45:00": 22.847866,
                    "2015-01-26T06:00:00": 21.25197,
                    "2015-01-26T06:15:00": 22.183346,
                    "2015-01-26T06:30:00": 23.915434,
                    "2015-01-26T06:45:00": 22.392294,
                    "2015-01-26T07:00:00": 19.344187,
                    "2015-01-26T07:15:00": 20.45157,
                    "2015-01-26T07:30:00": 19.89009,
                    "2015-01-26T07:45:00": 20.701992,
                    "2015-01-26T08:00:00": 19.776558,
                    "2015-01-26T08:15:00": 20.29951,
                    "2015-01-26T08:30:00": 21.075798,
                    "2015-01-26T08:45:00": 20.357887,
                    "2015-01-26T09:00:00": 21.260227,
                    "2015-01-26T09:15:00": 21.810106,
                    "2015-01-26T09:30:00": 21.514935,
                    "2015-01-26T09:45:00": 24.2113,
                    "2015-01-26T10:00:00": 25.403633,
                    "2015-01-26T10:15:00": 22.766216,
                    "2015-01-26T10:30:00": 24.4125,
                    "2015-01-26T10:45:00": 25.216793,
                    "2015-01-26T11:00:00": 24.414623,
                    "2015-01-26T11:15:00": 25.517769,
                    "2015-01-26T11:30:00": 24.52092,
                    "2015-01-26T11:45:00": 24.372093,
                    "2015-01-26T12:00:00": 23.84949,
                    "2015-01-26T12:15:00": 23.645288,
                    "2015-01-26T12:30:00": 23.355652,
                    "2015-01-26T12:45:00": 23.247713,
                    "2015-01-26T13:00:00": 23.102587,
                    "2015-01-26T13:15:00": 22.552267,
                    "2015-01-26T13:30:00": 22.169796,
                    "2015-01-26T13:45:00": 22.254583,
                    "2015-01-26T14:00:00": 22.117315,
                    "2015-01-26T14:15:00": 23.192232,
                    "2015-01-26T14:30:00": 23.092007,
                    "2015-01-26T14:45:00": 22.512684,
                    "2015-01-26T15:00:00": 22.256096,
                    "2015-01-26T15:15:00": 22.062057,
                    "2015-01-26T15:30:00": 22.266182,
                    "2015-01-26T15:45:00": 22.174269,
                    "2015-01-26T16:00:00": 21.877422,
                    "2015-01-26T16:15:00": 22.157345,
                    "2015-01-26T16:30:00": 21.834616,
                    "2015-01-26T16:45:00": 21.43926,
                    "2015-01-26T17:00:00": 20.781189,
                    "2015-01-26T17:15:00": 21.005405,
                    "2015-01-26T17:30:00": 21.173052,
                    "2015-01-26T17:45:00": 22.151047,
                    "2015-01-26T18:00:00": 22.26402,
                    "2015-01-26T18:15:00": 22.779737,
                    "2015-01-26T18:30:00": 21.600994,
                    "2015-01-26T18:45:00": 21.918406,
                    "2015-01-26T19:00:00": 22.575264,
                    "2015-01-26T19:15:00": 21.892836,
                    "2015-01-26T19:30:00": 21.704235,
                    "2015-01-26T19:45:00": 22.519415,
                    "2015-01-26T20:00:00": 22.669983,
                    "2015-01-26T20:15:00": 21.79813,
                    "2015-01-26T20:30:00": 21.770247,
                    "2015-01-26T20:45:00": 22.664991,
                    "2015-01-26T21:00:00": 22.48372,
                    "2015-01-26T21:15:00": 22.11948,
                    "2015-01-26T21:30:00": 21.268185,
                    "2015-01-26T21:45:00": 21.950954,
                    "2015-01-26T22:00:00": 21.582314,
                    "2015-01-26T22:15:00": 22.357824,
                    "2015-01-26T22:30:00": 22.409853,
                    "2015-01-26T22:45:00": 22.103354,
                    "2015-01-26T23:00:00": 21.72527,
                    "2015-01-26T23:15:00": 20.65893,
                    "2015-01-26T23:30:00": 19.291597,
                    "2015-01-26T23:45:00": 18.08837,
                    "2015-01-27T00:00:00": 17.59118,
                    "2015-01-27T00:15:00": 17.767815,
                    "2015-01-27T00:30:00": 18.291033,
                    "2015-01-27T00:45:00": 18.64225,
                    "2015-01-27T01:00:00": 19.705706,
                    "2015-01-27T01:15:00": 20.702131,
                    "2015-01-27T01:30:00": 20.840622,
                    "2015-01-27T01:45:00": 20.906567,
                    "2015-01-27T02:00:00": 20.36383
                }
            },
            "geometry": {
                "type": "LineString",
                "coordinates": [
                    [
                        114.10190323453412,
                        22.541149207043709
                    ],
                    [
                        114.10190388,
                        22.54263701
                    ]
                ]
            }
        },
        {
            "type": "Feature",
            "properties": {
                "Id": "92858",
                "道路序": 25,
                "speeds": {
                    "2015-01-26T02:15:00": 35.025,
                    "2015-01-26T02:30:00": 34.56453,
                    "2015-01-26T02:45:00": 35.080853,
                    "2015-01-26T03:00:00": 36.536858,
                    "2015-01-26T03:15:00": 36.82106,
                    "2015-01-26T03:30:00": 34.731373,
                    "2015-01-26T03:45:00": 35.406193,
                    "2015-01-26T04:00:00": 35.790607,
                    "2015-01-26T04:15:00": 35.937336,
                    "2015-01-26T04:30:00": 37.072662,
                    "2015-01-26T04:45:00": 37.24772,
                    "2015-01-26T05:00:00": 38.0951,
                    "2015-01-26T05:15:00": 38.72178,
                    "2015-01-26T05:30:00": 36.693222,
                    "2015-01-26T05:45:00": 37.64369,
                    "2015-01-26T06:00:00": 37.513054,
                    "2015-01-26T06:15:00": 37.379135,
                    "2015-01-26T06:30:00": 37.101093,
                    "2015-01-26T06:45:00": 37.906982,
                    "2015-01-26T07:00:00": 37.544468,
                    "2015-01-26T07:15:00": 37.78944,
                    "2015-01-26T07:30:00": 37.08614,
                    "2015-01-26T07:45:00": 35.73222,
                    "2015-01-26T08:00:00": 33.759228,
                    "2015-01-26T08:15:00": 32.77534,
                    "2015-01-26T08:30:00": 33.41705,
                    "2015-01-26T08:45:00": 33.61753,
                    "2015-01-26T09:00:00": 34.154747,
                    "2015-01-26T09:15:00": 32.993362,
                    "2015-01-26T09:30:00": 32.233665,
                    "2015-01-26T09:45:00": 32.582085,
                    "2015-01-26T10:00:00": 31.53268,
                    "2015-01-26T10:15:00": 31.347286,
                    "2015-01-26T10:30:00": 31.096554,
                    "2015-01-26T10:45:00": 30.99461,
                    "2015-01-26T11:00:00": 32.71197,
                    "2015-01-26T11:15:00": 34.026814,
                    "2015-01-26T11:30:00": 32.97801,
                    "2015-01-26T11:45:00": 34.38812,
                    "2015-01-26T12:00:00": 32.73292,
                    "2015-01-26T12:15:00": 35.05793,
                    "2015-01-26T12:30:00": 36.999046,
                    "2015-01-26T12:45:00": 36.166313,
                    "2015-01-26T13:00:00": 37.21025,
                    "2015-01-26T13:15:00": 36.275723,
                    "2015-01-26T13:30:00": 35.863495,
                    "2015-01-26T13:45:00": 34.531178,
                    "2015-01-26T14:00:00": 28.052359,
                    "2015-01-26T14:15:00": 25.185905,
                    "2015-01-26T14:30:00": 26.787378,
                    "2015-01-26T14:45:00": 29.618546,
                    "2015-01-26T15:00:00": 31.186686,
                    "2015-01-26T15:15:00": 32.37826,
                    "2015-01-26T15:30:00": 33.5319,
                    "2015-01-26T15:45:00": 33.341373,
                    "2015-01-26T16:00:00": 34.046055,
                    "2015-01-26T16:15:00": 35.29307,
                    "2015-01-26T16:30:00": 35.06688,
                    "2015-01-26T16:45:00": 34.153595,
                    "2015-01-26T17:00:00": 34.093147,
                    "2015-01-26T17:15:00": 35.45252,
                    "2015-01-26T17:30:00": 35.555138,
                    "2015-01-26T17:45:00": 34.256596,
                    "2015-01-26T18:00:00": 35.05739,
                    "2015-01-26T18:15:00": 33.341026,
                    "2015-01-26T18:30:00": 34.70815,
                    "2015-01-26T18:45:00": 33.8956,
                    "2015-01-26T19:00:00": 35.09507,
                    "2015-01-26T19:15:00": 35.129246,
                    "2015-01-26T19:30:00": 34.60223,
                    "2015-01-26T19:45:00": 36.000458,
                    "2015-01-26T20:00:00": 36.29315,
                    "2015-01-26T20:15:00": 36.395897,
                    "2015-01-26T20:30:00": 37.29359,
                    "2015-01-26T20:45:00": 36.872963,
                    "2015-01-26T21:00:00": 37.079967,
                    "2015-01-26T21:15:00": 36.058037,
                    "2015-01-26T21:30:00": 36.512253,
                    "2015-01-26T21:45:00": 36.797184,
                    "2015-01-26T22:00:00": 36.900852,
                    "2015-01-26T22:15:00": 37.158283,
                    "2015-01-26T22:30:00": 37.813366,
                    "2015-01-26T22:45:00": 37.628727,
                    "2015-01-26T23:00:00": 39.0683,
                    "2015-01-26T23:15:00": 37.682186,
                    "2015-01-26T23:30:00": 38.306206,
                    "2015-01-26T23:45:00": 38.047108,
                    "2015-01-27T00:00:00": 36.01683,
                    "2015-01-27T00:15:00": 36.768555,
                    "2015-01-27T00:30:00": 33.626106,
                    "2015-01-27T00:45:00": 33.54053,
                    "2015-01-27T01:00:00": 33.912243,
                    "2015-01-27T01:15:00": 34.183964,
                    "2015-01-27T01:30:00": 34.795002,
                    "2015-01-27T01:45:00": 34.24315,
                    "2015-01-27T02:00:00": 34.005493
                }
            },
            "geometry": {
                "type": "LineString",
                "coordinates": [
                    [
                        114.10186374,
                        22.54377695
                    ],
                    [
                        114.106112317699044,
                        22.544616848658787
                    ]
                ]
            }
        },
        {
            "type": "Feature",
            "properties": {
                "Id": "92876",
                "道路序": 27,
                "speeds": {
                    "2015-01-26T02:15:00": 20.234617,
                    "2015-01-26T02:30:00": 20.67094,
                    "2015-01-26T02:45:00": 21.20469,
                    "2015-01-26T03:00:00": 20.71355,
                    "2015-01-26T03:15:00": 20.30945,
                    "2015-01-26T03:30:00": 20.13731,
                    "2015-01-26T03:45:00": 19.2195,
                    "2015-01-26T04:00:00": 19.417152,
                    "2015-01-26T04:15:00": 19.846487,
                    "2015-01-26T04:30:00": 20.451979,
                    "2015-01-26T04:45:00": 21.546759,
                    "2015-01-26T05:00:00": 21.147738,
                    "2015-01-26T05:15:00": 21.173946,
                    "2015-01-26T05:30:00": 20.250591,
                    "2015-01-26T05:45:00": 21.194845,
                    "2015-01-26T06:00:00": 21.411963,
                    "2015-01-26T06:15:00": 21.776678,
                    "2015-01-26T06:30:00": 22.07487,
                    "2015-01-26T06:45:00": 21.70422,
                    "2015-01-26T07:00:00": 21.859528,
                    "2015-01-26T07:15:00": 22.335571,
                    "2015-01-26T07:30:00": 23.263533,
                    "2015-01-26T07:45:00": 23.238026,
                    "2015-01-26T08:00:00": 21.847326,
                    "2015-01-26T08:15:00": 21.346983,
                    "2015-01-26T08:30:00": 22.10369,
                    "2015-01-26T08:45:00": 22.066391,
                    "2015-01-26T09:00:00": 21.715693,
                    "2015-01-26T09:15:00": 22.013529,
                    "2015-01-26T09:30:00": 21.29765,
                    "2015-01-26T09:45:00": 21.614445,
                    "2015-01-26T10:00:00": 22.315828,
                    "2015-01-26T10:15:00": 22.605955,
                    "2015-01-26T10:30:00": 22.78884,
                    "2015-01-26T10:45:00": 22.510803,
                    "2015-01-26T11:00:00": 21.783484,
                    "2015-01-26T11:15:00": 22.661425,
                    "2015-01-26T11:30:00": 21.408276,
                    "2015-01-26T11:45:00": 22.143093,
                    "2015-01-26T12:00:00": 22.827288,
                    "2015-01-26T12:15:00": 23.07093,
                    "2015-01-26T12:30:00": 23.632502,
                    "2015-01-26T12:45:00": 22.38264,
                    "2015-01-26T13:00:00": 20.68268,
                    "2015-01-26T13:15:00": 19.912262,
                    "2015-01-26T13:30:00": 21.205502,
                    "2015-01-26T13:45:00": 19.083614,
                    "2015-01-26T14:00:00": 17.123632,
                    "2015-01-26T14:15:00": 15.4972725,
                    "2015-01-26T14:30:00": 16.409567,
                    "2015-01-26T14:45:00": 19.420494,
                    "2015-01-26T15:00:00": 20.625229,
                    "2015-01-26T15:15:00": 20.858753,
                    "2015-01-26T15:30:00": 20.5463,
                    "2015-01-26T15:45:00": 20.776508,
                    "2015-01-26T16:00:00": 20.656002,
                    "2015-01-26T16:15:00": 20.666763,
                    "2015-01-26T16:30:00": 20.327993,
                    "2015-01-26T16:45:00": 20.993856,
                    "2015-01-26T17:00:00": 21.164312,
                    "2015-01-26T17:15:00": 21.250498,
                    "2015-01-26T17:30:00": 21.245697,
                    "2015-01-26T17:45:00": 20.030401,
                    "2015-01-26T18:00:00": 18.85918,
                    "2015-01-26T18:15:00": 20.167109,
                    "2015-01-26T18:30:00": 19.013393,
                    "2015-01-26T18:45:00": 18.475304,
                    "2015-01-26T19:00:00": 18.974895,
                    "2015-01-26T19:15:00": 18.393702,
                    "2015-01-26T19:30:00": 19.652716,
                    "2015-01-26T19:45:00": 20.025059,
                    "2015-01-26T20:00:00": 19.850067,
                    "2015-01-26T20:15:00": 20.524181,
                    "2015-01-26T20:30:00": 19.921003,
                    "2015-01-26T20:45:00": 19.887154,
                    "2015-01-26T21:00:00": 20.607597,
                    "2015-01-26T21:15:00": 19.900713,
                    "2015-01-26T21:30:00": 20.931286,
                    "2015-01-26T21:45:00": 21.588251,
                    "2015-01-26T22:00:00": 22.694387,
                    "2015-01-26T22:15:00": 22.211153,
                    "2015-01-26T22:30:00": 21.82813,
                    "2015-01-26T22:45:00": 20.379583,
                    "2015-01-26T23:00:00": 21.397615,
                    "2015-01-26T23:15:00": 22.622395,
                    "2015-01-26T23:30:00": 22.35627,
                    "2015-01-26T23:45:00": 21.087332,
                    "2015-01-27T00:00:00": 21.638762,
                    "2015-01-27T00:15:00": 21.34021,
                    "2015-01-27T00:30:00": 20.82079,
                    "2015-01-27T00:45:00": 21.035147,
                    "2015-01-27T01:00:00": 21.082321,
                    "2015-01-27T01:15:00": 21.156853,
                    "2015-01-27T01:30:00": 20.252901,
                    "2015-01-27T01:45:00": 19.885021,
                    "2015-01-27T02:00:00": 20.58667
                }
            },
            "geometry": {
                "type": "LineString",
                "coordinates": [
                    [
                        114.103052736464761,
                        22.544732556772441
                    ],
                    [
                        114.102786514334525,
                        22.54508204663761
                    ]
                ]
            }
        },
        {
            "type": "Feature",
            "properties": {
                "Id": "92877",
                "道路序": 28,
                "speeds": {
                    "2015-01-26T02:15:00": 21.01561,
                    "2015-01-26T02:30:00": 21.72513,
                    "2015-01-26T02:45:00": 21.889687,
                    "2015-01-26T03:00:00": 22.56199,
                    "2015-01-26T03:15:00": 22.387274,
                    "2015-01-26T03:30:00": 22.274,
                    "2015-01-26T03:45:00": 20.82629,
                    "2015-01-26T04:00:00": 20.87081,
                    "2015-01-26T04:15:00": 20.721235,
                    "2015-01-26T04:30:00": 20.86685,
                    "2015-01-26T04:45:00": 21.521116,
                    "2015-01-26T05:00:00": 21.057005,
                    "2015-01-26T05:15:00": 22.679483,
                    "2015-01-26T05:30:00": 20.058622,
                    "2015-01-26T05:45:00": 21.591103,
                    "2015-01-26T06:00:00": 22.271591,
                    "2015-01-26T06:15:00": 22.279276,
                    "2015-01-26T06:30:00": 23.512169,
                    "2015-01-26T06:45:00": 21.77627,
                    "2015-01-26T07:00:00": 21.345226,
                    "2015-01-26T07:15:00": 21.995178,
                    "2015-01-26T07:30:00": 21.519547,
                    "2015-01-26T07:45:00": 22.310799,
                    "2015-01-26T08:00:00": 21.221048,
                    "2015-01-26T08:15:00": 19.417963,
                    "2015-01-26T08:30:00": 19.925539,
                    "2015-01-26T08:45:00": 19.317614,
                    "2015-01-26T09:00:00": 20.527605,
                    "2015-01-26T09:15:00": 20.047504,
                    "2015-01-26T09:30:00": 18.665627,
                    "2015-01-26T09:45:00": 18.218624,
                    "2015-01-26T10:00:00": 19.347786,
                    "2015-01-26T10:15:00": 20.53686,
                    "2015-01-26T10:30:00": 20.358305,
                    "2015-01-26T10:45:00": 19.067898,
                    "2015-01-26T11:00:00": 19.103851,
                    "2015-01-26T11:15:00": 20.292084,
                    "2015-01-26T11:30:00": 18.448832,
                    "2015-01-26T11:45:00": 21.593338,
                    "2015-01-26T12:00:00": 21.541878,
                    "2015-01-26T12:15:00": 23.56256,
                    "2015-01-26T12:30:00": 25.094757,
                    "2015-01-26T12:45:00": 25.570143,
                    "2015-01-26T13:00:00": 25.747856,
                    "2015-01-26T13:15:00": 23.240412,
                    "2015-01-26T13:30:00": 23.30393,
                    "2015-01-26T13:45:00": 22.149035,
                    "2015-01-26T14:00:00": 19.724813,
                    "2015-01-26T14:15:00": 18.165995,
                    "2015-01-26T14:30:00": 18.261738,
                    "2015-01-26T14:45:00": 19.505775,
                    "2015-01-26T15:00:00": 21.274632,
                    "2015-01-26T15:15:00": 22.201841,
                    "2015-01-26T15:30:00": 22.876406,
                    "2015-01-26T15:45:00": 23.791035,
                    "2015-01-26T16:00:00": 23.52629,
                    "2015-01-26T16:15:00": 23.116602,
                    "2015-01-26T16:30:00": 22.643707,
                    "2015-01-26T16:45:00": 22.536854,
                    "2015-01-26T17:00:00": 21.140436,
                    "2015-01-26T17:15:00": 20.797749,
                    "2015-01-26T17:30:00": 21.750921,
                    "2015-01-26T17:45:00": 21.007795,
                    "2015-01-26T18:00:00": 20.48141,
                    "2015-01-26T18:15:00": 21.472305,
                    "2015-01-26T18:30:00": 22.351719,
                    "2015-01-26T18:45:00": 22.316813,
                    "2015-01-26T19:00:00": 22.271797,
                    "2015-01-26T19:15:00": 20.797771,
                    "2015-01-26T19:30:00": 22.12525,
                    "2015-01-26T19:45:00": 23.552551,
                    "2015-01-26T20:00:00": 23.95811,
                    "2015-01-26T20:15:00": 24.690334,
                    "2015-01-26T20:30:00": 22.474808,
                    "2015-01-26T20:45:00": 22.138853,
                    "2015-01-26T21:00:00": 21.66992,
                    "2015-01-26T21:15:00": 21.059517,
                    "2015-01-26T21:30:00": 20.739485,
                    "2015-01-26T21:45:00": 21.094898,
                    "2015-01-26T22:00:00": 21.161297,
                    "2015-01-26T22:15:00": 22.506258,
                    "2015-01-26T22:30:00": 22.941793,
                    "2015-01-26T22:45:00": 23.131641,
                    "2015-01-26T23:00:00": 23.854942,
                    "2015-01-26T23:15:00": 25.02147,
                    "2015-01-26T23:30:00": 23.813278,
                    "2015-01-26T23:45:00": 21.476446,
                    "2015-01-27T00:00:00": 20.233374,
                    "2015-01-27T00:15:00": 20.31808,
                    "2015-01-27T00:30:00": 20.82699,
                    "2015-01-27T00:45:00": 20.720612,
                    "2015-01-27T01:00:00": 20.157547,
                    "2015-01-27T01:15:00": 20.35916,
                    "2015-01-27T01:30:00": 20.479483,
                    "2015-01-27T01:45:00": 19.797104,
                    "2015-01-27T02:00:00": 19.93184
                }
            },
            "geometry": {
                "type": "LineString",
                "coordinates": [
                    [
                        114.103052736464747,
                        22.544732556772434
                    ],
                    [
                        114.1030143,
                        22.54466669
                    ],
                    [
                        114.102932117434023,
                        22.544405490752212
                    ],
                    [
                        114.1029243,
                        22.54432676
                    ],
                    [
                        114.103069860407416,
                        22.544134294830407
                    ]
                ]
            }
        },
        {
            "type": "Feature",
            "properties": {
                "Id": "92878",
                "道路序": 29,
                "speeds": {
                    "2015-01-26T02:15:00": 33.68722,
                    "2015-01-26T02:30:00": 34.12883,
                    "2015-01-26T02:45:00": 34.683533,
                    "2015-01-26T03:00:00": 35.25529,
                    "2015-01-26T03:15:00": 35.257526,
                    "2015-01-26T03:30:00": 34.395306,
                    "2015-01-26T03:45:00": 33.263496,
                    "2015-01-26T04:00:00": 33.869286,
                    "2015-01-26T04:15:00": 34.187862,
                    "2015-01-26T04:30:00": 34.92146,
                    "2015-01-26T04:45:00": 35.975357,
                    "2015-01-26T05:00:00": 36.068287,
                    "2015-01-26T05:15:00": 36.929348,
                    "2015-01-26T05:30:00": 36.083546,
                    "2015-01-26T05:45:00": 36.3654,
                    "2015-01-26T06:00:00": 36.602604,
                    "2015-01-26T06:15:00": 36.860825,
                    "2015-01-26T06:30:00": 36.065273,
                    "2015-01-26T06:45:00": 35.84895,
                    "2015-01-26T07:00:00": 35.290512,
                    "2015-01-26T07:15:00": 35.996723,
                    "2015-01-26T07:30:00": 36.856205,
                    "2015-01-26T07:45:00": 36.40403,
                    "2015-01-26T08:00:00": 34.743267,
                    "2015-01-26T08:15:00": 34.402306,
                    "2015-01-26T08:30:00": 34.606598,
                    "2015-01-26T08:45:00": 34.962475,
                    "2015-01-26T09:00:00": 33.959705,
                    "2015-01-26T09:15:00": 33.40777,
                    "2015-01-26T09:30:00": 32.656364,
                    "2015-01-26T09:45:00": 32.72781,
                    "2015-01-26T10:00:00": 33.408524,
                    "2015-01-26T10:15:00": 33.91428,
                    "2015-01-26T10:30:00": 33.644535,
                    "2015-01-26T10:45:00": 33.739254,
                    "2015-01-26T11:00:00": 33.12316,
                    "2015-01-26T11:15:00": 34.20416,
                    "2015-01-26T11:30:00": 34.138283,
                    "2015-01-26T11:45:00": 35.18009,
                    "2015-01-26T12:00:00": 35.09467,
                    "2015-01-26T12:15:00": 35.7857,
                    "2015-01-26T12:30:00": 36.13729,
                    "2015-01-26T12:45:00": 35.192074,
                    "2015-01-26T13:00:00": 33.98857,
                    "2015-01-26T13:15:00": 33.45616,
                    "2015-01-26T13:30:00": 33.45258,
                    "2015-01-26T13:45:00": 33.414062,
                    "2015-01-26T14:00:00": 30.040016,
                    "2015-01-26T14:15:00": 26.947647,
                    "2015-01-26T14:30:00": 27.780798,
                    "2015-01-26T14:45:00": 30.536802,
                    "2015-01-26T15:00:00": 32.22703,
                    "2015-01-26T15:15:00": 32.25784,
                    "2015-01-26T15:30:00": 31.215038,
                    "2015-01-26T15:45:00": 32.44367,
                    "2015-01-26T16:00:00": 33.397106,
                    "2015-01-26T16:15:00": 33.71285,
                    "2015-01-26T16:30:00": 33.947857,
                    "2015-01-26T16:45:00": 33.69378,
                    "2015-01-26T17:00:00": 34.11928,
                    "2015-01-26T17:15:00": 35.213215,
                    "2015-01-26T17:30:00": 35.324795,
                    "2015-01-26T17:45:00": 33.96666,
                    "2015-01-26T18:00:00": 33.038933,
                    "2015-01-26T18:15:00": 33.515213,
                    "2015-01-26T18:30:00": 33.31113,
                    "2015-01-26T18:45:00": 33.12627,
                    "2015-01-26T19:00:00": 33.378937,
                    "2015-01-26T19:15:00": 33.48987,
                    "2015-01-26T19:30:00": 33.76883,
                    "2015-01-26T19:45:00": 34.156437,
                    "2015-01-26T20:00:00": 34.730545,
                    "2015-01-26T20:15:00": 34.51579,
                    "2015-01-26T20:30:00": 34.420868,
                    "2015-01-26T20:45:00": 34.732147,
                    "2015-01-26T21:00:00": 34.84313,
                    "2015-01-26T21:15:00": 34.294937,
                    "2015-01-26T21:30:00": 35.32733,
                    "2015-01-26T21:45:00": 35.626106,
                    "2015-01-26T22:00:00": 36.126118,
                    "2015-01-26T22:15:00": 36.380062,
                    "2015-01-26T22:30:00": 36.212605,
                    "2015-01-26T22:45:00": 35.678425,
                    "2015-01-26T23:00:00": 36.72115,
                    "2015-01-26T23:15:00": 37.456993,
                    "2015-01-26T23:30:00": 36.322136,
                    "2015-01-26T23:45:00": 35.811256,
                    "2015-01-27T00:00:00": 34.822506,
                    "2015-01-27T00:15:00": 35.145866,
                    "2015-01-27T00:30:00": 34.577015,
                    "2015-01-27T00:45:00": 33.953316,
                    "2015-01-27T01:00:00": 33.49733,
                    "2015-01-27T01:15:00": 34.04071,
                    "2015-01-27T01:30:00": 33.65171,
                    "2015-01-27T01:45:00": 33.2614,
                    "2015-01-27T02:00:00": 33.030384
                }
            },
            "geometry": {
                "type": "LineString",
                "coordinates": [
                    [
                        114.102998699186998,
                        22.54469579135667
                    ],
                    [
                        114.10184376,
                        22.54393692
                    ]
                ]
            }
        },
        {
            "type": "Feature",
            "properties": {
                "Id": "92881",
                "道路序": 26,
                "speeds": {
                    "2015-01-26T02:15:00": 17.062033,
                    "2015-01-26T02:30:00": 18.177454,
                    "2015-01-26T02:45:00": 19.012346,
                    "2015-01-26T03:00:00": 18.547136,
                    "2015-01-26T03:15:00": 18.551893,
                    "2015-01-26T03:30:00": 17.615469,
                    "2015-01-26T03:45:00": 17.301083,
                    "2015-01-26T04:00:00": 17.299143,
                    "2015-01-26T04:15:00": 17.581594,
                    "2015-01-26T04:30:00": 18.227417,
                    "2015-01-26T04:45:00": 18.535948,
                    "2015-01-26T05:00:00": 18.12097,
                    "2015-01-26T05:15:00": 17.446539,
                    "2015-01-26T05:30:00": 17.869312,
                    "2015-01-26T05:45:00": 18.354753,
                    "2015-01-26T06:00:00": 18.250597,
                    "2015-01-26T06:15:00": 17.276608,
                    "2015-01-26T06:30:00": 17.332226,
                    "2015-01-26T06:45:00": 15.743493,
                    "2015-01-26T07:00:00": 15.34125,
                    "2015-01-26T07:15:00": 15.848841,
                    "2015-01-26T07:30:00": 15.661867,
                    "2015-01-26T07:45:00": 15.499629,
                    "2015-01-26T08:00:00": 15.406061,
                    "2015-01-26T08:15:00": 14.391573,
                    "2015-01-26T08:30:00": 15.390572,
                    "2015-01-26T08:45:00": 15.347688,
                    "2015-01-26T09:00:00": 15.1550455,
                    "2015-01-26T09:15:00": 16.289412,
                    "2015-01-26T09:30:00": 15.204563,
                    "2015-01-26T09:45:00": 15.060071,
                    "2015-01-26T10:00:00": 16.175852,
                    "2015-01-26T10:15:00": 15.91403,
                    "2015-01-26T10:30:00": 17.6911,
                    "2015-01-26T10:45:00": 17.347427,
                    "2015-01-26T11:00:00": 17.377707,
                    "2015-01-26T11:15:00": 17.540976,
                    "2015-01-26T11:30:00": 16.563755,
                    "2015-01-26T11:45:00": 17.106377,
                    "2015-01-26T12:00:00": 17.028734,
                    "2015-01-26T12:15:00": 17.21828,
                    "2015-01-26T12:30:00": 17.071873,
                    "2015-01-26T12:45:00": 16.325186,
                    "2015-01-26T13:00:00": 14.859687,
                    "2015-01-26T13:15:00": 15.698281,
                    "2015-01-26T13:30:00": 16.620247,
                    "2015-01-26T13:45:00": 15.127887,
                    "2015-01-26T14:00:00": 14.697185,
                    "2015-01-26T14:15:00": 16.19364,
                    "2015-01-26T14:30:00": 17.184887,
                    "2015-01-26T14:45:00": 18.28776,
                    "2015-01-26T15:00:00": 18.080027,
                    "2015-01-26T15:15:00": 17.446953,
                    "2015-01-26T15:30:00": 16.886398,
                    "2015-01-26T15:45:00": 17.277409,
                    "2015-01-26T16:00:00": 15.10044,
                    "2015-01-26T16:15:00": 15.33442,
                    "2015-01-26T16:30:00": 14.536511,
                    "2015-01-26T16:45:00": 15.411783,
                    "2015-01-26T17:00:00": 15.37848,
                    "2015-01-26T17:15:00": 16.25509,
                    "2015-01-26T17:30:00": 16.689917,
                    "2015-01-26T17:45:00": 15.879897,
                    "2015-01-26T18:00:00": 16.799017,
                    "2015-01-26T18:15:00": 17.945652,
                    "2015-01-26T18:30:00": 16.683594,
                    "2015-01-26T18:45:00": 17.539864,
                    "2015-01-26T19:00:00": 17.665495,
                    "2015-01-26T19:15:00": 16.978806,
                    "2015-01-26T19:30:00": 17.192894,
                    "2015-01-26T19:45:00": 18.181227,
                    "2015-01-26T20:00:00": 18.220007,
                    "2015-01-26T20:15:00": 18.458887,
                    "2015-01-26T20:30:00": 18.391504,
                    "2015-01-26T20:45:00": 18.686478,
                    "2015-01-26T21:00:00": 18.46972,
                    "2015-01-26T21:15:00": 17.395525,
                    "2015-01-26T21:30:00": 15.872471,
                    "2015-01-26T21:45:00": 14.836133,
                    "2015-01-26T22:00:00": 16.565723,
                    "2015-01-26T22:15:00": 16.274982,
                    "2015-01-26T22:30:00": 15.865626,
                    "2015-01-26T22:45:00": 15.836264,
                    "2015-01-26T23:00:00": 16.342577,
                    "2015-01-26T23:15:00": 16.900236,
                    "2015-01-26T23:30:00": 17.263195,
                    "2015-01-26T23:45:00": 16.96546,
                    "2015-01-27T00:00:00": 16.547373,
                    "2015-01-27T00:15:00": 16.907288,
                    "2015-01-27T00:30:00": 17.594786,
                    "2015-01-27T00:45:00": 16.944532,
                    "2015-01-27T01:00:00": 17.082706,
                    "2015-01-27T01:15:00": 16.973337,
                    "2015-01-27T01:30:00": 15.229096,
                    "2015-01-27T01:45:00": 16.660986,
                    "2015-01-27T02:00:00": 17.194454
                }
            },
            "geometry": {
                "type": "LineString",
                "coordinates": [
                    [
                        114.102998699187012,
                        22.544695791356673
                    ],
                    [
                        114.10315091227308,
                        22.544900796064631
                    ],
                    [
                        114.10383474,
                        22.54532657
                    ]
                ]
            }
        },
        {
            "type": "Feature",
            "properties": {
                "Id": "92883",
                "道路序": 30,
                "speeds": {
                    "2015-01-26T02:15:00": 12.262739,
                    "2015-01-26T02:30:00": 12.968784,
                    "2015-01-26T02:45:00": 13.017875,
                    "2015-01-26T03:00:00": 14.020295,
                    "2015-01-26T03:15:00": 14.027337,
                    "2015-01-26T03:30:00": 14.015682,
                    "2015-01-26T03:45:00": 12.857465,
                    "2015-01-26T04:00:00": 12.91533,
                    "2015-01-26T04:15:00": 12.767674,
                    "2015-01-26T04:30:00": 12.513103,
                    "2015-01-26T04:45:00": 13.653194,
                    "2015-01-26T05:00:00": 12.408129,
                    "2015-01-26T05:15:00": 13.314313,
                    "2015-01-26T05:30:00": 10.876988,
                    "2015-01-26T05:45:00": 11.789167,
                    "2015-01-26T06:00:00": 12.946051,
                    "2015-01-26T06:15:00": 13.720406,
                    "2015-01-26T06:30:00": 13.452081,
                    "2015-01-26T06:45:00": 12.22165,
                    "2015-01-26T07:00:00": 12.4398,
                    "2015-01-26T07:15:00": 13.796563,
                    "2015-01-26T07:30:00": 12.966936,
                    "2015-01-26T07:45:00": 12.787297,
                    "2015-01-26T08:00:00": 11.863261,
                    "2015-01-26T08:15:00": 11.796675,
                    "2015-01-26T08:30:00": 12.431107,
                    "2015-01-26T08:45:00": 12.51112,
                    "2015-01-26T09:00:00": 12.121507,
                    "2015-01-26T09:15:00": 12.273573,
                    "2015-01-26T09:30:00": 11.576212,
                    "2015-01-26T09:45:00": 11.625936,
                    "2015-01-26T10:00:00": 13.13142,
                    "2015-01-26T10:15:00": 14.092469,
                    "2015-01-26T10:30:00": 12.221881,
                    "2015-01-26T10:45:00": 11.871738,
                    "2015-01-26T11:00:00": 11.692508,
                    "2015-01-26T11:15:00": 13.528292,
                    "2015-01-26T11:30:00": 13.121941,
                    "2015-01-26T11:45:00": 13.416204,
                    "2015-01-26T12:00:00": 14.135776,
                    "2015-01-26T12:15:00": 15.27716,
                    "2015-01-26T12:30:00": 16.454151,
                    "2015-01-26T12:45:00": 16.683407,
                    "2015-01-26T13:00:00": 16.543129,
                    "2015-01-26T13:15:00": 15.115699,
                    "2015-01-26T13:30:00": 15.02696,
                    "2015-01-26T13:45:00": 15.112469,
                    "2015-01-26T14:00:00": 12.888704,
                    "2015-01-26T14:15:00": 11.13782,
                    "2015-01-26T14:30:00": 12.243116,
                    "2015-01-26T14:45:00": 12.823884,
                    "2015-01-26T15:00:00": 14.924925,
                    "2015-01-26T15:15:00": 15.023792,
                    "2015-01-26T15:30:00": 14.242683,
                    "2015-01-26T15:45:00": 15.204136,
                    "2015-01-26T16:00:00": 14.887316,
                    "2015-01-26T16:15:00": 13.827913,
                    "2015-01-26T16:30:00": 14.014506,
                    "2015-01-26T16:45:00": 14.339079,
                    "2015-01-26T17:00:00": 12.921522,
                    "2015-01-26T17:15:00": 12.901491,
                    "2015-01-26T17:30:00": 13.171525,
                    "2015-01-26T17:45:00": 12.432235,
                    "2015-01-26T18:00:00": 12.295634,
                    "2015-01-26T18:15:00": 12.318132,
                    "2015-01-26T18:30:00": 12.652727,
                    "2015-01-26T18:45:00": 13.361157,
                    "2015-01-26T19:00:00": 13.605789,
                    "2015-01-26T19:15:00": 12.924187,
                    "2015-01-26T19:30:00": 13.852072,
                    "2015-01-26T19:45:00": 14.485798,
                    "2015-01-26T20:00:00": 14.205363,
                    "2015-01-26T20:15:00": 14.596186,
                    "2015-01-26T20:30:00": 12.844721,
                    "2015-01-26T20:45:00": 11.112634,
                    "2015-01-26T21:00:00": 11.894607,
                    "2015-01-26T21:15:00": 12.284104,
                    "2015-01-26T21:30:00": 12.212473,
                    "2015-01-26T21:45:00": 12.835384,
                    "2015-01-26T22:00:00": 12.599806,
                    "2015-01-26T22:15:00": 13.491173,
                    "2015-01-26T22:30:00": 13.179254,
                    "2015-01-26T22:45:00": 12.5734825,
                    "2015-01-26T23:00:00": 12.805346,
                    "2015-01-26T23:15:00": 14.33498,
                    "2015-01-26T23:30:00": 13.228219,
                    "2015-01-26T23:45:00": 10.871799,
                    "2015-01-27T00:00:00": 10.78845,
                    "2015-01-27T00:15:00": 10.839456,
                    "2015-01-27T00:30:00": 12.60368,
                    "2015-01-27T00:45:00": 13.029918,
                    "2015-01-27T01:00:00": 13.128296,
                    "2015-01-27T01:15:00": 13.741857,
                    "2015-01-27T01:30:00": 13.555393,
                    "2015-01-27T01:45:00": 13.161963,
                    "2015-01-27T02:00:00": 13.378826
                }
            },
            "geometry": {
                "type": "LineString",
                "coordinates": [
                    [
                        114.10375482,
                        22.54537656
                    ],
                    [
                        114.1039449,
                        22.54522653
                    ]
                ]
            }
        },
        {
            "type": "Feature",
            "properties": {
                "Id": "92899",
                "道路序": 31,
                "speeds": {
                    "2015-01-26T02:15:00": 18.544132,
                    "2015-01-26T02:30:00": 19.97572,
                    "2015-01-26T02:45:00": 20.29936,
                    "2015-01-26T03:00:00": 20.32721,
                    "2015-01-26T03:15:00": 20.65641,
                    "2015-01-26T03:30:00": 19.956686,
                    "2015-01-26T03:45:00": 19.924377,
                    "2015-01-26T04:00:00": 19.39896,
                    "2015-01-26T04:15:00": 19.682367,
                    "2015-01-26T04:30:00": 20.305183,
                    "2015-01-26T04:45:00": 21.193943,
                    "2015-01-26T05:00:00": 20.449823,
                    "2015-01-26T05:15:00": 19.402046,
                    "2015-01-26T05:30:00": 20.261242,
                    "2015-01-26T05:45:00": 21.050728,
                    "2015-01-26T06:00:00": 20.633936,
                    "2015-01-26T06:15:00": 19.691929,
                    "2015-01-26T06:30:00": 19.728563,
                    "2015-01-26T06:45:00": 18.385057,
                    "2015-01-26T07:00:00": 18.762526,
                    "2015-01-26T07:15:00": 19.196795,
                    "2015-01-26T07:30:00": 18.674992,
                    "2015-01-26T07:45:00": 17.537971,
                    "2015-01-26T08:00:00": 16.890665,
                    "2015-01-26T08:15:00": 15.523822,
                    "2015-01-26T08:30:00": 15.9569235,
                    "2015-01-26T08:45:00": 15.859928,
                    "2015-01-26T09:00:00": 15.284571,
                    "2015-01-26T09:15:00": 16.920767,
                    "2015-01-26T09:30:00": 15.274044,
                    "2015-01-26T09:45:00": 17.090527,
                    "2015-01-26T10:00:00": 17.227411,
                    "2015-01-26T10:15:00": 17.033386,
                    "2015-01-26T10:30:00": 19.215712,
                    "2015-01-26T10:45:00": 19.56691,
                    "2015-01-26T11:00:00": 19.15833,
                    "2015-01-26T11:15:00": 19.536757,
                    "2015-01-26T11:30:00": 18.90673,
                    "2015-01-26T11:45:00": 17.516962,
                    "2015-01-26T12:00:00": 19.652117,
                    "2015-01-26T12:15:00": 19.888996,
                    "2015-01-26T12:30:00": 21.440548,
                    "2015-01-26T12:45:00": 20.696115,
                    "2015-01-26T13:00:00": 19.24268,
                    "2015-01-26T13:15:00": 19.67122,
                    "2015-01-26T13:30:00": 19.835182,
                    "2015-01-26T13:45:00": 16.93412,
                    "2015-01-26T14:00:00": 16.245909,
                    "2015-01-26T14:15:00": 16.188173,
                    "2015-01-26T14:30:00": 16.49079,
                    "2015-01-26T14:45:00": 16.776587,
                    "2015-01-26T15:00:00": 17.762999,
                    "2015-01-26T15:15:00": 17.521627,
                    "2015-01-26T15:30:00": 18.457687,
                    "2015-01-26T15:45:00": 18.817377,
                    "2015-01-26T16:00:00": 17.269012,
                    "2015-01-26T16:15:00": 18.306067,
                    "2015-01-26T16:30:00": 16.726397,
                    "2015-01-26T16:45:00": 17.644466,
                    "2015-01-26T17:00:00": 15.6442795,
                    "2015-01-26T17:15:00": 16.441992,
                    "2015-01-26T17:30:00": 17.915043,
                    "2015-01-26T17:45:00": 17.35877,
                    "2015-01-26T18:00:00": 17.967047,
                    "2015-01-26T18:15:00": 18.393898,
                    "2015-01-26T18:30:00": 17.421305,
                    "2015-01-26T18:45:00": 17.685358,
                    "2015-01-26T19:00:00": 17.295658,
                    "2015-01-26T19:15:00": 17.045885,
                    "2015-01-26T19:30:00": 17.98016,
                    "2015-01-26T19:45:00": 19.861275,
                    "2015-01-26T20:00:00": 18.893852,
                    "2015-01-26T20:15:00": 20.063307,
                    "2015-01-26T20:30:00": 19.719236,
                    "2015-01-26T20:45:00": 19.085188,
                    "2015-01-26T21:00:00": 20.615067,
                    "2015-01-26T21:15:00": 19.321655,
                    "2015-01-26T21:30:00": 18.322449,
                    "2015-01-26T21:45:00": 18.052223,
                    "2015-01-26T22:00:00": 19.072493,
                    "2015-01-26T22:15:00": 17.252232,
                    "2015-01-26T22:30:00": 16.851606,
                    "2015-01-26T22:45:00": 16.93067,
                    "2015-01-26T23:00:00": 17.7307,
                    "2015-01-26T23:15:00": 18.004852,
                    "2015-01-26T23:30:00": 19.666142,
                    "2015-01-26T23:45:00": 19.648376,
                    "2015-01-27T00:00:00": 21.158293,
                    "2015-01-27T00:15:00": 21.153713,
                    "2015-01-27T00:30:00": 21.383263,
                    "2015-01-27T00:45:00": 20.76797,
                    "2015-01-27T01:00:00": 20.43321,
                    "2015-01-27T01:15:00": 20.621729,
                    "2015-01-27T01:30:00": 18.16325,
                    "2015-01-27T01:45:00": 19.470394,
                    "2015-01-27T02:00:00": 20.690653
                }
            },
            "geometry": {
                "type": "LineString",
                "coordinates": [
                    [
                        114.09981282,
                        22.53864749
                    ],
                    [
                        114.09985278,
                        22.53858746
                    ],
                    [
                        114.101407280272937,
                        22.538549350241844
                    ],
                    [
                        114.101587498905189,
                        22.538522317447008
                    ],
                    [
                        114.10207398,
                        22.53840719
                    ]
                ]
            }
        },
        {
            "type": "Feature",
            "properties": {
                "Id": "92900",
                "道路序": 32,
                "speeds": {
                    "2015-01-26T02:15:00": 13.411856,
                    "2015-01-26T02:30:00": 14.581622,
                    "2015-01-26T02:45:00": 14.509448,
                    "2015-01-26T03:00:00": 14.675147,
                    "2015-01-26T03:15:00": 14.742027,
                    "2015-01-26T03:30:00": 13.8873,
                    "2015-01-26T03:45:00": 14.202771,
                    "2015-01-26T04:00:00": 14.295609,
                    "2015-01-26T04:15:00": 13.685782,
                    "2015-01-26T04:30:00": 14.462744,
                    "2015-01-26T04:45:00": 14.161092,
                    "2015-01-26T05:00:00": 13.54393,
                    "2015-01-26T05:15:00": 12.629989,
                    "2015-01-26T05:30:00": 13.037142,
                    "2015-01-26T05:45:00": 14.149293,
                    "2015-01-26T06:00:00": 13.645179,
                    "2015-01-26T06:15:00": 13.10551,
                    "2015-01-26T06:30:00": 13.5531845,
                    "2015-01-26T06:45:00": 12.114949,
                    "2015-01-26T07:00:00": 12.242603,
                    "2015-01-26T07:15:00": 12.435442,
                    "2015-01-26T07:30:00": 11.658144,
                    "2015-01-26T07:45:00": 11.088629,
                    "2015-01-26T08:00:00": 11.527568,
                    "2015-01-26T08:15:00": 10.305907,
                    "2015-01-26T08:30:00": 10.866576,
                    "2015-01-26T08:45:00": 10.835035,
                    "2015-01-26T09:00:00": 10.64979,
                    "2015-01-26T09:15:00": 11.271767,
                    "2015-01-26T09:30:00": 9.7674675,
                    "2015-01-26T09:45:00": 12.211762,
                    "2015-01-26T10:00:00": 12.539402,
                    "2015-01-26T10:15:00": 12.283255,
                    "2015-01-26T10:30:00": 12.508859,
                    "2015-01-26T10:45:00": 12.790854,
                    "2015-01-26T11:00:00": 12.433104,
                    "2015-01-26T11:15:00": 13.630725,
                    "2015-01-26T11:30:00": 12.992952,
                    "2015-01-26T11:45:00": 12.838519,
                    "2015-01-26T12:00:00": 14.427741,
                    "2015-01-26T12:15:00": 14.426647,
                    "2015-01-26T12:30:00": 14.1218605,
                    "2015-01-26T12:45:00": 13.579604,
                    "2015-01-26T13:00:00": 12.863081,
                    "2015-01-26T13:15:00": 12.996019,
                    "2015-01-26T13:30:00": 13.586065,
                    "2015-01-26T13:45:00": 12.062485,
                    "2015-01-26T14:00:00": 12.507745,
                    "2015-01-26T14:15:00": 12.765419,
                    "2015-01-26T14:30:00": 13.037458,
                    "2015-01-26T14:45:00": 13.064402,
                    "2015-01-26T15:00:00": 14.625341,
                    "2015-01-26T15:15:00": 13.61789,
                    "2015-01-26T15:30:00": 13.782452,
                    "2015-01-26T15:45:00": 14.040557,
                    "2015-01-26T16:00:00": 13.481227,
                    "2015-01-26T16:15:00": 13.4039545,
                    "2015-01-26T16:30:00": 12.845105,
                    "2015-01-26T16:45:00": 13.210272,
                    "2015-01-26T17:00:00": 12.034024,
                    "2015-01-26T17:15:00": 11.915146,
                    "2015-01-26T17:30:00": 12.5962105,
                    "2015-01-26T17:45:00": 12.262912,
                    "2015-01-26T18:00:00": 11.914882,
                    "2015-01-26T18:15:00": 12.645551,
                    "2015-01-26T18:30:00": 12.542027,
                    "2015-01-26T18:45:00": 12.442464,
                    "2015-01-26T19:00:00": 12.152203,
                    "2015-01-26T19:15:00": 12.603061,
                    "2015-01-26T19:30:00": 12.241206,
                    "2015-01-26T19:45:00": 13.465857,
                    "2015-01-26T20:00:00": 12.141869,
                    "2015-01-26T20:15:00": 13.465876,
                    "2015-01-26T20:30:00": 13.949988,
                    "2015-01-26T20:45:00": 13.883013,
                    "2015-01-26T21:00:00": 14.257866,
                    "2015-01-26T21:15:00": 13.241539,
                    "2015-01-26T21:30:00": 12.810376,
                    "2015-01-26T21:45:00": 13.337262,
                    "2015-01-26T22:00:00": 12.521781,
                    "2015-01-26T22:15:00": 12.148281,
                    "2015-01-26T22:30:00": 12.013211,
                    "2015-01-26T22:45:00": 12.611408,
                    "2015-01-26T23:00:00": 13.879408,
                    "2015-01-26T23:15:00": 13.089079,
                    "2015-01-26T23:30:00": 13.979255,
                    "2015-01-26T23:45:00": 13.653598,
                    "2015-01-27T00:00:00": 14.316365,
                    "2015-01-27T00:15:00": 15.440852,
                    "2015-01-27T00:30:00": 15.31208,
                    "2015-01-27T00:45:00": 14.911509,
                    "2015-01-27T01:00:00": 13.887689,
                    "2015-01-27T01:15:00": 13.882557,
                    "2015-01-27T01:30:00": 13.085512,
                    "2015-01-27T01:45:00": 13.326654,
                    "2015-01-27T02:00:00": 14.052158
                }
            },
            "geometry": {
                "type": "LineString",
                "coordinates": [
                    [
                        114.09985278,
                        22.53858746
                    ],
                    [
                        114.1001829,
                        22.53842744
                    ],
                    [
                        114.101497389589056,
                        22.538486273720554
                    ]
                ]
            }
        },
        {
            "type": "Feature",
            "properties": {
                "Id": "93220",
                "道路序": 33,
                "speeds": {
                    "2015-01-26T02:15:00": 31.997742,
                    "2015-01-26T02:30:00": 31.875732,
                    "2015-01-26T02:45:00": 32.16608,
                    "2015-01-26T03:00:00": 33.12073,
                    "2015-01-26T03:15:00": 33.401936,
                    "2015-01-26T03:30:00": 31.83052,
                    "2015-01-26T03:45:00": 32.058464,
                    "2015-01-26T04:00:00": 32.15309,
                    "2015-01-26T04:15:00": 32.25375,
                    "2015-01-26T04:30:00": 33.209316,
                    "2015-01-26T04:45:00": 33.680492,
                    "2015-01-26T05:00:00": 34.308857,
                    "2015-01-26T05:15:00": 34.7742,
                    "2015-01-26T05:30:00": 33.480865,
                    "2015-01-26T05:45:00": 34.127266,
                    "2015-01-26T06:00:00": 33.73081,
                    "2015-01-26T06:15:00": 33.788498,
                    "2015-01-26T06:30:00": 33.687862,
                    "2015-01-26T06:45:00": 34.203323,
                    "2015-01-26T07:00:00": 33.79619,
                    "2015-01-26T07:15:00": 33.989017,
                    "2015-01-26T07:30:00": 33.62998,
                    "2015-01-26T07:45:00": 32.351715,
                    "2015-01-26T08:00:00": 30.760427,
                    "2015-01-26T08:15:00": 30.032413,
                    "2015-01-26T08:30:00": 30.503197,
                    "2015-01-26T08:45:00": 30.555767,
                    "2015-01-26T09:00:00": 31.0587,
                    "2015-01-26T09:15:00": 30.520716,
                    "2015-01-26T09:30:00": 29.99458,
                    "2015-01-26T09:45:00": 30.21546,
                    "2015-01-26T10:00:00": 29.438162,
                    "2015-01-26T10:15:00": 29.153177,
                    "2015-01-26T10:30:00": 28.749235,
                    "2015-01-26T10:45:00": 28.736996,
                    "2015-01-26T11:00:00": 29.667723,
                    "2015-01-26T11:15:00": 30.797504,
                    "2015-01-26T11:30:00": 30.357197,
                    "2015-01-26T11:45:00": 31.052336,
                    "2015-01-26T12:00:00": 29.6325,
                    "2015-01-26T12:15:00": 31.243618,
                    "2015-01-26T12:30:00": 33.171753,
                    "2015-01-26T12:45:00": 32.774788,
                    "2015-01-26T13:00:00": 33.133213,
                    "2015-01-26T13:15:00": 32.24313,
                    "2015-01-26T13:30:00": 31.841412,
                    "2015-01-26T13:45:00": 30.953234,
                    "2015-01-26T14:00:00": 25.529568,
                    "2015-01-26T14:15:00": 23.19748,
                    "2015-01-26T14:30:00": 24.931366,
                    "2015-01-26T14:45:00": 27.033382,
                    "2015-01-26T15:00:00": 28.537672,
                    "2015-01-26T15:15:00": 30.053888,
                    "2015-01-26T15:30:00": 31.36615,
                    "2015-01-26T15:45:00": 31.287146,
                    "2015-01-26T16:00:00": 31.35547,
                    "2015-01-26T16:15:00": 31.925777,
                    "2015-01-26T16:30:00": 31.728317,
                    "2015-01-26T16:45:00": 31.229967,
                    "2015-01-26T17:00:00": 31.12164,
                    "2015-01-26T17:15:00": 31.673677,
                    "2015-01-26T17:30:00": 31.922375,
                    "2015-01-26T17:45:00": 31.174921,
                    "2015-01-26T18:00:00": 31.431126,
                    "2015-01-26T18:15:00": 30.387062,
                    "2015-01-26T18:30:00": 31.189388,
                    "2015-01-26T18:45:00": 30.922709,
                    "2015-01-26T19:00:00": 31.788908,
                    "2015-01-26T19:15:00": 31.71638,
                    "2015-01-26T19:30:00": 31.13509,
                    "2015-01-26T19:45:00": 32.081474,
                    "2015-01-26T20:00:00": 32.682026,
                    "2015-01-26T20:15:00": 32.736427,
                    "2015-01-26T20:30:00": 33.146786,
                    "2015-01-26T20:45:00": 32.98029,
                    "2015-01-26T21:00:00": 33.102386,
                    "2015-01-26T21:15:00": 32.114983,
                    "2015-01-26T21:30:00": 32.56477,
                    "2015-01-26T21:45:00": 32.5599,
                    "2015-01-26T22:00:00": 32.651543,
                    "2015-01-26T22:15:00": 33.302788,
                    "2015-01-26T22:30:00": 33.69532,
                    "2015-01-26T22:45:00": 33.54331,
                    "2015-01-26T23:00:00": 34.731094,
                    "2015-01-26T23:15:00": 34.07955,
                    "2015-01-26T23:30:00": 34.581245,
                    "2015-01-26T23:45:00": 34.50371,
                    "2015-01-27T00:00:00": 32.65971,
                    "2015-01-27T00:15:00": 32.99433,
                    "2015-01-27T00:30:00": 30.77323,
                    "2015-01-27T00:45:00": 30.52769,
                    "2015-01-27T01:00:00": 30.511568,
                    "2015-01-27T01:15:00": 30.850445,
                    "2015-01-27T01:30:00": 31.396482,
                    "2015-01-27T01:45:00": 31.095959,
                    "2015-01-27T02:00:00": 31.203596
                }
            },
            "geometry": {
                "type": "LineString",
                "coordinates": [
                    [
                        114.101955382703494,
                        22.543892311222269
                    ],
                    [
                        114.104578408577638,
                        22.54440931342355
                    ],
                    [
                        114.10469532,
                        22.54442648
                    ]
                ]
            }
        },
        {
            "type": "Feature",
            "properties": {
                "Id": "93851",
                "道路序": 34,
                "speeds": {
                    "2015-01-26T02:15:00": 3.7761054,
                    "2015-01-26T02:30:00": 4.0358405,
                    "2015-01-26T02:45:00": 4.237413,
                    "2015-01-26T03:00:00": 4.7529755,
                    "2015-01-26T03:15:00": 5.488781,
                    "2015-01-26T03:30:00": 6.024101,
                    "2015-01-26T03:45:00": 5.990361,
                    "2015-01-26T04:00:00": 5.563317,
                    "2015-01-26T04:15:00": 5.663163,
                    "2015-01-26T04:30:00": 5.509978,
                    "2015-01-26T04:45:00": 6.052705,
                    "2015-01-26T05:00:00": 6.2637596,
                    "2015-01-26T05:15:00": 6.236999,
                    "2015-01-26T05:30:00": 6.170086,
                    "2015-01-26T05:45:00": 6.245466,
                    "2015-01-26T06:00:00": 6.715774,
                    "2015-01-26T06:15:00": 6.087534,
                    "2015-01-26T06:30:00": 4.891506,
                    "2015-01-26T06:45:00": 4.6856065,
                    "2015-01-26T07:00:00": 4.6645966,
                    "2015-01-26T07:15:00": 4.78649,
                    "2015-01-26T07:30:00": 4.909641,
                    "2015-01-26T07:45:00": 4.630578,
                    "2015-01-26T08:00:00": 4.333448,
                    "2015-01-26T08:15:00": 4.272151,
                    "2015-01-26T08:30:00": 4.1309757,
                    "2015-01-26T08:45:00": 4.195225,
                    "2015-01-26T09:00:00": 3.5820522,
                    "2015-01-26T09:15:00": 3.4972804,
                    "2015-01-26T09:30:00": 3.52316,
                    "2015-01-26T09:45:00": 3.9177222,
                    "2015-01-26T10:00:00": 4.5242705,
                    "2015-01-26T10:15:00": 4.689936,
                    "2015-01-26T10:30:00": 5.818278,
                    "2015-01-26T10:45:00": 5.936571,
                    "2015-01-26T11:00:00": 5.702908,
                    "2015-01-26T11:15:00": 6.3904676,
                    "2015-01-26T11:30:00": 6.8789387,
                    "2015-01-26T11:45:00": 6.5950613,
                    "2015-01-26T12:00:00": 7.0843873,
                    "2015-01-26T12:15:00": 7.2312026,
                    "2015-01-26T12:30:00": 6.122968,
                    "2015-01-26T12:45:00": 5.7675653,
                    "2015-01-26T13:00:00": 5.744419,
                    "2015-01-26T13:15:00": 5.199379,
                    "2015-01-26T13:30:00": 4.056788,
                    "2015-01-26T13:45:00": 3.5536933,
                    "2015-01-26T14:00:00": 3.5183792,
                    "2015-01-26T14:15:00": 3.9794538,
                    "2015-01-26T14:30:00": 4.295681,
                    "2015-01-26T14:45:00": 4.5826397,
                    "2015-01-26T15:00:00": 5.7118983,
                    "2015-01-26T15:15:00": 6.0497575,
                    "2015-01-26T15:30:00": 6.2636347,
                    "2015-01-26T15:45:00": 6.715145,
                    "2015-01-26T16:00:00": 6.0921855,
                    "2015-01-26T16:15:00": 5.0768085,
                    "2015-01-26T16:30:00": 5.274342,
                    "2015-01-26T16:45:00": 5.019937,
                    "2015-01-26T17:00:00": 5.0035644,
                    "2015-01-26T17:15:00": 4.7173204,
                    "2015-01-26T17:30:00": 4.2414136,
                    "2015-01-26T17:45:00": 4.4573574,
                    "2015-01-26T18:00:00": 5.194948,
                    "2015-01-26T18:15:00": 4.681277,
                    "2015-01-26T18:30:00": 4.8555055,
                    "2015-01-26T18:45:00": 5.9516435,
                    "2015-01-26T19:00:00": 5.6271386,
                    "2015-01-26T19:15:00": 5.373838,
                    "2015-01-26T19:30:00": 4.8258796,
                    "2015-01-26T19:45:00": 4.8405004,
                    "2015-01-26T20:00:00": 5.0694647,
                    "2015-01-26T20:15:00": 4.8767505,
                    "2015-01-26T20:30:00": 4.503472,
                    "2015-01-26T20:45:00": 4.475545,
                    "2015-01-26T21:00:00": 4.292273,
                    "2015-01-26T21:15:00": 4.4951677,
                    "2015-01-26T21:30:00": 4.247013,
                    "2015-01-26T21:45:00": 4.008067,
                    "2015-01-26T22:00:00": 4.0850654,
                    "2015-01-26T22:15:00": 4.6497307,
                    "2015-01-26T22:30:00": 4.6571517,
                    "2015-01-26T22:45:00": 4.5576267,
                    "2015-01-26T23:00:00": 4.4387574,
                    "2015-01-26T23:15:00": 4.798164,
                    "2015-01-26T23:30:00": 4.729038,
                    "2015-01-26T23:45:00": 5.0024123,
                    "2015-01-27T00:00:00": 4.8995366,
                    "2015-01-27T00:15:00": 5.664195,
                    "2015-01-27T00:30:00": 5.5897603,
                    "2015-01-27T00:45:00": 5.5008388,
                    "2015-01-27T01:00:00": 5.611279,
                    "2015-01-27T01:15:00": 6.1060433,
                    "2015-01-27T01:30:00": 6.2325783,
                    "2015-01-27T01:45:00": 5.5604124,
                    "2015-01-27T02:00:00": 4.775498
                }
            },
            "geometry": {
                "type": "LineString",
                "coordinates": [
                    [
                        114.102380862739665,
                        22.541151785669417
                    ],
                    [
                        114.10244406,
                        22.54113698
                    ],
                    [
                        114.102471873791345,
                        22.541000932919207
                    ],
                    [
                        114.102468201888925,
                        22.540490773395888
                    ]
                ]
            }
        },
        {
            "type": "Feature",
            "properties": {
                "Id": "93852",
                "道路序": 35,
                "speeds": {
                    "2015-01-26T02:15:00": 12.992995,
                    "2015-01-26T02:30:00": 12.85194,
                    "2015-01-26T02:45:00": 12.98159,
                    "2015-01-26T03:00:00": 13.269802,
                    "2015-01-26T03:15:00": 13.568449,
                    "2015-01-26T03:30:00": 14.02379,
                    "2015-01-26T03:45:00": 14.127304,
                    "2015-01-26T04:00:00": 14.542809,
                    "2015-01-26T04:15:00": 14.967035,
                    "2015-01-26T04:30:00": 14.681594,
                    "2015-01-26T04:45:00": 15.25456,
                    "2015-01-26T05:00:00": 15.289136,
                    "2015-01-26T05:15:00": 15.319094,
                    "2015-01-26T05:30:00": 15.120932,
                    "2015-01-26T05:45:00": 15.473018,
                    "2015-01-26T06:00:00": 15.930826,
                    "2015-01-26T06:15:00": 15.146256,
                    "2015-01-26T06:30:00": 14.51674,
                    "2015-01-26T06:45:00": 14.197035,
                    "2015-01-26T07:00:00": 14.0750065,
                    "2015-01-26T07:15:00": 13.510675,
                    "2015-01-26T07:30:00": 14.21528,
                    "2015-01-26T07:45:00": 14.363818,
                    "2015-01-26T08:00:00": 14.023185,
                    "2015-01-26T08:15:00": 13.12927,
                    "2015-01-26T08:30:00": 12.723249,
                    "2015-01-26T08:45:00": 12.558002,
                    "2015-01-26T09:00:00": 12.211465,
                    "2015-01-26T09:15:00": 11.924237,
                    "2015-01-26T09:30:00": 11.478554,
                    "2015-01-26T09:45:00": 11.339189,
                    "2015-01-26T10:00:00": 11.67829,
                    "2015-01-26T10:15:00": 12.065172,
                    "2015-01-26T10:30:00": 12.951048,
                    "2015-01-26T10:45:00": 13.011327,
                    "2015-01-26T11:00:00": 13.094969,
                    "2015-01-26T11:15:00": 13.474986,
                    "2015-01-26T11:30:00": 14.309578,
                    "2015-01-26T11:45:00": 14.466483,
                    "2015-01-26T12:00:00": 14.997319,
                    "2015-01-26T12:15:00": 15.392775,
                    "2015-01-26T12:30:00": 15.092241,
                    "2015-01-26T12:45:00": 15.1876335,
                    "2015-01-26T13:00:00": 15.664844,
                    "2015-01-26T13:15:00": 15.360868,
                    "2015-01-26T13:30:00": 15.273843,
                    "2015-01-26T13:45:00": 14.985761,
                    "2015-01-26T14:00:00": 14.81746,
                    "2015-01-26T14:15:00": 14.278804,
                    "2015-01-26T14:30:00": 13.716782,
                    "2015-01-26T14:45:00": 13.049392,
                    "2015-01-26T15:00:00": 12.494857,
                    "2015-01-26T15:15:00": 12.277135,
                    "2015-01-26T15:30:00": 12.6007805,
                    "2015-01-26T15:45:00": 13.074808,
                    "2015-01-26T16:00:00": 13.286895,
                    "2015-01-26T16:15:00": 13.624605,
                    "2015-01-26T16:30:00": 14.08201,
                    "2015-01-26T16:45:00": 14.052619,
                    "2015-01-26T17:00:00": 13.669111,
                    "2015-01-26T17:15:00": 13.573969,
                    "2015-01-26T17:30:00": 13.619484,
                    "2015-01-26T17:45:00": 13.54765,
                    "2015-01-26T18:00:00": 14.049912,
                    "2015-01-26T18:15:00": 13.542072,
                    "2015-01-26T18:30:00": 13.687875,
                    "2015-01-26T18:45:00": 14.280335,
                    "2015-01-26T19:00:00": 14.029574,
                    "2015-01-26T19:15:00": 13.985711,
                    "2015-01-26T19:30:00": 13.6379595,
                    "2015-01-26T19:45:00": 13.907758,
                    "2015-01-26T20:00:00": 13.781179,
                    "2015-01-26T20:15:00": 13.827102,
                    "2015-01-26T20:30:00": 13.608928,
                    "2015-01-26T20:45:00": 13.419301,
                    "2015-01-26T21:00:00": 13.241563,
                    "2015-01-26T21:15:00": 13.428138,
                    "2015-01-26T21:30:00": 13.058013,
                    "2015-01-26T21:45:00": 12.771754,
                    "2015-01-26T22:00:00": 12.667713,
                    "2015-01-26T22:15:00": 12.665481,
                    "2015-01-26T22:30:00": 12.891997,
                    "2015-01-26T22:45:00": 13.194378,
                    "2015-01-26T23:00:00": 13.269193,
                    "2015-01-26T23:15:00": 13.357385,
                    "2015-01-26T23:30:00": 13.394936,
                    "2015-01-26T23:45:00": 13.584146,
                    "2015-01-27T00:00:00": 13.716527,
                    "2015-01-27T00:15:00": 13.992119,
                    "2015-01-27T00:30:00": 13.51176,
                    "2015-01-27T00:45:00": 13.419747,
                    "2015-01-27T01:00:00": 13.347928,
                    "2015-01-27T01:15:00": 13.222171,
                    "2015-01-27T01:30:00": 13.611669,
                    "2015-01-27T01:45:00": 13.577746,
                    "2015-01-27T02:00:00": 13.491178
                }
            },
            "geometry": {
                "type": "LineString",
                "coordinates": [
                    [
                        114.102468233776747,
                        22.540495203764426
                    ],
                    [
                        114.10257855504301,
                        22.54044681541534
                    ],
                    [
                        114.10296444,
                        22.54043696
                    ],
                    [
                        114.104441794945572,
                        22.540479216104792
                    ]
                ]
            }
        },
        {
            "type": "Feature",
            "properties": {
                "Id": "94159",
                "道路序": 36,
                "speeds": {
                    "2015-01-26T02:15:00": 15.930673,
                    "2015-01-26T02:30:00": 15.381523,
                    "2015-01-26T02:45:00": 16.09674,
                    "2015-01-26T03:00:00": 15.814707,
                    "2015-01-26T03:15:00": 15.90228,
                    "2015-01-26T03:30:00": 16.515327,
                    "2015-01-26T03:45:00": 16.170326,
                    "2015-01-26T04:00:00": 15.342877,
                    "2015-01-26T04:15:00": 16.242462,
                    "2015-01-26T04:30:00": 16.65527,
                    "2015-01-26T04:45:00": 15.816819,
                    "2015-01-26T05:00:00": 15.96206,
                    "2015-01-26T05:15:00": 15.856252,
                    "2015-01-26T05:30:00": 15.211374,
                    "2015-01-26T05:45:00": 14.273092,
                    "2015-01-26T06:00:00": 14.580926,
                    "2015-01-26T06:15:00": 15.172359,
                    "2015-01-26T06:30:00": 15.465256,
                    "2015-01-26T06:45:00": 15.426505,
                    "2015-01-26T07:00:00": 15.258842,
                    "2015-01-26T07:15:00": 15.543636,
                    "2015-01-26T07:30:00": 15.10499,
                    "2015-01-26T07:45:00": 16.27238,
                    "2015-01-26T08:00:00": 16.443129,
                    "2015-01-26T08:15:00": 15.488531,
                    "2015-01-26T08:30:00": 15.644607,
                    "2015-01-26T08:45:00": 15.410535,
                    "2015-01-26T09:00:00": 14.923571,
                    "2015-01-26T09:15:00": 15.44776,
                    "2015-01-26T09:30:00": 14.1825,
                    "2015-01-26T09:45:00": 14.572579,
                    "2015-01-26T10:00:00": 14.562115,
                    "2015-01-26T10:15:00": 15.859972,
                    "2015-01-26T10:30:00": 15.912514,
                    "2015-01-26T10:45:00": 14.440092,
                    "2015-01-26T11:00:00": 14.367635,
                    "2015-01-26T11:15:00": 15.655915,
                    "2015-01-26T11:30:00": 16.803831,
                    "2015-01-26T11:45:00": 16.92957,
                    "2015-01-26T12:00:00": 15.862952,
                    "2015-01-26T12:15:00": 15.905083,
                    "2015-01-26T12:30:00": 16.6243,
                    "2015-01-26T12:45:00": 16.504744,
                    "2015-01-26T13:00:00": 17.447927,
                    "2015-01-26T13:15:00": 17.156658,
                    "2015-01-26T13:30:00": 15.256831,
                    "2015-01-26T13:45:00": 13.377544,
                    "2015-01-26T14:00:00": 12.860436,
                    "2015-01-26T14:15:00": 13.305707,
                    "2015-01-26T14:30:00": 13.757933,
                    "2015-01-26T14:45:00": 14.413524,
                    "2015-01-26T15:00:00": 13.987947,
                    "2015-01-26T15:15:00": 13.336115,
                    "2015-01-26T15:30:00": 15.618124,
                    "2015-01-26T15:45:00": 16.332167,
                    "2015-01-26T16:00:00": 14.911009,
                    "2015-01-26T16:15:00": 16.08643,
                    "2015-01-26T16:30:00": 16.071035,
                    "2015-01-26T16:45:00": 17.01369,
                    "2015-01-26T17:00:00": 17.122145,
                    "2015-01-26T17:15:00": 17.62311,
                    "2015-01-26T17:30:00": 17.661118,
                    "2015-01-26T17:45:00": 17.459797,
                    "2015-01-26T18:00:00": 17.73095,
                    "2015-01-26T18:15:00": 15.35517,
                    "2015-01-26T18:30:00": 15.945126,
                    "2015-01-26T18:45:00": 17.352573,
                    "2015-01-26T19:00:00": 17.146793,
                    "2015-01-26T19:15:00": 17.020283,
                    "2015-01-26T19:30:00": 17.513472,
                    "2015-01-26T19:45:00": 17.192461,
                    "2015-01-26T20:00:00": 16.572332,
                    "2015-01-26T20:15:00": 17.370003,
                    "2015-01-26T20:30:00": 17.416,
                    "2015-01-26T20:45:00": 17.31529,
                    "2015-01-26T21:00:00": 17.425226,
                    "2015-01-26T21:15:00": 18.132797,
                    "2015-01-26T21:30:00": 16.819561,
                    "2015-01-26T21:45:00": 17.729712,
                    "2015-01-26T22:00:00": 16.724035,
                    "2015-01-26T22:15:00": 16.789373,
                    "2015-01-26T22:30:00": 18.28943,
                    "2015-01-26T22:45:00": 17.468504,
                    "2015-01-26T23:00:00": 17.523067,
                    "2015-01-26T23:15:00": 17.54883,
                    "2015-01-26T23:30:00": 16.772203,
                    "2015-01-26T23:45:00": 17.34907,
                    "2015-01-27T00:00:00": 18.021677,
                    "2015-01-27T00:15:00": 17.642853,
                    "2015-01-27T00:30:00": 17.450356,
                    "2015-01-27T00:45:00": 18.146502,
                    "2015-01-27T01:00:00": 16.512663,
                    "2015-01-27T01:15:00": 16.821814,
                    "2015-01-27T01:30:00": 17.098797,
                    "2015-01-27T01:45:00": 16.625998,
                    "2015-01-27T02:00:00": 16.101877
                }
            },
            "geometry": {
                "type": "LineString",
                "coordinates": [
                    [
                        114.10322472,
                        22.53801704
                    ],
                    [
                        114.103299505748936,
                        22.538010786052645
                    ],
                    [
                        114.103411536932541,
                        22.537977306331811
                    ],
                    [
                        114.10376436242376,
                        22.53781693110853
                    ],
                    [
                        114.104170450533218,
                        22.537604723950679
                    ],
                    [
                        114.104611143602696,
                        22.537425615563716
                    ]
                ]
            }
        },
        {
            "type": "Feature",
            "properties": {
                "Id": "94160",
                "道路序": 37,
                "speeds": {
                    "2015-01-26T02:15:00": 15.640056,
                    "2015-01-26T02:30:00": 15.106493,
                    "2015-01-26T02:45:00": 15.670767,
                    "2015-01-26T03:00:00": 15.542527,
                    "2015-01-26T03:15:00": 15.58856,
                    "2015-01-26T03:30:00": 16.105625,
                    "2015-01-26T03:45:00": 15.702481,
                    "2015-01-26T04:00:00": 14.901525,
                    "2015-01-26T04:15:00": 15.429485,
                    "2015-01-26T04:30:00": 15.99734,
                    "2015-01-26T04:45:00": 15.614538,
                    "2015-01-26T05:00:00": 15.974218,
                    "2015-01-26T05:15:00": 16.174622,
                    "2015-01-26T05:30:00": 15.30178,
                    "2015-01-26T05:45:00": 14.411685,
                    "2015-01-26T06:00:00": 14.42021,
                    "2015-01-26T06:15:00": 14.554348,
                    "2015-01-26T06:30:00": 14.213159,
                    "2015-01-26T06:45:00": 14.47688,
                    "2015-01-26T07:00:00": 14.573414,
                    "2015-01-26T07:15:00": 14.895255,
                    "2015-01-26T07:30:00": 13.835876,
                    "2015-01-26T07:45:00": 14.9919815,
                    "2015-01-26T08:00:00": 15.10909,
                    "2015-01-26T08:15:00": 14.242204,
                    "2015-01-26T08:30:00": 14.381127,
                    "2015-01-26T08:45:00": 13.708208,
                    "2015-01-26T09:00:00": 13.2614975,
                    "2015-01-26T09:15:00": 14.051774,
                    "2015-01-26T09:30:00": 13.162952,
                    "2015-01-26T09:45:00": 13.996516,
                    "2015-01-26T10:00:00": 13.538198,
                    "2015-01-26T10:15:00": 14.538037,
                    "2015-01-26T10:30:00": 14.393325,
                    "2015-01-26T10:45:00": 13.529199,
                    "2015-01-26T11:00:00": 13.593861,
                    "2015-01-26T11:15:00": 13.697711,
                    "2015-01-26T11:30:00": 14.793748,
                    "2015-01-26T11:45:00": 15.406229,
                    "2015-01-26T12:00:00": 15.319343,
                    "2015-01-26T12:15:00": 15.501036,
                    "2015-01-26T12:30:00": 15.563322,
                    "2015-01-26T12:45:00": 15.687174,
                    "2015-01-26T13:00:00": 17.369427,
                    "2015-01-26T13:15:00": 17.31661,
                    "2015-01-26T13:30:00": 15.219953,
                    "2015-01-26T13:45:00": 12.39623,
                    "2015-01-26T14:00:00": 10.731416,
                    "2015-01-26T14:15:00": 10.867911,
                    "2015-01-26T14:30:00": 11.57879,
                    "2015-01-26T14:45:00": 13.024594,
                    "2015-01-26T15:00:00": 13.685816,
                    "2015-01-26T15:15:00": 13.471843,
                    "2015-01-26T15:30:00": 14.449078,
                    "2015-01-26T15:45:00": 14.408944,
                    "2015-01-26T16:00:00": 13.046987,
                    "2015-01-26T16:15:00": 14.553345,
                    "2015-01-26T16:30:00": 14.465105,
                    "2015-01-26T16:45:00": 15.426721,
                    "2015-01-26T17:00:00": 15.321935,
                    "2015-01-26T17:15:00": 16.815664,
                    "2015-01-26T17:30:00": 16.64817,
                    "2015-01-26T17:45:00": 16.063711,
                    "2015-01-26T18:00:00": 16.612293,
                    "2015-01-26T18:15:00": 13.936501,
                    "2015-01-26T18:30:00": 15.20703,
                    "2015-01-26T18:45:00": 15.731329,
                    "2015-01-26T19:00:00": 15.93192,
                    "2015-01-26T19:15:00": 16.021183,
                    "2015-01-26T19:30:00": 16.58979,
                    "2015-01-26T19:45:00": 16.677307,
                    "2015-01-26T20:00:00": 15.944808,
                    "2015-01-26T20:15:00": 16.595474,
                    "2015-01-26T20:30:00": 16.004393,
                    "2015-01-26T20:45:00": 15.70286,
                    "2015-01-26T21:00:00": 16.03132,
                    "2015-01-26T21:15:00": 16.70534,
                    "2015-01-26T21:30:00": 15.470426,
                    "2015-01-26T21:45:00": 16.092218,
                    "2015-01-26T22:00:00": 14.7931385,
                    "2015-01-26T22:15:00": 14.516999,
                    "2015-01-26T22:30:00": 15.568669,
                    "2015-01-26T22:45:00": 14.509511,
                    "2015-01-26T23:00:00": 15.369883,
                    "2015-01-26T23:15:00": 15.026206,
                    "2015-01-26T23:30:00": 14.286773,
                    "2015-01-26T23:45:00": 14.596488,
                    "2015-01-27T00:00:00": 14.82814,
                    "2015-01-27T00:15:00": 15.23119,
                    "2015-01-27T00:30:00": 15.479772,
                    "2015-01-27T00:45:00": 16.467192,
                    "2015-01-27T01:00:00": 15.265688,
                    "2015-01-27T01:15:00": 15.6845,
                    "2015-01-27T01:30:00": 15.666917,
                    "2015-01-27T01:45:00": 15.610041,
                    "2015-01-27T02:00:00": 15.202417
                }
            },
            "geometry": {
                "type": "LineString",
                "coordinates": [
                    [
                        114.10322472,
                        22.53801704
                    ],
                    [
                        114.10190388,
                        22.53800723
                    ]
                ]
            }
        },
        {
            "type": "Feature",
            "properties": {
                "Id": "94161",
                "道路序": 38,
                "speeds": {
                    "2015-01-26T02:15:00": 17.999855,
                    "2015-01-26T02:30:00": 17.318693,
                    "2015-01-26T02:45:00": 18.11608,
                    "2015-01-26T03:00:00": 18.051725,
                    "2015-01-26T03:15:00": 17.947525,
                    "2015-01-26T03:30:00": 18.415657,
                    "2015-01-26T03:45:00": 18.030422,
                    "2015-01-26T04:00:00": 17.162369,
                    "2015-01-26T04:15:00": 17.896255,
                    "2015-01-26T04:30:00": 18.73384,
                    "2015-01-26T04:45:00": 17.910694,
                    "2015-01-26T05:00:00": 17.907833,
                    "2015-01-26T05:15:00": 17.922184,
                    "2015-01-26T05:30:00": 17.421225,
                    "2015-01-26T05:45:00": 16.68731,
                    "2015-01-26T06:00:00": 17.110083,
                    "2015-01-26T06:15:00": 17.678705,
                    "2015-01-26T06:30:00": 17.467918,
                    "2015-01-26T06:45:00": 17.149702,
                    "2015-01-26T07:00:00": 16.828903,
                    "2015-01-26T07:15:00": 16.963219,
                    "2015-01-26T07:30:00": 16.521667,
                    "2015-01-26T07:45:00": 17.648483,
                    "2015-01-26T08:00:00": 17.990366,
                    "2015-01-26T08:15:00": 17.151257,
                    "2015-01-26T08:30:00": 17.127007,
                    "2015-01-26T08:45:00": 16.70654,
                    "2015-01-26T09:00:00": 16.290041,
                    "2015-01-26T09:15:00": 16.693382,
                    "2015-01-26T09:30:00": 15.684351,
                    "2015-01-26T09:45:00": 15.933254,
                    "2015-01-26T10:00:00": 15.717601,
                    "2015-01-26T10:15:00": 16.825672,
                    "2015-01-26T10:30:00": 16.51735,
                    "2015-01-26T10:45:00": 15.184758,
                    "2015-01-26T11:00:00": 15.169839,
                    "2015-01-26T11:15:00": 16.443293,
                    "2015-01-26T11:30:00": 17.943785,
                    "2015-01-26T11:45:00": 17.84559,
                    "2015-01-26T12:00:00": 17.04448,
                    "2015-01-26T12:15:00": 17.09491,
                    "2015-01-26T12:30:00": 17.986578,
                    "2015-01-26T12:45:00": 18.279867,
                    "2015-01-26T13:00:00": 19.3071,
                    "2015-01-26T13:15:00": 19.180061,
                    "2015-01-26T13:30:00": 17.391525,
                    "2015-01-26T13:45:00": 15.239609,
                    "2015-01-26T14:00:00": 14.520421,
                    "2015-01-26T14:15:00": 14.638897,
                    "2015-01-26T14:30:00": 15.059932,
                    "2015-01-26T14:45:00": 15.60479,
                    "2015-01-26T15:00:00": 14.875407,
                    "2015-01-26T15:15:00": 13.874349,
                    "2015-01-26T15:30:00": 15.735155,
                    "2015-01-26T15:45:00": 16.612473,
                    "2015-01-26T16:00:00": 15.600911,
                    "2015-01-26T16:15:00": 17.179918,
                    "2015-01-26T16:30:00": 17.48795,
                    "2015-01-26T16:45:00": 18.456678,
                    "2015-01-26T17:00:00": 18.421999,
                    "2015-01-26T17:15:00": 19.182808,
                    "2015-01-26T17:30:00": 18.953268,
                    "2015-01-26T17:45:00": 18.552258,
                    "2015-01-26T18:00:00": 19.176615,
                    "2015-01-26T18:15:00": 16.90557,
                    "2015-01-26T18:30:00": 17.799028,
                    "2015-01-26T18:45:00": 19.156425,
                    "2015-01-26T19:00:00": 19.245857,
                    "2015-01-26T19:15:00": 18.588566,
                    "2015-01-26T19:30:00": 18.817799,
                    "2015-01-26T19:45:00": 18.662449,
                    "2015-01-26T20:00:00": 17.908777,
                    "2015-01-26T20:15:00": 18.921764,
                    "2015-01-26T20:30:00": 18.859205,
                    "2015-01-26T20:45:00": 18.761639,
                    "2015-01-26T21:00:00": 19.08657,
                    "2015-01-26T21:15:00": 19.906128,
                    "2015-01-26T21:30:00": 18.649033,
                    "2015-01-26T21:45:00": 19.094255,
                    "2015-01-26T22:00:00": 18.080046,
                    "2015-01-26T22:15:00": 17.903181,
                    "2015-01-26T22:30:00": 19.108637,
                    "2015-01-26T22:45:00": 18.308563,
                    "2015-01-26T23:00:00": 18.466011,
                    "2015-01-26T23:15:00": 18.317774,
                    "2015-01-26T23:30:00": 17.880424,
                    "2015-01-26T23:45:00": 18.21161,
                    "2015-01-27T00:00:00": 18.977417,
                    "2015-01-27T00:15:00": 19.033852,
                    "2015-01-27T00:30:00": 18.850752,
                    "2015-01-27T00:45:00": 19.76761,
                    "2015-01-27T01:00:00": 18.26119,
                    "2015-01-27T01:15:00": 18.382887,
                    "2015-01-27T01:30:00": 18.654194,
                    "2015-01-27T01:45:00": 18.30944,
                    "2015-01-27T02:00:00": 17.725113
                }
            },
            "geometry": {
                "type": "LineString",
                "coordinates": [
                    [
                        114.103247767164859,
                        22.538024344451326
                    ],
                    [
                        114.10426438307536,
                        22.537492618514392
                    ],
                    [
                        114.104418666248776,
                        22.537412721871018
                    ],
                    [
                        114.10464546,
                        22.53739685
                    ]
                ]
            }
        },
        {
            "type": "Feature",
            "properties": {
                "Id": "94162",
                "道路序": 39,
                "speeds": {
                    "2015-01-26T02:15:00": 20.08269,
                    "2015-01-26T02:30:00": 19.231518,
                    "2015-01-26T02:45:00": 19.76497,
                    "2015-01-26T03:00:00": 20.43873,
                    "2015-01-26T03:15:00": 20.803144,
                    "2015-01-26T03:30:00": 20.524508,
                    "2015-01-26T03:45:00": 20.409603,
                    "2015-01-26T04:00:00": 19.990152,
                    "2015-01-26T04:15:00": 21.037771,
                    "2015-01-26T04:30:00": 21.324034,
                    "2015-01-26T04:45:00": 20.810143,
                    "2015-01-26T05:00:00": 21.591562,
                    "2015-01-26T05:15:00": 21.227346,
                    "2015-01-26T05:30:00": 20.963995,
                    "2015-01-26T05:45:00": 19.9403,
                    "2015-01-26T06:00:00": 19.791306,
                    "2015-01-26T06:15:00": 18.943764,
                    "2015-01-26T06:30:00": 18.941679,
                    "2015-01-26T06:45:00": 19.21818,
                    "2015-01-26T07:00:00": 18.906303,
                    "2015-01-26T07:15:00": 18.703423,
                    "2015-01-26T07:30:00": 17.961632,
                    "2015-01-26T07:45:00": 18.49047,
                    "2015-01-26T08:00:00": 18.800375,
                    "2015-01-26T08:15:00": 18.559448,
                    "2015-01-26T08:30:00": 17.488218,
                    "2015-01-26T08:45:00": 17.169968,
                    "2015-01-26T09:00:00": 16.961813,
                    "2015-01-26T09:15:00": 17.011282,
                    "2015-01-26T09:30:00": 16.50145,
                    "2015-01-26T09:45:00": 16.900486,
                    "2015-01-26T10:00:00": 17.123512,
                    "2015-01-26T10:15:00": 17.991652,
                    "2015-01-26T10:30:00": 18.618063,
                    "2015-01-26T10:45:00": 17.89481,
                    "2015-01-26T11:00:00": 17.66697,
                    "2015-01-26T11:15:00": 17.26787,
                    "2015-01-26T11:30:00": 19.335978,
                    "2015-01-26T11:45:00": 19.309578,
                    "2015-01-26T12:00:00": 19.944687,
                    "2015-01-26T12:15:00": 19.6722,
                    "2015-01-26T12:30:00": 20.052286,
                    "2015-01-26T12:45:00": 21.117838,
                    "2015-01-26T13:00:00": 22.859457,
                    "2015-01-26T13:15:00": 23.869583,
                    "2015-01-26T13:30:00": 22.823933,
                    "2015-01-26T13:45:00": 20.850452,
                    "2015-01-26T14:00:00": 19.601683,
                    "2015-01-26T14:15:00": 18.189314,
                    "2015-01-26T14:30:00": 17.869955,
                    "2015-01-26T14:45:00": 18.619291,
                    "2015-01-26T15:00:00": 19.191626,
                    "2015-01-26T15:15:00": 18.029919,
                    "2015-01-26T15:30:00": 17.935812,
                    "2015-01-26T15:45:00": 18.455345,
                    "2015-01-26T16:00:00": 17.545504,
                    "2015-01-26T16:15:00": 18.86024,
                    "2015-01-26T16:30:00": 18.742174,
                    "2015-01-26T16:45:00": 19.240395,
                    "2015-01-26T17:00:00": 19.594862,
                    "2015-01-26T17:15:00": 21.20886,
                    "2015-01-26T17:30:00": 21.608368,
                    "2015-01-26T17:45:00": 21.706463,
                    "2015-01-26T18:00:00": 22.686045,
                    "2015-01-26T18:15:00": 20.843422,
                    "2015-01-26T18:30:00": 21.495758,
                    "2015-01-26T18:45:00": 21.426933,
                    "2015-01-26T19:00:00": 20.80373,
                    "2015-01-26T19:15:00": 21.050953,
                    "2015-01-26T19:30:00": 21.743,
                    "2015-01-26T19:45:00": 22.507645,
                    "2015-01-26T20:00:00": 21.179897,
                    "2015-01-26T20:15:00": 21.404749,
                    "2015-01-26T20:30:00": 21.55865,
                    "2015-01-26T20:45:00": 21.049032,
                    "2015-01-26T21:00:00": 21.300856,
                    "2015-01-26T21:15:00": 21.5015,
                    "2015-01-26T21:30:00": 20.273436,
                    "2015-01-26T21:45:00": 20.242483,
                    "2015-01-26T22:00:00": 19.870937,
                    "2015-01-26T22:15:00": 19.227276,
                    "2015-01-26T22:30:00": 19.400126,
                    "2015-01-26T22:45:00": 20.088512,
                    "2015-01-26T23:00:00": 20.130949,
                    "2015-01-26T23:15:00": 20.199217,
                    "2015-01-26T23:30:00": 20.471918,
                    "2015-01-26T23:45:00": 20.071112,
                    "2015-01-27T00:00:00": 20.750448,
                    "2015-01-27T00:15:00": 21.045778,
                    "2015-01-27T00:30:00": 21.374119,
                    "2015-01-27T00:45:00": 21.93473,
                    "2015-01-27T01:00:00": 20.368654,
                    "2015-01-27T01:15:00": 20.610703,
                    "2015-01-27T01:30:00": 20.622507,
                    "2015-01-27T01:45:00": 20.549833,
                    "2015-01-27T02:00:00": 20.381647
                }
            },
            "geometry": {
                "type": "LineString",
                "coordinates": [
                    [
                        114.104587462562961,
                        22.537435240114508
                    ],
                    [
                        114.10484845508897,
                        22.537481598287716
                    ],
                    [
                        114.10509564,
                        22.53770676
                    ]
                ]
            }
        },
        {
            "type": "Feature",
            "properties": {
                "Id": "94163",
                "道路序": 40,
                "speeds": {
                    "2015-01-26T02:15:00": 12.181743,
                    "2015-01-26T02:30:00": 12.267885,
                    "2015-01-26T02:45:00": 12.515037,
                    "2015-01-26T03:00:00": 13.120711,
                    "2015-01-26T03:15:00": 12.919003,
                    "2015-01-26T03:30:00": 12.616304,
                    "2015-01-26T03:45:00": 12.637472,
                    "2015-01-26T04:00:00": 12.756625,
                    "2015-01-26T04:15:00": 13.480766,
                    "2015-01-26T04:30:00": 14.3852415,
                    "2015-01-26T04:45:00": 13.004473,
                    "2015-01-26T05:00:00": 13.254759,
                    "2015-01-26T05:15:00": 13.117918,
                    "2015-01-26T05:30:00": 13.22999,
                    "2015-01-26T05:45:00": 12.555357,
                    "2015-01-26T06:00:00": 12.127343,
                    "2015-01-26T06:15:00": 11.477224,
                    "2015-01-26T06:30:00": 12.12298,
                    "2015-01-26T06:45:00": 11.243379,
                    "2015-01-26T07:00:00": 10.554288,
                    "2015-01-26T07:15:00": 9.975911,
                    "2015-01-26T07:30:00": 9.541887,
                    "2015-01-26T07:45:00": 9.590982,
                    "2015-01-26T08:00:00": 9.256081,
                    "2015-01-26T08:15:00": 9.117991,
                    "2015-01-26T08:30:00": 9.245285,
                    "2015-01-26T08:45:00": 8.599146,
                    "2015-01-26T09:00:00": 8.410488,
                    "2015-01-26T09:15:00": 8.689546,
                    "2015-01-26T09:30:00": 7.9104915,
                    "2015-01-26T09:45:00": 8.865708,
                    "2015-01-26T10:00:00": 9.326114,
                    "2015-01-26T10:15:00": 10.290566,
                    "2015-01-26T10:30:00": 9.742224,
                    "2015-01-26T10:45:00": 8.24045,
                    "2015-01-26T11:00:00": 8.663486,
                    "2015-01-26T11:15:00": 9.390972,
                    "2015-01-26T11:30:00": 11.359036,
                    "2015-01-26T11:45:00": 9.288169,
                    "2015-01-26T12:00:00": 9.180666,
                    "2015-01-26T12:15:00": 9.584709,
                    "2015-01-26T12:30:00": 10.592852,
                    "2015-01-26T12:45:00": 11.770581,
                    "2015-01-26T13:00:00": 12.52252,
                    "2015-01-26T13:15:00": 12.482651,
                    "2015-01-26T13:30:00": 12.339642,
                    "2015-01-26T13:45:00": 10.949959,
                    "2015-01-26T14:00:00": 11.182686,
                    "2015-01-26T14:15:00": 10.701861,
                    "2015-01-26T14:30:00": 10.121037,
                    "2015-01-26T14:45:00": 9.918795,
                    "2015-01-26T15:00:00": 10.196423,
                    "2015-01-26T15:15:00": 7.9383945,
                    "2015-01-26T15:30:00": 8.062794,
                    "2015-01-26T15:45:00": 8.220117,
                    "2015-01-26T16:00:00": 7.144604,
                    "2015-01-26T16:15:00": 8.887895,
                    "2015-01-26T16:30:00": 8.661777,
                    "2015-01-26T16:45:00": 8.878213,
                    "2015-01-26T17:00:00": 9.93405,
                    "2015-01-26T17:15:00": 10.915225,
                    "2015-01-26T17:30:00": 12.4153385,
                    "2015-01-26T17:45:00": 11.932786,
                    "2015-01-26T18:00:00": 12.580999,
                    "2015-01-26T18:15:00": 12.807515,
                    "2015-01-26T18:30:00": 13.844934,
                    "2015-01-26T18:45:00": 14.357785,
                    "2015-01-26T19:00:00": 12.876372,
                    "2015-01-26T19:15:00": 12.839052,
                    "2015-01-26T19:30:00": 14.055605,
                    "2015-01-26T19:45:00": 14.319135,
                    "2015-01-26T20:00:00": 12.687297,
                    "2015-01-26T20:15:00": 12.05515,
                    "2015-01-26T20:30:00": 12.399705,
                    "2015-01-26T20:45:00": 12.17951,
                    "2015-01-26T21:00:00": 12.318099,
                    "2015-01-26T21:15:00": 10.971799,
                    "2015-01-26T21:30:00": 9.5571375,
                    "2015-01-26T21:45:00": 8.664019,
                    "2015-01-26T22:00:00": 9.45334,
                    "2015-01-26T22:15:00": 8.575586,
                    "2015-01-26T22:30:00": 7.7815228,
                    "2015-01-26T22:45:00": 9.1828985,
                    "2015-01-26T23:00:00": 9.328902,
                    "2015-01-26T23:15:00": 9.0990505,
                    "2015-01-26T23:30:00": 9.988924,
                    "2015-01-26T23:45:00": 9.574724,
                    "2015-01-27T00:00:00": 10.918447,
                    "2015-01-27T00:15:00": 11.265853,
                    "2015-01-27T00:30:00": 11.396002,
                    "2015-01-27T00:45:00": 11.505473,
                    "2015-01-27T01:00:00": 10.741453,
                    "2015-01-27T01:15:00": 11.346691,
                    "2015-01-27T01:30:00": 11.937543,
                    "2015-01-27T01:45:00": 12.477087,
                    "2015-01-27T02:00:00": 12.22827
                }
            },
            "geometry": {
                "type": "LineString",
                "coordinates": [
                    [
                        114.105095639999988,
                        22.53770676
                    ],
                    [
                        114.105523443972643,
                        22.538137301774714
                    ],
                    [
                        114.106013844059575,
                        22.538605661408283
                    ]
                ]
            }
        },
        {
            "type": "Feature",
            "properties": {
                "Id": "94164",
                "道路序": 41,
                "speeds": {
                    "2015-01-26T02:15:00": 14.844873,
                    "2015-01-26T02:30:00": 14.603098,
                    "2015-01-26T02:45:00": 14.774048,
                    "2015-01-26T03:00:00": 15.251431,
                    "2015-01-26T03:15:00": 15.345993,
                    "2015-01-26T03:30:00": 14.78155,
                    "2015-01-26T03:45:00": 14.872853,
                    "2015-01-26T04:00:00": 14.320089,
                    "2015-01-26T04:15:00": 14.671893,
                    "2015-01-26T04:30:00": 15.331314,
                    "2015-01-26T04:45:00": 15.150668,
                    "2015-01-26T05:00:00": 15.908534,
                    "2015-01-26T05:15:00": 15.3320055,
                    "2015-01-26T05:30:00": 15.638568,
                    "2015-01-26T05:45:00": 15.359774,
                    "2015-01-26T06:00:00": 14.661376,
                    "2015-01-26T06:15:00": 13.638574,
                    "2015-01-26T06:30:00": 14.245055,
                    "2015-01-26T06:45:00": 14.131542,
                    "2015-01-26T07:00:00": 13.816662,
                    "2015-01-26T07:15:00": 13.740239,
                    "2015-01-26T07:30:00": 13.420175,
                    "2015-01-26T07:45:00": 13.782912,
                    "2015-01-26T08:00:00": 13.952912,
                    "2015-01-26T08:15:00": 14.103572,
                    "2015-01-26T08:30:00": 13.810104,
                    "2015-01-26T08:45:00": 12.902303,
                    "2015-01-26T09:00:00": 13.338841,
                    "2015-01-26T09:15:00": 13.823003,
                    "2015-01-26T09:30:00": 13.980882,
                    "2015-01-26T09:45:00": 14.444748,
                    "2015-01-26T10:00:00": 14.613932,
                    "2015-01-26T10:15:00": 14.728491,
                    "2015-01-26T10:30:00": 14.671115,
                    "2015-01-26T10:45:00": 13.571386,
                    "2015-01-26T11:00:00": 12.957652,
                    "2015-01-26T11:15:00": 12.707261,
                    "2015-01-26T11:30:00": 14.162114,
                    "2015-01-26T11:45:00": 13.737167,
                    "2015-01-26T12:00:00": 14.234437,
                    "2015-01-26T12:15:00": 14.150353,
                    "2015-01-26T12:30:00": 14.066443,
                    "2015-01-26T12:45:00": 15.427863,
                    "2015-01-26T13:00:00": 16.330904,
                    "2015-01-26T13:15:00": 16.813437,
                    "2015-01-26T13:30:00": 15.222113,
                    "2015-01-26T13:45:00": 14.262119,
                    "2015-01-26T14:00:00": 13.790592,
                    "2015-01-26T14:15:00": 13.498492,
                    "2015-01-26T14:30:00": 14.49584,
                    "2015-01-26T14:45:00": 15.128866,
                    "2015-01-26T15:00:00": 16.093212,
                    "2015-01-26T15:15:00": 14.560896,
                    "2015-01-26T15:30:00": 14.231783,
                    "2015-01-26T15:45:00": 13.710153,
                    "2015-01-26T16:00:00": 12.905039,
                    "2015-01-26T16:15:00": 13.350151,
                    "2015-01-26T16:30:00": 13.090014,
                    "2015-01-26T16:45:00": 13.195511,
                    "2015-01-26T17:00:00": 13.882427,
                    "2015-01-26T17:15:00": 14.61325,
                    "2015-01-26T17:30:00": 14.904942,
                    "2015-01-26T17:45:00": 14.449587,
                    "2015-01-26T18:00:00": 15.248858,
                    "2015-01-26T18:15:00": 15.3577385,
                    "2015-01-26T18:30:00": 15.875365,
                    "2015-01-26T18:45:00": 16.5693,
                    "2015-01-26T19:00:00": 15.246444,
                    "2015-01-26T19:15:00": 15.213256,
                    "2015-01-26T19:30:00": 15.704031,
                    "2015-01-26T19:45:00": 15.196633,
                    "2015-01-26T20:00:00": 14.453239,
                    "2015-01-26T20:15:00": 14.600074,
                    "2015-01-26T20:30:00": 14.50004,
                    "2015-01-26T20:45:00": 14.319595,
                    "2015-01-26T21:00:00": 14.74411,
                    "2015-01-26T21:15:00": 14.603693,
                    "2015-01-26T21:30:00": 13.9532,
                    "2015-01-26T21:45:00": 13.444127,
                    "2015-01-26T22:00:00": 13.673379,
                    "2015-01-26T22:15:00": 13.400566,
                    "2015-01-26T22:30:00": 13.101886,
                    "2015-01-26T22:45:00": 14.597405,
                    "2015-01-26T23:00:00": 14.551713,
                    "2015-01-26T23:15:00": 14.671773,
                    "2015-01-26T23:30:00": 14.965595,
                    "2015-01-26T23:45:00": 14.891291,
                    "2015-01-27T00:00:00": 15.61797,
                    "2015-01-27T00:15:00": 15.656553,
                    "2015-01-27T00:30:00": 16.186825,
                    "2015-01-27T00:45:00": 15.624465,
                    "2015-01-27T01:00:00": 15.099912,
                    "2015-01-27T01:15:00": 15.6048565,
                    "2015-01-27T01:30:00": 15.640924,
                    "2015-01-27T01:45:00": 15.629448,
                    "2015-01-27T02:00:00": 15.400234
                }
            },
            "geometry": {
                "type": "LineString",
                "coordinates": [
                    [
                        114.10514568,
                        22.54108658
                    ],
                    [
                        114.10529562,
                        22.54114656
                    ],
                    [
                        114.10559586,
                        22.54118648
                    ]
                ]
            }
        },
        {
            "type": "Feature",
            "properties": {
                "Id": "95068",
                "道路序": 42,
                "speeds": {
                    "2015-01-26T02:15:00": 3.8537323,
                    "2015-01-26T02:30:00": 4.2297807,
                    "2015-01-26T02:45:00": 3.4448347,
                    "2015-01-26T03:00:00": 3.3903465,
                    "2015-01-26T03:15:00": 3.3858008,
                    "2015-01-26T03:30:00": 3.4923193,
                    "2015-01-26T03:45:00": 3.4735463,
                    "2015-01-26T04:00:00": 3.4729295,
                    "2015-01-26T04:15:00": 3.495053,
                    "2015-01-26T04:30:00": 3.9560966,
                    "2015-01-26T04:45:00": 4.271911,
                    "2015-01-26T05:00:00": 4.0899134,
                    "2015-01-26T05:15:00": 3.9264464,
                    "2015-01-26T05:30:00": 3.1933413,
                    "2015-01-26T05:45:00": 2.7532454,
                    "2015-01-26T06:00:00": 2.563666,
                    "2015-01-26T06:15:00": 2.2231143,
                    "2015-01-26T06:30:00": 1.9230945,
                    "2015-01-26T06:45:00": 2.0584857,
                    "2015-01-26T07:00:00": 2.1779575,
                    "2015-01-26T07:15:00": 2.1403153,
                    "2015-01-26T07:30:00": 1.579898,
                    "2015-01-26T07:45:00": 1.8747337,
                    "2015-01-26T08:00:00": 1.8345857,
                    "2015-01-26T08:15:00": 1.686431,
                    "2015-01-26T08:30:00": 2.1041682,
                    "2015-01-26T08:45:00": 1.8634079,
                    "2015-01-26T09:00:00": 1.6678787,
                    "2015-01-26T09:15:00": 2.2477868,
                    "2015-01-26T09:30:00": 2.2016387,
                    "2015-01-26T09:45:00": 2.1875193,
                    "2015-01-26T10:00:00": 2.4038975,
                    "2015-01-26T10:15:00": 2.419032,
                    "2015-01-26T10:30:00": 2.4175706,
                    "2015-01-26T10:45:00": 2.2543988,
                    "2015-01-26T11:00:00": 2.4394157,
                    "2015-01-26T11:15:00": 2.6972523,
                    "2015-01-26T11:30:00": 2.9000201,
                    "2015-01-26T11:45:00": 2.5372295,
                    "2015-01-26T12:00:00": 2.3254473,
                    "2015-01-26T12:15:00": 2.3689337,
                    "2015-01-26T12:30:00": 2.495063,
                    "2015-01-26T12:45:00": 2.2236903,
                    "2015-01-26T13:00:00": 2.584244,
                    "2015-01-26T13:15:00": 2.9463696,
                    "2015-01-26T13:30:00": 3.0486667,
                    "2015-01-26T13:45:00": 2.6190157,
                    "2015-01-26T14:00:00": 2.40828,
                    "2015-01-26T14:15:00": 2.664631,
                    "2015-01-26T14:30:00": 2.3799763,
                    "2015-01-26T14:45:00": 2.4157393,
                    "2015-01-26T15:00:00": 2.9339015,
                    "2015-01-26T15:15:00": 3.6396677,
                    "2015-01-26T15:30:00": 3.995683,
                    "2015-01-26T15:45:00": 3.865375,
                    "2015-01-26T16:00:00": 2.8628194,
                    "2015-01-26T16:15:00": 2.119874,
                    "2015-01-26T16:30:00": 2.1073794,
                    "2015-01-26T16:45:00": 2.4307108,
                    "2015-01-26T17:00:00": 2.3545551,
                    "2015-01-26T17:15:00": 2.79804,
                    "2015-01-26T17:30:00": 3.346956,
                    "2015-01-26T17:45:00": 3.5683072,
                    "2015-01-26T18:00:00": 3.2162402,
                    "2015-01-26T18:15:00": 3.1101558,
                    "2015-01-26T18:30:00": 3.2204018,
                    "2015-01-26T18:45:00": 3.6509936,
                    "2015-01-26T19:00:00": 3.9235232,
                    "2015-01-26T19:15:00": 3.8859506,
                    "2015-01-26T19:30:00": 3.7472808,
                    "2015-01-26T19:45:00": 3.8370304,
                    "2015-01-26T20:00:00": 3.6890125,
                    "2015-01-26T20:15:00": 3.2305253,
                    "2015-01-26T20:30:00": 3.5735753,
                    "2015-01-26T20:45:00": 3.2232075,
                    "2015-01-26T21:00:00": 2.793115,
                    "2015-01-26T21:15:00": 2.126575,
                    "2015-01-26T21:30:00": 1.9649032,
                    "2015-01-26T21:45:00": 1.5368556,
                    "2015-01-26T22:00:00": 1.8490628,
                    "2015-01-26T22:15:00": 1.5757939,
                    "2015-01-26T22:30:00": 1.4944084,
                    "2015-01-26T22:45:00": 2.1248493,
                    "2015-01-26T23:00:00": 2.560589,
                    "2015-01-26T23:15:00": 1.9516311,
                    "2015-01-26T23:30:00": 2.011205,
                    "2015-01-26T23:45:00": 1.7922201,
                    "2015-01-27T00:00:00": 1.6790893,
                    "2015-01-27T00:15:00": 2.0015495,
                    "2015-01-27T00:30:00": 1.7790583,
                    "2015-01-27T00:45:00": 1.8402978,
                    "2015-01-27T01:00:00": 2.2420962,
                    "2015-01-27T01:15:00": 2.5726182,
                    "2015-01-27T01:30:00": 3.548394,
                    "2015-01-27T01:45:00": 4.1246014,
                    "2015-01-27T02:00:00": 4.0445576
                }
            },
            "geometry": {
                "type": "LineString",
                "coordinates": [
                    [
                        114.1052256,
                        22.54044659
                    ],
                    [
                        114.10501554,
                        22.54057664
                    ],
                    [
                        114.1049556,
                        22.54061664
                    ],
                    [
                        114.10492554,
                        22.54065665
                    ],
                    [
                        114.10490556,
                        22.54072662
                    ],
                    [
                        114.10491546,
                        22.5408866
                    ]
                ]
            }
        },
        {
            "type": "Feature",
            "properties": {
                "Id": "95069",
                "道路序": 43,
                "speeds": {
                    "2015-01-26T02:15:00": 3.2277002,
                    "2015-01-26T02:30:00": 2.9122338,
                    "2015-01-26T02:45:00": 2.1754255,
                    "2015-01-26T03:00:00": 2.0408983,
                    "2015-01-26T03:15:00": 2.233521,
                    "2015-01-26T03:30:00": 1.9824427,
                    "2015-01-26T03:45:00": 2.4490376,
                    "2015-01-26T04:00:00": 2.2427251,
                    "2015-01-26T04:15:00": 2.396623,
                    "2015-01-26T04:30:00": 2.1543243,
                    "2015-01-26T04:45:00": 2.9905233,
                    "2015-01-26T05:00:00": 3.202363,
                    "2015-01-26T05:15:00": 2.5061874,
                    "2015-01-26T05:30:00": 2.0393143,
                    "2015-01-26T05:45:00": 1.8041795,
                    "2015-01-26T06:00:00": 1.3534731,
                    "2015-01-26T06:15:00": 1.0285889,
                    "2015-01-26T06:30:00": 1.1697882,
                    "2015-01-26T06:45:00": 1.3241397,
                    "2015-01-26T07:00:00": 1.7765335,
                    "2015-01-26T07:15:00": 1.7893593,
                    "2015-01-26T07:30:00": 1.8921003,
                    "2015-01-26T07:45:00": 2.2564366,
                    "2015-01-26T08:00:00": 2.241309,
                    "2015-01-26T08:15:00": 2.4948952,
                    "2015-01-26T08:30:00": 2.8223066,
                    "2015-01-26T08:45:00": 2.9334261,
                    "2015-01-26T09:00:00": 2.7327826,
                    "2015-01-26T09:15:00": 2.0014367,
                    "2015-01-26T09:30:00": 1.805094,
                    "2015-01-26T09:45:00": 1.541538,
                    "2015-01-26T10:00:00": 2.0415773,
                    "2015-01-26T10:15:00": 1.6526289,
                    "2015-01-26T10:30:00": 1.3017378,
                    "2015-01-26T10:45:00": 0.9876225,
                    "2015-01-26T11:00:00": 1.0868523,
                    "2015-01-26T11:15:00": 1.1215426,
                    "2015-01-26T11:30:00": 1.1370012,
                    "2015-01-26T11:45:00": 1.6237899,
                    "2015-01-26T12:00:00": 1.7368512,
                    "2015-01-26T12:15:00": 1.8870747,
                    "2015-01-26T12:30:00": 1.7998595,
                    "2015-01-26T12:45:00": 1.7448097,
                    "2015-01-26T13:00:00": 1.8257031,
                    "2015-01-26T13:15:00": 2.0541058,
                    "2015-01-26T13:30:00": 1.6483303,
                    "2015-01-26T13:45:00": 1.7004954,
                    "2015-01-26T14:00:00": 1.9350947,
                    "2015-01-26T14:15:00": 2.049584,
                    "2015-01-26T14:30:00": 1.6664027,
                    "2015-01-26T14:45:00": 1.6636258,
                    "2015-01-26T15:00:00": 1.8352865,
                    "2015-01-26T15:15:00": 2.3430421,
                    "2015-01-26T15:30:00": 2.3673184,
                    "2015-01-26T15:45:00": 2.4673667,
                    "2015-01-26T16:00:00": 2.870514,
                    "2015-01-26T16:15:00": 2.1018858,
                    "2015-01-26T16:30:00": 1.7845256,
                    "2015-01-26T16:45:00": 1.4178207,
                    "2015-01-26T17:00:00": 1.5318443,
                    "2015-01-26T17:15:00": 1.6028087,
                    "2015-01-26T17:30:00": 2.3430781,
                    "2015-01-26T17:45:00": 2.5887032,
                    "2015-01-26T18:00:00": 2.281908,
                    "2015-01-26T18:15:00": 2.0832326,
                    "2015-01-26T18:30:00": 1.9437541,
                    "2015-01-26T18:45:00": 2.1439512,
                    "2015-01-26T19:00:00": 1.6782109,
                    "2015-01-26T19:15:00": 1.4540108,
                    "2015-01-26T19:30:00": 1.6039344,
                    "2015-01-26T19:45:00": 1.506903,
                    "2015-01-26T20:00:00": 1.7840456,
                    "2015-01-26T20:15:00": 2.0113993,
                    "2015-01-26T20:30:00": 1.9577799,
                    "2015-01-26T20:45:00": 2.064133,
                    "2015-01-26T21:00:00": 1.6040375,
                    "2015-01-26T21:15:00": 1.545023,
                    "2015-01-26T21:30:00": 1.5329003,
                    "2015-01-26T21:45:00": 1.5772291,
                    "2015-01-26T22:00:00": 1.7357831,
                    "2015-01-26T22:15:00": 2.1763806,
                    "2015-01-26T22:30:00": 2.164006,
                    "2015-01-26T22:45:00": 2.7633832,
                    "2015-01-26T23:00:00": 2.7858667,
                    "2015-01-26T23:15:00": 2.9405568,
                    "2015-01-26T23:30:00": 3.4143996,
                    "2015-01-26T23:45:00": 3.612744,
                    "2015-01-27T00:00:00": 3.419615,
                    "2015-01-27T00:15:00": 3.1992526,
                    "2015-01-27T00:30:00": 3.3084474,
                    "2015-01-27T00:45:00": 2.7141294,
                    "2015-01-27T01:00:00": 2.2775233,
                    "2015-01-27T01:15:00": 2.2958453,
                    "2015-01-27T01:30:00": 2.8018415,
                    "2015-01-27T01:45:00": 3.0484028,
                    "2015-01-27T02:00:00": 3.3629715
                }
            },
            "geometry": {
                "type": "LineString",
                "coordinates": [
                    [
                        114.10542576,
                        22.54029656
                    ],
                    [
                        114.10540578,
                        22.54037657
                    ],
                    [
                        114.10536582,
                        22.54040658
                    ],
                    [
                        114.10531578,
                        22.54042656
                    ],
                    [
                        114.1052256,
                        22.54044659
                    ]
                ]
            }
        },
        {
            "type": "Feature",
            "properties": {
                "Id": "95070",
                "道路序": 44,
                "speeds": {
                    "2015-01-26T02:15:00": 9.297097,
                    "2015-01-26T02:30:00": 9.057074,
                    "2015-01-26T02:45:00": 8.64945,
                    "2015-01-26T03:00:00": 8.777589,
                    "2015-01-26T03:15:00": 8.923632,
                    "2015-01-26T03:30:00": 9.001085,
                    "2015-01-26T03:45:00": 8.846748,
                    "2015-01-26T04:00:00": 8.771771,
                    "2015-01-26T04:15:00": 8.989402,
                    "2015-01-26T04:30:00": 9.031917,
                    "2015-01-26T04:45:00": 9.059455,
                    "2015-01-26T05:00:00": 8.783123,
                    "2015-01-26T05:15:00": 8.749167,
                    "2015-01-26T05:30:00": 8.234013,
                    "2015-01-26T05:45:00": 7.9201827,
                    "2015-01-26T06:00:00": 7.782675,
                    "2015-01-26T06:15:00": 7.9570956,
                    "2015-01-26T06:30:00": 7.7678475,
                    "2015-01-26T06:45:00": 7.938082,
                    "2015-01-26T07:00:00": 8.138419,
                    "2015-01-26T07:15:00": 8.358301,
                    "2015-01-26T07:30:00": 8.216156,
                    "2015-01-26T07:45:00": 8.626688,
                    "2015-01-26T08:00:00": 8.64525,
                    "2015-01-26T08:15:00": 8.773648,
                    "2015-01-26T08:30:00": 8.916316,
                    "2015-01-26T08:45:00": 8.503768,
                    "2015-01-26T09:00:00": 7.8767323,
                    "2015-01-26T09:15:00": 8.125905,
                    "2015-01-26T09:30:00": 8.065894,
                    "2015-01-26T09:45:00": 7.724138,
                    "2015-01-26T10:00:00": 8.009018,
                    "2015-01-26T10:15:00": 7.7822714,
                    "2015-01-26T10:30:00": 7.878883,
                    "2015-01-26T10:45:00": 7.16572,
                    "2015-01-26T11:00:00": 7.3590097,
                    "2015-01-26T11:15:00": 7.448229,
                    "2015-01-26T11:30:00": 7.5082493,
                    "2015-01-26T11:45:00": 7.870939,
                    "2015-01-26T12:00:00": 8.051811,
                    "2015-01-26T12:15:00": 8.27128,
                    "2015-01-26T12:30:00": 8.464455,
                    "2015-01-26T12:45:00": 8.207185,
                    "2015-01-26T13:00:00": 8.3074875,
                    "2015-01-26T13:15:00": 8.464157,
                    "2015-01-26T13:30:00": 9.140744,
                    "2015-01-26T13:45:00": 8.9078245,
                    "2015-01-26T14:00:00": 8.833346,
                    "2015-01-26T14:15:00": 9.238814,
                    "2015-01-26T14:30:00": 8.578913,
                    "2015-01-26T14:45:00": 8.649047,
                    "2015-01-26T15:00:00": 8.6550665,
                    "2015-01-26T15:15:00": 8.740234,
                    "2015-01-26T15:30:00": 8.386713,
                    "2015-01-26T15:45:00": 8.296519,
                    "2015-01-26T16:00:00": 8.342921,
                    "2015-01-26T16:15:00": 8.2381115,
                    "2015-01-26T16:30:00": 8.466807,
                    "2015-01-26T16:45:00": 8.337973,
                    "2015-01-26T17:00:00": 8.738712,
                    "2015-01-26T17:15:00": 9.066967,
                    "2015-01-26T17:30:00": 9.197989,
                    "2015-01-26T17:45:00": 9.051745,
                    "2015-01-26T18:00:00": 8.616987,
                    "2015-01-26T18:15:00": 8.030133,
                    "2015-01-26T18:30:00": 8.063658,
                    "2015-01-26T18:45:00": 8.442225,
                    "2015-01-26T19:00:00": 8.836951,
                    "2015-01-26T19:15:00": 9.22858,
                    "2015-01-26T19:30:00": 9.279663,
                    "2015-01-26T19:45:00": 8.95308,
                    "2015-01-26T20:00:00": 8.74311,
                    "2015-01-26T20:15:00": 8.445279,
                    "2015-01-26T20:30:00": 8.698647,
                    "2015-01-26T20:45:00": 8.843748,
                    "2015-01-26T21:00:00": 8.474568,
                    "2015-01-26T21:15:00": 8.419743,
                    "2015-01-26T21:30:00": 8.99137,
                    "2015-01-26T21:45:00": 9.375857,
                    "2015-01-26T22:00:00": 9.404393,
                    "2015-01-26T22:15:00": 9.202617,
                    "2015-01-26T22:30:00": 8.687659,
                    "2015-01-26T22:45:00": 8.69868,
                    "2015-01-26T23:00:00": 8.426938,
                    "2015-01-26T23:15:00": 8.464551,
                    "2015-01-26T23:30:00": 8.327941,
                    "2015-01-26T23:45:00": 8.353429,
                    "2015-01-27T00:00:00": 8.486257,
                    "2015-01-27T00:15:00": 8.756325,
                    "2015-01-27T00:30:00": 8.521456,
                    "2015-01-27T00:45:00": 8.585412,
                    "2015-01-27T01:00:00": 8.459679,
                    "2015-01-27T01:15:00": 8.813494,
                    "2015-01-27T01:30:00": 9.216552,
                    "2015-01-27T01:45:00": 9.400654,
                    "2015-01-27T02:00:00": 9.282572
                }
            },
            "geometry": {
                "type": "LineString",
                "coordinates": [
                    [
                        114.10554582,
                        22.53980655
                    ],
                    [
                        114.10552584,
                        22.53985659
                    ],
                    [
                        114.1054659,
                        22.54001657
                    ],
                    [
                        114.10542576,
                        22.54019657
                    ],
                    [
                        114.10542576,
                        22.54029656
                    ]
                ]
            }
        },
        {
            "type": "Feature",
            "properties": {
                "Id": "95071",
                "道路序": 45,
                "speeds": {
                    "2015-01-26T02:15:00": 6.550296,
                    "2015-01-26T02:30:00": 5.523015,
                    "2015-01-26T02:45:00": 5.2982655,
                    "2015-01-26T03:00:00": 5.696106,
                    "2015-01-26T03:15:00": 5.3631816,
                    "2015-01-26T03:30:00": 5.8386736,
                    "2015-01-26T03:45:00": 5.594282,
                    "2015-01-26T04:00:00": 6.157692,
                    "2015-01-26T04:15:00": 5.204467,
                    "2015-01-26T04:30:00": 6.2194643,
                    "2015-01-26T04:45:00": 6.998432,
                    "2015-01-26T05:00:00": 6.515447,
                    "2015-01-26T05:15:00": 6.019704,
                    "2015-01-26T05:30:00": 5.5719857,
                    "2015-01-26T05:45:00": 5.331981,
                    "2015-01-26T06:00:00": 5.414984,
                    "2015-01-26T06:15:00": 5.166354,
                    "2015-01-26T06:30:00": 4.258365,
                    "2015-01-26T06:45:00": 4.3191056,
                    "2015-01-26T07:00:00": 4.47387,
                    "2015-01-26T07:15:00": 4.190137,
                    "2015-01-26T07:30:00": 3.799184,
                    "2015-01-26T07:45:00": 3.7569313,
                    "2015-01-26T08:00:00": 4.6389303,
                    "2015-01-26T08:15:00": 4.9260907,
                    "2015-01-26T08:30:00": 5.6030755,
                    "2015-01-26T08:45:00": 5.266364,
                    "2015-01-26T09:00:00": 4.6310873,
                    "2015-01-26T09:15:00": 4.4112864,
                    "2015-01-26T09:30:00": 4.245611,
                    "2015-01-26T09:45:00": 5.2102942,
                    "2015-01-26T10:00:00": 5.1202207,
                    "2015-01-26T10:15:00": 4.9240746,
                    "2015-01-26T10:30:00": 4.558505,
                    "2015-01-26T10:45:00": 4.495182,
                    "2015-01-26T11:00:00": 4.8338714,
                    "2015-01-26T11:15:00": 5.2782154,
                    "2015-01-26T11:30:00": 5.2184258,
                    "2015-01-26T11:45:00": 4.8574495,
                    "2015-01-26T12:00:00": 4.8542237,
                    "2015-01-26T12:15:00": 4.7482715,
                    "2015-01-26T12:30:00": 4.359215,
                    "2015-01-26T12:45:00": 4.123142,
                    "2015-01-26T13:00:00": 3.8384776,
                    "2015-01-26T13:15:00": 3.4321673,
                    "2015-01-26T13:30:00": 3.4868522,
                    "2015-01-26T13:45:00": 3.638079,
                    "2015-01-26T14:00:00": 3.4674695,
                    "2015-01-26T14:15:00": 3.2062294,
                    "2015-01-26T14:30:00": 3.5197856,
                    "2015-01-26T14:45:00": 4.0007997,
                    "2015-01-26T15:00:00": 4.501125,
                    "2015-01-26T15:15:00": 4.8176374,
                    "2015-01-26T15:30:00": 5.202336,
                    "2015-01-26T15:45:00": 5.4792285,
                    "2015-01-26T16:00:00": 4.836555,
                    "2015-01-26T16:15:00": 4.6680527,
                    "2015-01-26T16:30:00": 4.0200815,
                    "2015-01-26T16:45:00": 4.2045536,
                    "2015-01-26T17:00:00": 3.697787,
                    "2015-01-26T17:15:00": 4.6561913,
                    "2015-01-26T17:30:00": 5.2493815,
                    "2015-01-26T17:45:00": 5.053048,
                    "2015-01-26T18:00:00": 4.7984324,
                    "2015-01-26T18:15:00": 4.232435,
                    "2015-01-26T18:30:00": 4.83499,
                    "2015-01-26T18:45:00": 4.994132,
                    "2015-01-26T19:00:00": 4.894036,
                    "2015-01-26T19:15:00": 4.4340963,
                    "2015-01-26T19:30:00": 4.1455607,
                    "2015-01-26T19:45:00": 4.536535,
                    "2015-01-26T20:00:00": 4.6007795,
                    "2015-01-26T20:15:00": 4.9956822,
                    "2015-01-26T20:30:00": 4.5192933,
                    "2015-01-26T20:45:00": 4.325226,
                    "2015-01-26T21:00:00": 3.6207554,
                    "2015-01-26T21:15:00": 3.6682906,
                    "2015-01-26T21:30:00": 3.4374568,
                    "2015-01-26T21:45:00": 3.2331028,
                    "2015-01-26T22:00:00": 3.273781,
                    "2015-01-26T22:15:00": 3.204768,
                    "2015-01-26T22:30:00": 3.253772,
                    "2015-01-26T22:45:00": 3.321417,
                    "2015-01-26T23:00:00": 3.6147985,
                    "2015-01-26T23:15:00": 3.9202232,
                    "2015-01-26T23:30:00": 4.6953506,
                    "2015-01-26T23:45:00": 4.3037834,
                    "2015-01-27T00:00:00": 4.6215734,
                    "2015-01-27T00:15:00": 4.94052,
                    "2015-01-27T00:30:00": 4.798092,
                    "2015-01-27T00:45:00": 4.858784,
                    "2015-01-27T01:00:00": 4.948354,
                    "2015-01-27T01:15:00": 5.5069685,
                    "2015-01-27T01:30:00": 5.686573,
                    "2015-01-27T01:45:00": 6.3137093,
                    "2015-01-27T02:00:00": 6.658053
                }
            },
            "geometry": {
                "type": "LineString",
                "coordinates": [
                    [
                        114.10575606,
                        22.53946658
                    ],
                    [
                        114.10566588,
                        22.53957656
                    ],
                    [
                        114.10560594,
                        22.53967659
                    ],
                    [
                        114.10554582,
                        22.53980655
                    ]
                ]
            }
        },
        {
            "type": "Feature",
            "properties": {
                "Id": "95072",
                "道路序": 46,
                "speeds": {
                    "2015-01-26T02:15:00": 7.950068,
                    "2015-01-26T02:30:00": 7.171115,
                    "2015-01-26T02:45:00": 6.7358866,
                    "2015-01-26T03:00:00": 6.7496963,
                    "2015-01-26T03:15:00": 7.077187,
                    "2015-01-26T03:30:00": 6.8823466,
                    "2015-01-26T03:45:00": 6.816096,
                    "2015-01-26T04:00:00": 6.787823,
                    "2015-01-26T04:15:00": 7.095797,
                    "2015-01-26T04:30:00": 7.567943,
                    "2015-01-26T04:45:00": 8.127144,
                    "2015-01-26T05:00:00": 7.9561596,
                    "2015-01-26T05:15:00": 7.109914,
                    "2015-01-26T05:30:00": 6.7796345,
                    "2015-01-26T05:45:00": 6.532334,
                    "2015-01-26T06:00:00": 6.3774543,
                    "2015-01-26T06:15:00": 5.8078523,
                    "2015-01-26T06:30:00": 5.201294,
                    "2015-01-26T06:45:00": 5.361809,
                    "2015-01-26T07:00:00": 5.382819,
                    "2015-01-26T07:15:00": 5.0883913,
                    "2015-01-26T07:30:00": 4.898956,
                    "2015-01-26T07:45:00": 4.880826,
                    "2015-01-26T08:00:00": 5.4084225,
                    "2015-01-26T08:15:00": 5.8025527,
                    "2015-01-26T08:30:00": 6.167057,
                    "2015-01-26T08:45:00": 6.226636,
                    "2015-01-26T09:00:00": 5.668933,
                    "2015-01-26T09:15:00": 5.088996,
                    "2015-01-26T09:30:00": 4.9920344,
                    "2015-01-26T09:45:00": 5.5557756,
                    "2015-01-26T10:00:00": 5.808812,
                    "2015-01-26T10:15:00": 5.212766,
                    "2015-01-26T10:30:00": 4.8288555,
                    "2015-01-26T10:45:00": 5.03872,
                    "2015-01-26T11:00:00": 5.716473,
                    "2015-01-26T11:15:00": 5.8133483,
                    "2015-01-26T11:30:00": 5.4751773,
                    "2015-01-26T11:45:00": 5.688354,
                    "2015-01-26T12:00:00": 6.2413526,
                    "2015-01-26T12:15:00": 6.4131813,
                    "2015-01-26T12:30:00": 5.618306,
                    "2015-01-26T12:45:00": 5.109329,
                    "2015-01-26T13:00:00": 4.985439,
                    "2015-01-26T13:15:00": 5.599807,
                    "2015-01-26T13:30:00": 5.1022635,
                    "2015-01-26T13:45:00": 4.984719,
                    "2015-01-26T14:00:00": 5.418498,
                    "2015-01-26T14:15:00": 5.382104,
                    "2015-01-26T14:30:00": 5.4222517,
                    "2015-01-26T14:45:00": 5.287062,
                    "2015-01-26T15:00:00": 6.1610475,
                    "2015-01-26T15:15:00": 6.664586,
                    "2015-01-26T15:30:00": 7.0072546,
                    "2015-01-26T15:45:00": 7.3683076,
                    "2015-01-26T16:00:00": 7.4255147,
                    "2015-01-26T16:15:00": 6.854828,
                    "2015-01-26T16:30:00": 6.4170938,
                    "2015-01-26T16:45:00": 6.3280425,
                    "2015-01-26T17:00:00": 6.117328,
                    "2015-01-26T17:15:00": 6.675151,
                    "2015-01-26T17:30:00": 7.038417,
                    "2015-01-26T17:45:00": 7.0864367,
                    "2015-01-26T18:00:00": 7.065945,
                    "2015-01-26T18:15:00": 6.912683,
                    "2015-01-26T18:30:00": 7.3438125,
                    "2015-01-26T18:45:00": 7.435547,
                    "2015-01-26T19:00:00": 6.8088717,
                    "2015-01-26T19:15:00": 6.5066533,
                    "2015-01-26T19:30:00": 6.5748677,
                    "2015-01-26T19:45:00": 6.6280427,
                    "2015-01-26T20:00:00": 6.4822307,
                    "2015-01-26T20:15:00": 6.017515,
                    "2015-01-26T20:30:00": 6.1279845,
                    "2015-01-26T20:45:00": 6.317444,
                    "2015-01-26T21:00:00": 5.888143,
                    "2015-01-26T21:15:00": 5.7424703,
                    "2015-01-26T21:30:00": 5.1319327,
                    "2015-01-26T21:45:00": 4.9940023,
                    "2015-01-26T22:00:00": 5.3111105,
                    "2015-01-26T22:15:00": 5.230224,
                    "2015-01-26T22:30:00": 5.1860538,
                    "2015-01-26T22:45:00": 5.2825694,
                    "2015-01-26T23:00:00": 5.250202,
                    "2015-01-26T23:15:00": 5.726947,
                    "2015-01-26T23:30:00": 6.2065716,
                    "2015-01-26T23:45:00": 6.327745,
                    "2015-01-27T00:00:00": 6.233159,
                    "2015-01-27T00:15:00": 6.2278023,
                    "2015-01-27T00:30:00": 6.4885187,
                    "2015-01-27T00:45:00": 6.4255896,
                    "2015-01-27T01:00:00": 6.3086596,
                    "2015-01-27T01:15:00": 6.688154,
                    "2015-01-27T01:30:00": 7.4940314,
                    "2015-01-27T01:45:00": 7.7668586,
                    "2015-01-27T02:00:00": 8.107521
                }
            },
            "geometry": {
                "type": "LineString",
                "coordinates": [
                    [
                        114.10605612,
                        22.53920652
                    ],
                    [
                        114.10578594,
                        22.53943656
                    ],
                    [
                        114.10575606,
                        22.53946658
                    ]
                ]
            }
        },
        {
            "type": "Feature",
            "properties": {
                "Id": "95073",
                "道路序": 47,
                "speeds": {
                    "2015-01-26T02:15:00": 5.6689043,
                    "2015-01-26T02:30:00": 4.858736,
                    "2015-01-26T02:45:00": 4.6101203,
                    "2015-01-26T03:00:00": 4.8223753,
                    "2015-01-26T03:15:00": 4.7473598,
                    "2015-01-26T03:30:00": 4.7848625,
                    "2015-01-26T03:45:00": 4.676933,
                    "2015-01-26T04:00:00": 4.6293445,
                    "2015-01-26T04:15:00": 3.9161096,
                    "2015-01-26T04:30:00": 5.224891,
                    "2015-01-26T04:45:00": 5.8564916,
                    "2015-01-26T05:00:00": 5.265303,
                    "2015-01-26T05:15:00": 4.66391,
                    "2015-01-26T05:30:00": 4.533386,
                    "2015-01-26T05:45:00": 4.3186593,
                    "2015-01-26T06:00:00": 3.9383123,
                    "2015-01-26T06:15:00": 4.1788783,
                    "2015-01-26T06:30:00": 3.2965288,
                    "2015-01-26T06:45:00": 3.237214,
                    "2015-01-26T07:00:00": 3.1360283,
                    "2015-01-26T07:15:00": 2.9937296,
                    "2015-01-26T07:30:00": 2.5813806,
                    "2015-01-26T07:45:00": 2.2742543,
                    "2015-01-26T08:00:00": 2.894963,
                    "2015-01-26T08:15:00": 3.3406775,
                    "2015-01-26T08:30:00": 4.018404,
                    "2015-01-26T08:45:00": 3.4654942,
                    "2015-01-26T09:00:00": 2.7615087,
                    "2015-01-26T09:15:00": 2.4107568,
                    "2015-01-26T09:30:00": 2.1126642,
                    "2015-01-26T09:45:00": 2.98736,
                    "2015-01-26T10:00:00": 2.9524922,
                    "2015-01-26T10:15:00": 2.365857,
                    "2015-01-26T10:30:00": 1.6050336,
                    "2015-01-26T10:45:00": 1.602456,
                    "2015-01-26T11:00:00": 2.107809,
                    "2015-01-26T11:15:00": 2.5270774,
                    "2015-01-26T11:30:00": 2.6507516,
                    "2015-01-26T11:45:00": 2.2472396,
                    "2015-01-26T12:00:00": 2.9216084,
                    "2015-01-26T12:15:00": 3.1736417,
                    "2015-01-26T12:30:00": 2.83165,
                    "2015-01-26T12:45:00": 2.3715522,
                    "2015-01-26T13:00:00": 1.9613416,
                    "2015-01-26T13:15:00": 2.353991,
                    "2015-01-26T13:30:00": 2.1228068,
                    "2015-01-26T13:45:00": 1.7464465,
                    "2015-01-26T14:00:00": 2.0451944,
                    "2015-01-26T14:15:00": 1.3193733,
                    "2015-01-26T14:30:00": 1.9284514,
                    "2015-01-26T14:45:00": 1.6704948,
                    "2015-01-26T15:00:00": 2.5654948,
                    "2015-01-26T15:15:00": 2.666587,
                    "2015-01-26T15:30:00": 2.608523,
                    "2015-01-26T15:45:00": 2.9518561,
                    "2015-01-26T16:00:00": 2.8179026,
                    "2015-01-26T16:15:00": 2.91389,
                    "2015-01-26T16:30:00": 2.6136348,
                    "2015-01-26T16:45:00": 3.0428345,
                    "2015-01-26T17:00:00": 2.3103223,
                    "2015-01-26T17:15:00": 3.8841696,
                    "2015-01-26T17:30:00": 4.1840696,
                    "2015-01-26T17:45:00": 3.7611794,
                    "2015-01-26T18:00:00": 3.4604852,
                    "2015-01-26T18:15:00": 3.1111085,
                    "2015-01-26T18:30:00": 3.952355,
                    "2015-01-26T18:45:00": 4.053459,
                    "2015-01-26T19:00:00": 4.0722756,
                    "2015-01-26T19:15:00": 3.0320055,
                    "2015-01-26T19:30:00": 2.8755803,
                    "2015-01-26T19:45:00": 3.4269326,
                    "2015-01-26T20:00:00": 3.3865016,
                    "2015-01-26T20:15:00": 3.4323976,
                    "2015-01-26T20:30:00": 3.086225,
                    "2015-01-26T20:45:00": 2.8271332,
                    "2015-01-26T21:00:00": 2.3135839,
                    "2015-01-26T21:15:00": 2.3657537,
                    "2015-01-26T21:30:00": 2.1670518,
                    "2015-01-26T21:45:00": 1.7531259,
                    "2015-01-26T22:00:00": 2.1116636,
                    "2015-01-26T22:15:00": 1.6708164,
                    "2015-01-26T22:30:00": 1.7673221,
                    "2015-01-26T22:45:00": 1.3693758,
                    "2015-01-26T23:00:00": 1.8848907,
                    "2015-01-26T23:15:00": 2.1991835,
                    "2015-01-26T23:30:00": 3.0940924,
                    "2015-01-26T23:45:00": 3.1579192,
                    "2015-01-27T00:00:00": 2.7792282,
                    "2015-01-27T00:15:00": 3.446853,
                    "2015-01-27T00:30:00": 3.6981184,
                    "2015-01-27T00:45:00": 3.773602,
                    "2015-01-27T01:00:00": 3.7851439,
                    "2015-01-27T01:15:00": 4.0464845,
                    "2015-01-27T01:30:00": 4.5965743,
                    "2015-01-27T01:45:00": 4.9769573,
                    "2015-01-27T02:00:00": 5.3597784
                }
            },
            "geometry": {
                "type": "LineString",
                "coordinates": [
                    [
                        114.10644636,
                        22.53912647
                    ],
                    [
                        114.10636626,
                        22.53902648
                    ]
                ]
            }
        },
        {
            "type": "Feature",
            "properties": {
                "Id": "95075",
                "道路序": 48,
                "speeds": {
                    "2015-01-26T02:15:00": 9.354204,
                    "2015-01-26T02:30:00": 7.035604,
                    "2015-01-26T02:45:00": 7.1558843,
                    "2015-01-26T03:00:00": 8.345624,
                    "2015-01-26T03:15:00": 7.421646,
                    "2015-01-26T03:30:00": 8.289636,
                    "2015-01-26T03:45:00": 7.393618,
                    "2015-01-26T04:00:00": 8.485926,
                    "2015-01-26T04:15:00": 7.252856,
                    "2015-01-26T04:30:00": 8.372524,
                    "2015-01-26T04:45:00": 8.945184,
                    "2015-01-26T05:00:00": 7.8895297,
                    "2015-01-26T05:15:00": 7.539248,
                    "2015-01-26T05:30:00": 7.4351916,
                    "2015-01-26T05:45:00": 7.523753,
                    "2015-01-26T06:00:00": 9.237797,
                    "2015-01-26T06:15:00": 8.87323,
                    "2015-01-26T06:30:00": 8.061646,
                    "2015-01-26T06:45:00": 8.406619,
                    "2015-01-26T07:00:00": 8.7628765,
                    "2015-01-26T07:15:00": 8.8112755,
                    "2015-01-26T07:30:00": 9.114488,
                    "2015-01-26T07:45:00": 8.586823,
                    "2015-01-26T08:00:00": 9.174926,
                    "2015-01-26T08:15:00": 9.244176,
                    "2015-01-26T08:30:00": 9.43988,
                    "2015-01-26T08:45:00": 9.353825,
                    "2015-01-26T09:00:00": 9.029152,
                    "2015-01-26T09:15:00": 8.388973,
                    "2015-01-26T09:30:00": 8.1307535,
                    "2015-01-26T09:45:00": 9.814047,
                    "2015-01-26T10:00:00": 8.590923,
                    "2015-01-26T10:15:00": 7.61387,
                    "2015-01-26T10:30:00": 7.719933,
                    "2015-01-26T10:45:00": 7.627186,
                    "2015-01-26T11:00:00": 7.666772,
                    "2015-01-26T11:15:00": 8.657966,
                    "2015-01-26T11:30:00": 6.928135,
                    "2015-01-26T11:45:00": 8.014327,
                    "2015-01-26T12:00:00": 7.3801637,
                    "2015-01-26T12:15:00": 6.4497004,
                    "2015-01-26T12:30:00": 5.7818213,
                    "2015-01-26T12:45:00": 6.656608,
                    "2015-01-26T13:00:00": 7.2293787,
                    "2015-01-26T13:15:00": 4.8919573,
                    "2015-01-26T13:30:00": 4.5987296,
                    "2015-01-26T13:45:00": 5.7604656,
                    "2015-01-26T14:00:00": 5.9267793,
                    "2015-01-26T14:15:00": 5.05036,
                    "2015-01-26T14:30:00": 4.0917087,
                    "2015-01-26T14:45:00": 5.116342,
                    "2015-01-26T15:00:00": 4.9632096,
                    "2015-01-26T15:15:00": 4.242443,
                    "2015-01-26T15:30:00": 4.8260283,
                    "2015-01-26T15:45:00": 5.254071,
                    "2015-01-26T16:00:00": 4.741182,
                    "2015-01-26T16:15:00": 4.9987545,
                    "2015-01-26T16:30:00": 4.8037653,
                    "2015-01-26T16:45:00": 4.473433,
                    "2015-01-26T17:00:00": 5.1021867,
                    "2015-01-26T17:15:00": 6.470043,
                    "2015-01-26T17:30:00": 6.9171424,
                    "2015-01-26T17:45:00": 6.7890234,
                    "2015-01-26T18:00:00": 6.944258,
                    "2015-01-26T18:15:00": 5.385296,
                    "2015-01-26T18:30:00": 6.0390773,
                    "2015-01-26T18:45:00": 7.558511,
                    "2015-01-26T19:00:00": 6.6861625,
                    "2015-01-26T19:15:00": 7.0422664,
                    "2015-01-26T19:30:00": 6.0731,
                    "2015-01-26T19:45:00": 6.5703363,
                    "2015-01-26T20:00:00": 6.140431,
                    "2015-01-26T20:15:00": 6.5898294,
                    "2015-01-26T20:30:00": 5.8598757,
                    "2015-01-26T20:45:00": 5.8991017,
                    "2015-01-26T21:00:00": 5.0564995,
                    "2015-01-26T21:15:00": 5.759429,
                    "2015-01-26T21:30:00": 4.701773,
                    "2015-01-26T21:45:00": 4.6432505,
                    "2015-01-26T22:00:00": 5.022976,
                    "2015-01-26T22:15:00": 4.3418965,
                    "2015-01-26T22:30:00": 4.396238,
                    "2015-01-26T22:45:00": 4.554708,
                    "2015-01-26T23:00:00": 4.799124,
                    "2015-01-26T23:15:00": 6.0047183,
                    "2015-01-26T23:30:00": 7.3486366,
                    "2015-01-26T23:45:00": 5.932966,
                    "2015-01-27T00:00:00": 8.485316,
                    "2015-01-27T00:15:00": 9.633372,
                    "2015-01-27T00:30:00": 9.5794,
                    "2015-01-27T00:45:00": 8.37646,
                    "2015-01-27T01:00:00": 6.996651,
                    "2015-01-27T01:15:00": 8.265425,
                    "2015-01-27T01:30:00": 8.728614,
                    "2015-01-27T01:45:00": 8.887986,
                    "2015-01-27T02:00:00": 9.341992
                }
            },
            "geometry": {
                "type": "LineString",
                "coordinates": [
                    [
                        114.10636626,
                        22.53902648
                    ],
                    [
                        114.10620624,
                        22.53880652
                    ],
                    [
                        114.10605612,
                        22.53865658
                    ]
                ]
            }
        },
        {
            "type": "Feature",
            "properties": {
                "Id": "95501",
                "道路序": 49,
                "speeds": {
                    "2015-01-26T02:15:00": 15.478485,
                    "2015-01-26T02:30:00": 15.31052,
                    "2015-01-26T02:45:00": 15.852734,
                    "2015-01-26T03:00:00": 16.177935,
                    "2015-01-26T03:15:00": 16.3108,
                    "2015-01-26T03:30:00": 15.6376505,
                    "2015-01-26T03:45:00": 15.62771,
                    "2015-01-26T04:00:00": 15.482527,
                    "2015-01-26T04:15:00": 16.255413,
                    "2015-01-26T04:30:00": 15.923079,
                    "2015-01-26T04:45:00": 15.384139,
                    "2015-01-26T05:00:00": 14.792572,
                    "2015-01-26T05:15:00": 14.637385,
                    "2015-01-26T05:30:00": 15.307597,
                    "2015-01-26T05:45:00": 15.391181,
                    "2015-01-26T06:00:00": 16.427126,
                    "2015-01-26T06:15:00": 16.055853,
                    "2015-01-26T06:30:00": 15.465553,
                    "2015-01-26T06:45:00": 14.891367,
                    "2015-01-26T07:00:00": 15.596629,
                    "2015-01-26T07:15:00": 15.0194,
                    "2015-01-26T07:30:00": 15.050221,
                    "2015-01-26T07:45:00": 15.689041,
                    "2015-01-26T08:00:00": 14.849573,
                    "2015-01-26T08:15:00": 13.911223,
                    "2015-01-26T08:30:00": 12.920413,
                    "2015-01-26T08:45:00": 13.726703,
                    "2015-01-26T09:00:00": 13.58246,
                    "2015-01-26T09:15:00": 12.435868,
                    "2015-01-26T09:30:00": 11.322983,
                    "2015-01-26T09:45:00": 10.944448,
                    "2015-01-26T10:00:00": 11.314175,
                    "2015-01-26T10:15:00": 11.721002,
                    "2015-01-26T10:30:00": 11.804869,
                    "2015-01-26T10:45:00": 12.326907,
                    "2015-01-26T11:00:00": 12.878638,
                    "2015-01-26T11:15:00": 13.747069,
                    "2015-01-26T11:30:00": 14.052821,
                    "2015-01-26T11:45:00": 14.505267,
                    "2015-01-26T12:00:00": 14.78518,
                    "2015-01-26T12:15:00": 14.887383,
                    "2015-01-26T12:30:00": 15.600666,
                    "2015-01-26T12:45:00": 15.295453,
                    "2015-01-26T13:00:00": 15.348144,
                    "2015-01-26T13:15:00": 15.120543,
                    "2015-01-26T13:30:00": 16.350195,
                    "2015-01-26T13:45:00": 15.788263,
                    "2015-01-26T14:00:00": 16.926651,
                    "2015-01-26T14:15:00": 16.399622,
                    "2015-01-26T14:30:00": 15.193441,
                    "2015-01-26T14:45:00": 14.83429,
                    "2015-01-26T15:00:00": 14.043182,
                    "2015-01-26T15:15:00": 13.476172,
                    "2015-01-26T15:30:00": 12.692731,
                    "2015-01-26T15:45:00": 12.715469,
                    "2015-01-26T16:00:00": 13.899626,
                    "2015-01-26T16:15:00": 14.541254,
                    "2015-01-26T16:30:00": 15.125885,
                    "2015-01-26T16:45:00": 15.799726,
                    "2015-01-26T17:00:00": 15.569831,
                    "2015-01-26T17:15:00": 15.533475,
                    "2015-01-26T17:30:00": 15.351033,
                    "2015-01-26T17:45:00": 15.32722,
                    "2015-01-26T18:00:00": 15.280942,
                    "2015-01-26T18:15:00": 14.963609,
                    "2015-01-26T18:30:00": 17.764122,
                    "2015-01-26T18:45:00": 17.254652,
                    "2015-01-26T19:00:00": 16.368584,
                    "2015-01-26T19:15:00": 14.600583,
                    "2015-01-26T19:30:00": 14.959067,
                    "2015-01-26T19:45:00": 14.759058,
                    "2015-01-26T20:00:00": 14.448948,
                    "2015-01-26T20:15:00": 15.896572,
                    "2015-01-26T20:30:00": 15.357474,
                    "2015-01-26T20:45:00": 15.987755,
                    "2015-01-26T21:00:00": 16.07206,
                    "2015-01-26T21:15:00": 16.249638,
                    "2015-01-26T21:30:00": 16.73498,
                    "2015-01-26T21:45:00": 15.984808,
                    "2015-01-26T22:00:00": 15.104447,
                    "2015-01-26T22:15:00": 14.716241,
                    "2015-01-26T22:30:00": 14.267611,
                    "2015-01-26T22:45:00": 14.890359,
                    "2015-01-26T23:00:00": 14.419168,
                    "2015-01-26T23:15:00": 14.507212,
                    "2015-01-26T23:30:00": 14.578392,
                    "2015-01-26T23:45:00": 14.735614,
                    "2015-01-27T00:00:00": 15.344471,
                    "2015-01-27T00:15:00": 15.350861,
                    "2015-01-27T00:30:00": 14.974519,
                    "2015-01-27T00:45:00": 15.745687,
                    "2015-01-27T01:00:00": 15.229221,
                    "2015-01-27T01:15:00": 14.450138,
                    "2015-01-27T01:30:00": 14.692782,
                    "2015-01-27T01:45:00": 14.412434,
                    "2015-01-27T02:00:00": 14.527881
                }
            },
            "geometry": {
                "type": "LineString",
                "coordinates": [
                    [
                        114.1062363,
                        22.53905649
                    ],
                    [
                        114.10619616,
                        22.5390965
                    ]
                ]
            }
        },
        {
            "type": "Feature",
            "properties": {
                "Id": "95502",
                "道路序": 50,
                "speeds": {
                    "2015-01-26T02:15:00": 1.5422989,
                    "2015-01-26T02:30:00": 1.4425099,
                    "2015-01-26T02:45:00": 1.2131929,
                    "2015-01-26T03:00:00": 1.5096511,
                    "2015-01-26T03:15:00": 2.3838835,
                    "2015-01-26T03:30:00": 2.2392905,
                    "2015-01-26T03:45:00": 2.0919616,
                    "2015-01-26T04:00:00": 0.93863285,
                    "2015-01-26T04:15:00": 1.1392981,
                    "2015-01-26T04:30:00": 1.4602822,
                    "2015-01-26T04:45:00": 1.6470319,
                    "2015-01-26T05:00:00": 1.9343411,
                    "2015-01-26T05:15:00": 2.1730325,
                    "2015-01-26T05:30:00": 2.6283088,
                    "2015-01-26T05:45:00": 2.299318,
                    "2015-01-26T06:00:00": 2.2715783,
                    "2015-01-26T06:15:00": 1.6606474,
                    "2015-01-26T06:30:00": 1.1356164,
                    "2015-01-26T06:45:00": 0.7126664,
                    "2015-01-26T07:00:00": 0.8550369,
                    "2015-01-26T07:15:00": 1.1148272,
                    "2015-01-26T07:30:00": 0.6904492,
                    "2015-01-26T07:45:00": 1.391641,
                    "2015-01-26T08:00:00": 0.85551935,
                    "2015-01-26T08:15:00": 0.1002666,
                    "2015-01-26T08:30:00": 0.902565,
                    "2015-01-26T08:45:00": 0.86187226,
                    "2015-01-26T09:00:00": 0.45288813,
                    "2015-01-26T09:15:00": 0.39394066,
                    "2015-01-26T09:30:00": 0.8300645,
                    "2015-01-26T09:45:00": 1.3231894,
                    "2015-01-26T10:00:00": 1.6813238,
                    "2015-01-26T10:15:00": 1.5326627,
                    "2015-01-26T10:30:00": 1.0228504,
                    "2015-01-26T10:45:00": 0.76574576,
                    "2015-01-26T11:00:00": 0.23852108,
                    "2015-01-26T11:15:00": 0.99989396,
                    "2015-01-26T11:30:00": 1.6367981,
                    "2015-01-26T11:45:00": 2.3284905,
                    "2015-01-26T12:00:00": 2.4305668,
                    "2015-01-26T12:15:00": 2.5622475,
                    "2015-01-26T12:30:00": 2.531448,
                    "2015-01-26T12:45:00": 1.7737446,
                    "2015-01-26T13:00:00": 1.0955981,
                    "2015-01-26T13:15:00": 0.4961561,
                    "2015-01-26T13:30:00": 0.066713996,
                    "2015-01-26T13:45:00": 0.6955805,
                    "2015-01-26T14:00:00": 0.017453114,
                    "2015-01-26T14:15:00": 0.36652258,
                    "2015-01-26T14:30:00": 0.344591,
                    "2015-01-26T14:45:00": 0.4128482,
                    "2015-01-26T15:00:00": 1.013999,
                    "2015-01-26T15:15:00": 2.8427765,
                    "2015-01-26T15:30:00": 3.5807395,
                    "2015-01-26T15:45:00": 2.6024818,
                    "2015-01-26T16:00:00": 2.034375,
                    "2015-01-26T16:15:00": 1.0953989,
                    "2015-01-26T16:30:00": 0.87864137,
                    "2015-01-26T16:45:00": 1.2731245,
                    "2015-01-26T17:00:00": 1.1253394,
                    "2015-01-26T17:15:00": 1.0762345,
                    "2015-01-26T17:30:00": 0.7672626,
                    "2015-01-26T17:45:00": 1.4647535,
                    "2015-01-26T18:00:00": 1.5687641,
                    "2015-01-26T18:15:00": 1.0505085,
                    "2015-01-26T18:30:00": 2.852804,
                    "2015-01-26T18:45:00": 2.7836444,
                    "2015-01-26T19:00:00": 2.3481133,
                    "2015-01-26T19:15:00": 1.4559693,
                    "2015-01-26T19:30:00": 1.7007185,
                    "2015-01-26T19:45:00": 1.1113375,
                    "2015-01-26T20:00:00": 0.91735405,
                    "2015-01-26T20:15:00": 1.8323225,
                    "2015-01-26T20:30:00": 1.3509338,
                    "2015-01-26T20:45:00": 1.6172906,
                    "2015-01-26T21:00:00": 1.5768787,
                    "2015-01-26T21:15:00": 1.4078461,
                    "2015-01-26T21:30:00": 1.9235505,
                    "2015-01-26T21:45:00": 1.813775,
                    "2015-01-26T22:00:00": 1.356982,
                    "2015-01-26T22:15:00": 1.9164968,
                    "2015-01-26T22:30:00": 1.811711,
                    "2015-01-26T22:45:00": 1.8833426,
                    "2015-01-26T23:00:00": 1.7713494,
                    "2015-01-26T23:15:00": 1.3955195,
                    "2015-01-26T23:30:00": 1.5057702,
                    "2015-01-26T23:45:00": 1.4977685,
                    "2015-01-27T00:00:00": 1.2308117,
                    "2015-01-27T00:15:00": 1.1419381,
                    "2015-01-27T00:30:00": 0.5913058,
                    "2015-01-27T00:45:00": 1.1132407,
                    "2015-01-27T01:00:00": 1.0491116,
                    "2015-01-27T01:15:00": 0.9626285,
                    "2015-01-27T01:30:00": 1.4183006,
                    "2015-01-27T01:45:00": 1.4436955,
                    "2015-01-27T02:00:00": 1.4126533
                }
            },
            "geometry": {
                "type": "LineString",
                "coordinates": [
                    [
                        114.10619616,
                        22.5390965
                    ],
                    [
                        114.10605612,
                        22.53920652
                    ]
                ]
            }
        }
    ]
}